<?xml version="1.0" encoding="UTF-8"?>

<AdministrableProductDefinition xmlns="http://hl7.org/fhir">
  <id value="ap-a38f06714db0c27b2ba704652e3f08c5"/>
  <meta>
    <profile value="http://hl7.org/fhir/uv/emedicinal-product-info/StructureDefinition/AdministrableProductDefinition-uv-epi"/>
  </meta>
  <text>
    <status value="generated"/><div xmlns="http://www.w3.org/1999/xhtml"><p><b>Generated Narrative: AdministrableProductDefinition</b><a name="ap-a38f06714db0c27b2ba704652e3f08c5"> </a><a name="hcap-a38f06714db0c27b2ba704652e3f08c5"> </a></p><div style="display: inline-block; background-color: #d9e0e7; padding: 6px; margin: 4px; border: 1px solid #8da1b4; border-radius: 5px; line-height: 60%"><p style="margin-bottom: 0px">Resource AdministrableProductDefinition &quot;ap-a38f06714db0c27b2ba704652e3f08c5&quot; </p><p style="margin-bottom: 0px">Profile: <a href="https://build.fhir.org/ig/HL7/emedicinal-product-info//StructureDefinition-AdministrableProductDefinition-uv-epi.html">AdministrableProductDefinition (ePI)</a></p></div><p><b>identifier</b>: <code>https://spor.ema.europa.eu/pmswi</code>/humalog-id</p><p><b>status</b>: active</p><p><b>formOf</b>: <a href="MedicinalProductDefinition-mpd33868162d255ced115cecbbf188aab4.html">MedicinalProductDefinition/mpd33868162d255ced115cecbbf188aab4</a></p><p><b>administrableDoseForm</b>: Suspension for injection <span style="background: LightGoldenRodYellow; margin: 4px; border: 1px solid khaki"> (rmswi#100000073864)</span></p><p><b>unitOfPresentation</b>: Pen <span style="background: LightGoldenRodYellow; margin: 4px; border: 1px solid khaki"> (rmswi#200000002135)</span></p><p><b>producedFrom</b>: <a href="ManufacturedItemDefinition-mid-a38f06714db0c27b2ba704652e3f08c5.html">ManufacturedItemDefinition/mid-a38f06714db0c27b2ba704652e3f08c5</a></p><blockquote><p><b>routeOfAdministration</b></p><p><b>code</b>: Subcutaneous use <span style="background: LightGoldenRodYellow; margin: 4px; border: 1px solid khaki"> (rmswi#100000073633)</span></p><h3>TargetSpecies</h3><table class="grid"><tr><td style="display: none">-</td><td><b>Code</b></td></tr><tr><td style="display: none">*</td><td>Human <span style="background: LightGoldenRodYellow; margin: 4px; border: 1px solid khaki"> (rmswi#100000109093)</span></td></tr></table></blockquote></div>
  </text>
  <identifier>
    <system value="https://spor.ema.europa.eu/pmswi"/>
    <value value="humalog-id"/>
  </identifier>
  <status value="active"/>
  <formOf>
    <reference value="MedicinalProductDefinition/mpd33868162d255ced115cecbbf188aab4"/>
  </formOf>
  <administrableDoseForm>
    <coding>
      <system value="https://spor.ema.europa.eu/rmswi"/>
      <code value="100000073864"/>
      <display value="Suspension for injection"/>
    </coding>
  </administrableDoseForm>
  <unitOfPresentation>
    <coding>
      <system value="https://spor.ema.europa.eu/rmswi"/>
      <code value="200000002135"/>
      <display value="Pen"/>
    </coding>
  </unitOfPresentation>
  <producedFrom>
    <reference value="ManufacturedItemDefinition/mid-a38f06714db0c27b2ba704652e3f08c5"/>
  </producedFrom>
  <routeOfAdministration>
    <code>
      <coding>
        <system value="https://spor.ema.europa.eu/rmswi"/>
        <code value="100000073633"/>
        <display value="Subcutaneous use"/>
      </coding>
    </code>
    <targetSpecies>
      <code>
        <coding>
          <system value="https://spor.ema.europa.eu/rmswi"/>
          <code value="100000109093"/>
          <display value="Human"/>
        </coding>
      </code>
    </targetSpecies>
  </routeOfAdministration>
</AdministrableProductDefinition>