<?xml version="1.0" encoding="UTF-8"?>

<Bundle xmlns="http://hl7.org/fhir">
  <id value="bundlepackageleaflet-es-2f37d696067eeb6daf1111cfc3272672"/>
  <meta>
    <profile value="http://hl7.org/fhir/uv/emedicinal-product-info/StructureDefinition/Bundle-uv-epi"/>
  </meta>
  <language value="es"/>
  <identifier>
    <system value="https://www.gravitatehealth.eu/sid/doc"/>
    <value value="39.955"/>
  </identifier>
  <type value="document"/>
  <timestamp value="2023-06-27T10:09:22Z"/>
  <entry>
    <fullUrl value="http://hl7.eu/fhir/ig/gravitate-health/Composition/composition-es-ac2bb08bb4cc3f51f8c4e3513034c019"/>
    <resource>
      <Composition>
        <id value="composition-es-ac2bb08bb4cc3f51f8c4e3513034c019"/>
        <meta>
          <profile value="http://hl7.org/fhir/uv/emedicinal-product-info/StructureDefinition/Composition-uv-epi"/>
        </meta>
        <language value="es"/>
        <text>
          <status value="generated"/><div xmlns="http://www.w3.org/1999/xhtml" xml:lang="es" lang="es"><a name="Composition_composition-es-ac2bb08bb4cc3f51f8c4e3513034c019"> </a><p><b>Generated Narrative: Composition</b><a name="composition-es-ac2bb08bb4cc3f51f8c4e3513034c019"> </a><a name="hccomposition-es-ac2bb08bb4cc3f51f8c4e3513034c019"> </a></p><div style="display: inline-block; background-color: #d9e0e7; padding: 6px; margin: 4px; border: 1px solid #8da1b4; border-radius: 5px; line-height: 60%"><p style="margin-bottom: 0px">Resource Composition &quot;composition-es-ac2bb08bb4cc3f51f8c4e3513034c019&quot;  (Language &quot;es&quot;) </p><p style="margin-bottom: 0px">Profile: <a href="https://build.fhir.org/ig/HL7/emedicinal-product-info//StructureDefinition-Composition-uv-epi.html">Composition (ePI)</a></p></div><p><b>identifier</b>: <code>https://spor.ema.europa.eu/rmswi/</code>/534a006e1f56f191eb76fdea4cfbf86d</p><p><b>status</b>: final</p><p><b>type</b>: Package Leaflet <span style="background: LightGoldenRodYellow; margin: 4px; border: 1px solid khaki"> (#100000155538)</span></p><p><b>category</b>: Raw <span style="background: LightGoldenRodYellow; margin: 4px; border: 1px solid khaki"> (<a href="CodeSystem-epicategory-cs.html">Category of EPI</a>#R)</span></p><p><b>date</b>: 2022-02-16 13:28:17+0000</p><p><b>author</b>: <a href="#Organization_mah-990eca26437774887062cfa11ea1d904">See above (Organization/mah-990eca26437774887062cfa11ea1d904)</a></p><p><b>title</b>: TEST PURPOSES ONLY - Tegretol 200 mg tablets</p><h3>Attesters</h3><table class="grid"><tr><td style="display: none">-</td><td><b>Mode</b></td><td><b>Time</b></td></tr><tr><td style="display: none">*</td><td>Official <span style="background: LightGoldenRodYellow; margin: 4px; border: 1px solid khaki"> (<a href="http://hl7.org/fhir/R5/codesystem-composition-attestation-mode.html">Composition Attestation Mode</a>#official)</span></td><td>2022-02-16 13:28:17+0000</td></tr></table></div>
        </text>
        <identifier>
          <system value="https://spor.ema.europa.eu/rmswi/"/>
          <value value="534a006e1f56f191eb76fdea4cfbf86d"/>
        </identifier>
        <status value="final"/>
        <type>
          <coding>
            <system value="https://spor.ema.europa.eu/rmswi/"/>
            <code value="100000155538"/>
          </coding>
          <text value="Package Leaflet"/>
        </type>
        <category>
          <coding>
            <system value="http://hl7.eu/fhir/ig/gravitate-health/CodeSystem/epicategory-cs"/>
            <code value="R"/>
            <display value="Raw"/>
          </coding>
        </category>
        <subject>
          <reference value="MedicinalProductDefinition/mpac2bb08bb4cc3f51f8c4e3513034c019"/>
        </subject>
        <date value="2022-02-16T13:28:17Z"/>
        <author>
          <reference value="Organization/mah-990eca26437774887062cfa11ea1d904"/>
        </author>
        <title value="TEST PURPOSES ONLY - Tegretol 200 mg tablets"/>
        <attester>
          <mode>
            <coding>
              <system value="http://hl7.org/fhir/composition-attestation-mode"/>
              <code value="official"/>
            </coding>
          </mode>
          <time value="2022-02-16T13:28:17Z"/>
        </attester>
        <section>
          <title value="B. PROSPECTO"/>
          <code>
            <coding>
              <system value="https://spor.ema.europa.eu/rmswi/"/>
              <code value="100000155538"/>
            </coding>
            <text value="B. PROSPECTO"/>
          </code>
          <text>
            <status value="additional"/><div xmlns="http://www.w3.org/1999/xhtml">unavailable</div>
          </text>
          <emptyReason>
            <coding>
              <system value="http://terminology.hl7.org/CodeSystem/list-empty-reason"/>
              <code value="unavailable"/>
            </coding>
          </emptyReason>
          <section>
            <title value="PROSPECTO: INFORMACIÓN PARA EL USUARIO"/>
            <code>
              <coding>
                <system value="https://spor.ema.europa.eu/rmswi/"/>
                <code value="100000155538"/>
              </coding>
              <text value="PROSPECTO: INFORMACIÓN PARA EL USUARIO"/>
            </code>
            <text>
              <status value="additional"/><div xmlns="http://www.w3.org/1999/xhtml"><div><p><strong><span>TEGRETOL 200 mg comprimidos</span></strong></p><p><span>Carbamazepina</span></p><p><strong><span>Lea todo el prospecto detenidamente antes de empezar a tomar el medicamento,</span></strong> <strong><span>porque contiene información importante para usted</span></strong><strong><span>.</span></strong></p><ul><li><span>Conserve este prospecto, ya que puede tener que volver a leerlo.</span></li></ul><ul><li><span>Si tiene alguna duda, consulte a su médico o farmacéutico.</span></li><li><span>Este medicamento se le ha recetado solamente a usted personalmente y no debe dárselo a otras personas aunque tengan los mismos síntomas que usted, ya que puede perjudicarles.</span></li><li><span>Si</span> <span>experimenta efectos adversos, consulte a su médico, farmacéutico o enfermero, incluso si se trata de efectos adversos que no aparecen en este prospecto. Ver sección 4.</span></li></ul></div></div>
            </text>
          </section>
          <section>
            <title value="Contenido del prospecto"/>
            <code>
              <coding>
                <system value="https://spor.ema.europa.eu/rmswi/"/>
                <code value="100000155538"/>
              </coding>
              <text value="Contenido del prospecto"/>
            </code>
            <text>
              <status value="additional"/><div xmlns="http://www.w3.org/1999/xhtml"><div><p><strong><u><span>Contenido del prospecto:</span></u></strong></p><p><span>1. Qué es Tegretol y para qué se utiliza</span></p><p><span>2. Qué necesita saber antes de empezar a tomar Tegretol</span></p><p><span>3. Cómo tomar Tegretol</span></p><p><span>4. Posibles efectos adversos</span></p><p><span>5. Conservación de Tegretol</span></p><p><span>6. Contenido del envase e información adicional</span></p></div></div>
            </text>
          </section>
          <section>
            <title value="1. Qué es Tegretol 200 mg  comprimidos  y para qué se utiliza"/>
            <code>
              <coding>
                <system value="https://spor.ema.europa.eu/rmswi/"/>
                <code value="100000155538"/>
              </coding>
              <text value="1. Qué es Tegretol 200 mg  comprimidos  y para qué se utiliza"/>
            </code>
            <text>
              <status value="additional"/><div xmlns="http://www.w3.org/1999/xhtml"><div><p><span>El principio activo es carbamazepina.</span></p><p><span>Carbamazepina pertenece al grupo de medicamentos denominados antiepilépticos. Se utiliza para el tratamiento de ciertos tipos de epilepsia. También se utiliza en el tratamiento de la manía y en la prevención de los trastornos maníaco-depresivos (bipolares); en el síndrome de abstinencia al alcohol, en la neuralgia esencial de trigémino y en la neuralgia esencial del glosofaríngeo.</span></p></div></div>
            </text>
          </section>
          <section>
            <title value="2. Qué necesita saber antes de empezar a tomar Tegretol 200 mg  comprimidos "/>
            <code>
              <coding>
                <system value="https://spor.ema.europa.eu/rmswi/"/>
                <code value="100000155538"/>
              </coding>
              <text value="2. Qué necesita saber antes de empezar a tomar Tegretol 200 mg  comprimidos "/>
            </code>
            <text>
              <status value="additional"/><div xmlns="http://www.w3.org/1999/xhtml"><div><p><span>Siga las instrucciones que le ha dado su médico. Éstas pueden ser diferentes de la información contenida en este prospecto.</span></p><p><span>Lea las siguientes instrucciones antes de tomar Tegretol.</span></p><p><span>El riesgo de reacciones cutáneas graves en pacientes de origen chinos Han o tailandés relacionado con carbamazepina o compuestos químicamente relacionados puede predecirse por medio de un análisis de sangre de estos pacientes. Su médico debe indicarle si necesita que se haga estos análisis antes de tomar Tegretol.</span></p><p><strong><span>No tome Tegretol:</span></strong></p><ul><li><span>Si es alérgico a carbamazepina o a alguno de los demás componentes de este medicamento (incluidos en la sección 6), así como a algún fármaco de estructura parecida a carbamazepina (algunos antidepresivos);</span></li><li><span>Si padece una enfermedad grave de corazón;</span></li><li><span>Si sufre o ha sufrido en el pasado alguna enfermedad grave de la sangre;</span></li><li><span>Si tiene problemas en la formación de porfirina, pigmento importante para la función hepática y la formación de sangre (también llamada porfiria hepática);</span></li><li><span>Si está tomando medicamentos pertenecientes a un grupo especial de antidepresivos llamados inhibidores de la monoamino-oxidasa (IMAOs).</span></li></ul><p><span>Si se encuentra en alguna de estas situaciones, consulte a su médico antes de tomar Tegretol. Si piensa que puede ser alérgico, consulte a su médico.</span></p><p><strong><span>Advertencias y precauciones</span></strong></p><p><span>Consulte a su médico o farmacéutico antes de empezar a tomar Tegretol.</span></p><ul><li><span>si ha sufrido en el pasado o sufre enfermedades de corazón, de hígado o de riñón;</span></li><li><span>si padece o ha padecido alguna enfermedad de la sangre (incluidas las causadas por otros medicamentos);</span></li><li><span>si tiene la presión intraocular elevada (glaucoma), disminución de las ganas de orinar o dificultad para orinar</span><span>;</span></li><li><span>si padece una enfermedad mental llamada psicosis, y también si es usted mayor y padece confusión o agitación;</span></li><li><span>si aparecen signos que sugieran una enfermedad grave de la piel;</span></li><li><span>si ha observado alteraciones de la sensibilidad (erupción cutánea u otros signos de alergia) a la oxcarbazepina o a otros medicamentos, como fenitoína (otro antiepiléptico). Es importante mencionar que si es alérgico a la carbamazepina, las posibilidades son de 1 entre 4 (25%) de que pueda tener una reacción alérgica a la oxcarbazepina (Trileptal).</span></li><li><span>si es una mujer en edad fértil debe usar un método anticonceptivo eficaz durante todo su tratamiento y durante dos semanas después de que haya tomado su última dosis. Si</span> <span>toma anticonceptivos orales, Tegretol puede hacer que los anticonceptivos no sean eficaces. Por lo tanto, se deberían usar métodos anticonceptivos no hormonales distintos o adicionales mientras toma Tegretol. Esto ayudará a evitar embarazos no deseados. Consulte a su médico si presenta sangrados irregulares o manchados mientras esté tomando Tegretol. Si tiene cualquier duda, consulte con su médico.</span></li><li><span>Informe a su médico si usted está embarazada o tiene intención de quedarse embarazada. Su médico le informará sobre el riesgo potencial de tomar Tegretol durante el embarazo ya que puede producir daños o anormalidades en el feto. Existe riesgo de daños para el feto si se utiliza Tegretol durante el embarazo. Las mujeres en edad fértil deben utilizar un método anticonceptivo eficaz durante el tratamiento con Tegretol y durante dos semanas después de la última dosis (ver sección embarazo, lactancia y fertilidad).</span></li></ul><p><span>Si se encuentra con alguna de las siguientes situaciones, consulte inmediatamente con su médico:</span></p><ul><li><span>En caso de aparición de fiebre, dolor de garganta, erupción en la piel, úlceras en la boca, magulladuras de forma fácil y sin motivo aparente o manchas violáceas en la piel (ver Sección 4 “Posibles efectos adversos”).</span></li></ul><p><span>Es muy importante que el médico controle el tratamiento en visitas periódicas y, le haga análisis de sangre y orina al principio del tratamiento y de forma regular a lo largo del mismo para descartar la aparición de alteraciones de la sangre y de la función de su hígado y riñón, y también en algunas ocasiones para controlar la dosis de Tegretol más adecuada.</span></p><ul><li><span>Se han descrito erupciones cutáneas que pueden amenazar la vida del paciente (síndrome de Stevens Johnson y necrólisis epidérmica tóxica) con el uso de Tegretol, inicialmente aparecen como puntos o machas circulares rojizas, a menudo con una ampolla central. Otros signos adicionales que pueden aparecer son llagas en la boca, garganta, nariz, genitales y conjuntivitis (ojos hinchados y rojos). Estas erupciones en la piel que pueden amenazar la vida del paciente, a menudo van acompañadas de síntomas de gripe. La erupción puede progresar a la formación de ampollas generalizadas o descamación de la piel. El periodo de mayor riesgo de aparición de reacciones cutáneas graves es durante los primeros meses de tratamiento con Tegretol.</span> <span>Si aparece una reacción en la piel como erupción, enrojecimiento, ampollas en labios, ojos o boca o descamación acompañada de fiebre, deje de tomar Tegretol e informe inmediatamente a su médico. Estas reacciones pueden ser más frecuentes en pacientes de países asiáticos (p. ej. Taiwán, Malasia y Filipinas). Pueden aparecer raramente efectos adversos graves en piel mientras esté en tratamiento con Tegretol. Las personas de origen chino y tailandés se les puede estimar el riesgo con un análisis de sangre. Si es de dicha procedencia, hable de ello con su médico antes de tomar Tegretol.</span> <span>Si usted ha desarrollado síndrome de Steve Johnson o necrólisis epidérmica tóxica con el uso de Tegretol, no debe utilizar Tegretol de nuevo en ningún momento.</span></li></ul><ul><li><span>Si aparece una reacción alérgica como fiebre con hinchazón de ganglios linfáticos, erupción o ampollas en la piel, consulte con su médico inmediatamente o acuda al hospital más cercano (ver Sección 4 “Posibles efectos adversos”).</span></li><li><span>Si experimenta un aumento del número de crisis epilépticas, consulte a su médico inmediatamente.</span></li><li><span>Si nota síntomas sugestivos de hepatitis, como ictericia (piel y blanco de los ojos amarillento), consulte a su médico inmediatamente.</span></li><li><span>Si en cualquier momento tiene pensamientos de hacerse daño o matarse. Un pequeño número de pacientes tratados con antiepilépticos sufren de tales pensamientos o comportamientos.</span></li><li><span>Si tiene problemas de riñón asociados con bajos niveles de sodio en sangre o si tiene problemas de riñón y está tomando medicinas que le bajen los niveles de sodio en sangre (diuréticos como hidroclorotiazida, furosemida).</span></li><li><span>Si experimenta mareos, somnolencia, disminución de la presión sanguínea, confusión, sedación y ataxia a causa de del tratamiento con Tegretol, ya que puede producir que se caiga.</span></li></ul><p><span>No interrumpa el tratamiento con Tegretol sin antes consultar con su médico. Para prevenir un empeoramiento de las crisis epilépticas, no discontinúe el tratamiento bruscamente.</span></p><p><span>Antes de cualquier intervención quirúrgica, incluso dental o en un tratamiento de emergencia, comunique al médico que le atiende que está tomando Tegretol.</span></p><p><strong><span>Uso en ancianos</span></strong></p><p><span>Tegretol se puede emplear de forma segura en pacientes de edad avanzada ateniéndose a las instrucciones del médico. Si es necesario se dará información especial sobre dosificación y medidas a tener en cuenta (ver también Sección 3 “Cómo tomar Tegretol” y Sección 4 “Posibles efectos adversos”).</span></p><p><strong><span>Uso en niños</span></strong></p><p><span>Tegretol se puede emplear de forma segura en niños ateniéndose a las instrucciones del médico. Si es necesario se dará información especial sobre dosificación y medidas a tener en cuenta (ver también Sección 3 “Cómo tomar Tegretol” y Sección 4 “Posibles efectos adversos”).</span></p><p><strong><span>Otros medicamentos y Tegretol</span></strong></p><p><span>Informe a su médico o farmacéutico si está tomando, ha tomado recientemente o pudiera tener que tomar cualquier otro medicamento. Tegretol puede presentar múltiples interacciones con un gran número de medicamentos que pueden tanto aumentar como disminuir su efecto y el de dichos medicamentos. Esta advertencia es válida para medicamentos adquiridos con y sin receta médica y especialmente en el caso de vitaminas (Vitamina B3), anticonceptivos orales, analgésicos como el paracetamol, preparados que contengan hierba de San Juan</span> <a name="_Hlk90458991"><span>y otros medicamentos para la epilepsia (como brivaracetam)</span></a><span>.</span></p><p><span>Durante el tratamiento con Tegretol evite usar medicamentos que contengan alcohol.</span></p><p><u><span>Anticonceptivos hormonales, por ejemplo, píldoras, parches, inyecciones o implantes</span></u></p><p><span>Tegretol puede afectar al funcionamiento de los anticonceptivos hormonales, haciendo que sean menos eficaces para prevenir el embarazo. Consulte a su médico, quien le explicará el tipo de anticonceptivo más adecuado que puede usar mientras esté tomando Tegretol.</span></p><p><strong><span>Uso de Tegretol con alimentos y bebidas</span></strong></p><p><span>Puede tomar Tegretol con o sin alimentos.</span></p><p><span>Debe evitar el consumo de alcohol durante el tratamiento con Tegretol. El alcohol puede aumentar el riesgo de efectos adversos.</span></p><p><span>No beba zumo de pomelo ni coma pomelo ya que puede incrementar el efecto de Tegretol. Otros zumos, como el de naranja o de manzana, no tienen este efecto</span></p><p><strong><span>Embarazo, lactancia y fertilidad</span></strong></p><p><u><span>Embarazo</span></u> <a name="_Hlk90458730"><u><span>y mujeres en edad fértil</span></u></a></p><p><span>Si está embarazada o en periodo de lactancia, cree que podría estar embarazada o tiene intención de quedarse embarazada, consulte</span> <span>a su médico o farmacéutico antes de utilizar este medicamento.</span> <span>Si bien la epilepsia ya conlleva un riesgo de trastornos del desarrollo en su descendencia, incluyendo malformaciones congénitas, mayor que en la población general, los diferentes tratamientos disponibles pueden aumentar en general este riesgo. En concreto para carbamazepina existe la posibilidad de que aumente el riesgo de espina bífida, malformaciones en el cráneo y en la cara, cardiovasculares y en el sistema urinario, además del posible síndrome de abstinencia al tratamiento que se puede presentar en el recién nacido.</span></p><p><span>Tegretol puede causar defectos congénitos importantes. Si toma Tegretol durante el embarazo, su bebé tendrá un riesgo hasta 3 veces mayor de padecer un defecto congénito en comparación con las mujeres que no toman un fármaco antiepiléptico. Se han notificado defectos congénitos importantes, como defectos del tubo neural (abertura en la columna vertebral), defectos congénitos de la cara, como labio leporino o fisura palatina, defectos congénitos de la cabeza, defectos cardíacos, defectos congénitos del pene relacionados con la abertura de la vía urinaria (hipospadias) y defectos en los dedos. Si ha tomado Tegretol durante el embarazo, se deberá vigilar de cerca al feto.</span></p><p><span>Se han notificado problemas de desarrollo neurológico (del cerebro) en bebés nacidos de madres que utilizaron Tegretol durante el embarazo. Algunos estudios han demostrado que la carbamazepina afecta negativamente al desarrollo neurológico de los niños expuestos a la carbamazepina en el útero, mientras que otros estudios no han encontrado tal efecto. No se puede descartar la posibilidad de un efecto sobre el desarrollo neurológico.</span></p><p><span>Si es usted una mujer en edad fértil y no tiene intención de quedarse embarazada, debe utilizar un método anticonceptivo eficaz durante el tratamiento con este medicamento. Tegretol puede afectar al funcionamiento de los anticonceptivos hormonales, como la píldora anticonceptiva, y hacer que sean menos eficaces para prevenir el embarazo. Consulte a su médico, quien le indicará el tipo de anticonceptivo más adecuado que debe utilizar mientras esté tomando Tegretol. Si se interrumpe el tratamiento con Tegretol, deberá seguir utilizando un método anticonceptivo eficaz durante dos semanas más tras la interrupción del tratamiento.</span></p><p><span>Si es usted una mujer en edad fértil y está planeando quedarse embarazada, hable con su médico antes de dejar de utilizar los métodos anticonceptivos y de quedarse embarazada para cambiar a otros tratamientos adecuados con objeto de evitar exponer al feto a la carbamazepina.</span></p><p><span>Si está embarazada o cree que podría estarlo, informe a su médico inmediatamente. No debe dejar de tomar el medicamento sin antes haber hablado con su médico. Si interrumpe el tratamiento sin consultar a su médico puede experimentar crisis epilépticas que podrían ser peligrosas para usted y para el feto. Es posible que su médico decida cambiarle de tratamiento.</span></p><p><span>Si toma Tegretol durante el embarazo, el bebé también tiene riesgo de sufrir problemas hemorrágicos justo después de nacer. Su médico puede administrarle a usted y al bebé un medicamento para prevenir esto</span><span>.</span></p><p><span>Por lo tanto, le aconsejamos:</span></p><p><span>1. Si desea quedarse embarazada, planifique sus embarazos consultando con sus especialistas.</span></p><p><span>2. En caso de que esté ya embarazada, CONSULTE A SU NEURÓLOGO.</span></p><p><u><span>3. En ninguno de los dos casos</span></u> <span>INTERRUMPA EL TRATAMIENTO por su cuenta. La epilepsia no tratada perjudica tanto al feto como a la madre por el posible agravamiento de la enfermedad.</span></p><p><span>En estas situaciones, es posible que el médico le recete un tratamiento suplementario con ácido fólico antes y durante el embarazo y vitamina K1 en las últimas semanas del mismo (en este último caso también al recién nacido). Además, el embarazo será controlado de forma más estrecha.</span></p><p><u><span>Lactancia</span></u></p><p><span>Advierta a su médico si está amamantando.</span></p><p><span>La sustancia activa que contiene Tegretol pasa a la leche materna. Mientras su médico esté de acuerdo y el niño esté controlado en cuanto a la aparición de efectos secundarios, usted puede dar de mamar. Sin embargo, si aparecen efectos adversos en el lactante, p.ej. somnolencia o erupciones en la piel, interrumpa la lactancia y consulte con su médico.</span></p><p><strong><em><span></span></em></strong></p><p><strong><span>Conducción y uso de máquinas</span></strong></p><p><span>Tegretol puede provocar somnolencia, mareos o visión borrosa,</span> <span>visión doble o falta de coordinación muscular</span> <span>especialmente al iniciar el tratamiento o al aumentar la dosis</span> <span>y disminuir la capacidad de reacción. Estos efectos así como la propia enfermedad pueden dificultar su capacidad para conducir vehículos o manejar máquinas. Por lo tanto no conduzca, ni maneje máquinas, ni practique otras actividades que requieran especial atención, hasta que su médico valore su respuesta a este medicamento</span><span>.</span></p><p><strong><span>Tegretol contiene sodio</span></strong></p><p><span>Este medicamento contiene menos de 23 mg de sodio (1mmol) por comprimido; esto es, esencialmente “exento de sodio”.</span></p></div></div>
            </text>
          </section>
          <section>
            <title value="3. Cómo tomar Tegretol 200 mg  comprimidos "/>
            <code>
              <coding>
                <system value="https://spor.ema.europa.eu/rmswi/"/>
                <code value="100000155538"/>
              </coding>
              <text value="3. Cómo tomar Tegretol 200 mg  comprimidos "/>
            </code>
            <text>
              <status value="additional"/><div xmlns="http://www.w3.org/1999/xhtml"><div><p><strong><span>Siga exactamente las instrucciones de administración de este medicamento indicadas por su médico cuidadosamente. En caso de duda, consulte de nuevo a su médico o farmacéutico. No exceda la dosis recomendada.</span></strong></p><p><span>Tegretol debe tomarse regularmente y exactamente como le indique su médico; ello le ayudará a obtener mejores resultados y reducir el riesgo de efectos secundarios graves.</span> <strong><span>No tome dosis adicionales de Tegretol, no lo tome con más frecuencia que la indicada, y no lo tome durante más tiempo que el que le han prescrito.</span></strong></p><p><strong><span>No interrumpa el tratamiento bruscamente antes de consultarlo con su médico,</span></strong> <span>ya que podría empeorar su enfermedad. El médico le indicará lo que debe hacer (ver Sección “Advertencias y precauciones”).</span></p><p><strong><span>Cantidad de Tegretol que debe tomar</span></strong></p><p><span>Las dosis prescritas por su médico pueden ser diferentes a las indicadas. Siga siempre las instrucciones de su médico.</span></p><p><span>En general, la dosis inicial en adultos para el tratamiento de la</span> <strong><span>epilepsia</span></strong> <span>es de 100-200 mg una o dos veces al día; esta dosis se va aumentando gradualmente hasta 800-1200 mg al día (en algunos pacientes puede ser necesaria una dosis de 1600 mg al día), dividida en 2 ó 3 tomas fraccionadas.</span></p><p><span>El tratamiento en niños suele iniciarse con una dosis de 100-200 mg al día (10-20 mg/kg/día) y se aumenta progresivamente hasta 400-600 mg. Los adolescentes pueden recibir entre 600 y 1000 mg al día.</span></p><p><span>Para el tratamiento de la</span> <strong><span>neuralgia del trigémino,</span></strong> <span>la dosis inicial es de 200-400 mg diarios aumentándose lentamente hasta que desaparece el dolor, generalmente 200 mg 3-4 veces al día. La dosis máxima es de 1200 mg al día. En pacientes de edad avanzada se recomienda una dosis inicial más baja (100 mg dos veces al día).</span></p><p><span>Para el</span> <strong><span>tratamiento de la manía y para la prevención de los trastornos afectivos bipolares,</span></strong> <span>la dosis habitual es de 400-600 mg al día (el margen de dosis oscila entre aprox. 400 y 1600 mg diarios).</span></p><p><span>El médico le indicará la dosis exacta de Tegretol que debe tomar.</span></p><p><strong><span>Cómo y cuándo debe tomar Tegretol</span></strong></p><p><span>Excepto quizás durante el primer día, los comprimidos de Tegretol deberán repartirse en 2-4 tomas diarias, dependiendo siempre de su estado clínico. Tome siempre Tegretol durante o después de las comidas con un poco de líquido. Si es necesario los comprimidos pueden partirse por la mitad.</span></p><p><strong><span>Si toma más Tegretol del que debe</span></strong></p><p><span>En caso de sobredosis por Tegretol, comuníquelo inmediatamente a su médico. Puede necesitar atención médica. Si experimenta dificultad respiratoria, ritmo cardíaco rápido e irregular, pérdida de conocimiento, temblores, mareos, náuseas y/o vómitos puede que esté tomando una dosis demasiado alta de Tegretol. Informe inmediatamente al médico.</span></p><p><span>Si ha tomado más Tegretol del que debe, consulte inmediatamente a su médico, a su farmacéutico o llame al Servicio de Información Toxicológica, teléfono: 91 562 04 20, indicando el medicamento y la cantidad utilizada.</span></p><p><strong><span>Si olvidó tomar Tegretol</span></strong></p><p><span>Si olvidara una dosis, tómela tan pronto como pueda, excepto si ya casi es hora de la siguiente; en este caso espere y vuelva a la pauta de administración habitual.</span> <strong><span>No tome una dosis doble para compensar las dosis olvidadas</span></strong><span>. Si olvidara varias dosis consulte con su médico.</span></p><p><strong><span>Si interrumpe el tratamiento con Tegretol</span></strong></p><p><span>No cambie o interrumpa su tratamiento sin antes consultarlo con su médico. Si se interrumpe el tratamiento bruscamente pueden aparecer crisis epilépticas.</span></p></div></div>
            </text>
          </section>
          <section>
            <title value="4. Posibles efectos adversos"/>
            <code>
              <coding>
                <system value="https://spor.ema.europa.eu/rmswi/"/>
                <code value="100000155538"/>
              </coding>
              <text value="4. Posibles efectos adversos"/>
            </code>
            <text>
              <status value="additional"/><div xmlns="http://www.w3.org/1999/xhtml"><div><p><span>Al igual que todos los medicamentos, este medicamento puede producir efectos adversos, aunque no todas las personas los sufran.</span></p><p><span>Son más frecuentes especialmente al inicio del tratamiento, si la dosis es demasiado alta o en</span> <span>algunas personas como los ancianos, y suelen desaparecer al cabo de unos días de tratamiento o tras un ajuste de la dosis.</span></p><p><strong><span>C</span></strong><strong><span>onsulte inmediatamente a su médico o asegúrese de que alguien pueda hacerlo por Usted si aparece alguno de los siguientes efectos adversos, ya que pueden ser los primeros signos de lesión grave de la sangre, de la piel, del hígado, del corazón, de los riñones o de otros órganos y pueden requerir tratamiento médico urgente:</span></strong></p><ul><li><span>si tiene fiebre, dolor de garganta, erupción, llagas en la boca, glándulas inflamadas o tiene facilidad para coger infecciones (signo de falta de glóbulos blancos)</span></li><li><span>si se siente cansado, tiene dolor de cabeza, se queda sin aire al hacer ejercicio, está mareado, pálido, presenta infecciones frecuentes con fiebre, escalofríos, dolor de garganta o úlceras en la boca, si sangra o tiene más hematomas de lo normal, si le sangra la nariz (signos de falta de células de la sangre)</span></li><li><span>si presenta erupción de la piel con manchas rojizas normalmente en la cara que puede estar acompañado de fatiga, náuseas, pérdida de apetito (signo de lupus erimatoso sistémico)</span></li><li><span>si presenta amarilleo del blanco de los ojos o de la piel (signo de hepatitis)</span></li><li><span>si presenta oscurecimiento de la orina (signos de porfiria o hepatitis)</span></li><li><span>si presenta disminución de la cantidad de orina o sangre en la orina (signos de alteraciones en el riñón)</span></li><li><span>si padece dolor intenso en la parte alta del abdomen, vómitos, pérdida de apetito (signos de pancreatitis)</span></li><li><span>si presenta erupción cutánea, enrojecimiento de la piel, ampollas en los labios, boca u ojos, descamación de piel, acompañado de fiebre, escalofríos, dolor de cabeza, tos o dolor en el cuerpo (signos de reacciones graves en la piel). Ver sección 2</span></li></ul><ul><li><span>si padece hinchazón en la cara, ojos, o lengua, dificultad para tragar, jadeos, urticaria y picor generalizado, erupción cutánea, fiebre, calambres abdominales, molestias u opresión en el pecho, dificultad para respirar, inconsciencia (signos de angioedema y de reacciones alérgicas graves)</span></li><li><span>si presenta letargia, confusión, tics musculares o empeoramiento significativo de las convulsiones (signos que pueden estar asociados a niveles bajos de sodio en la sangre)</span></li><li><span>si presenta fiebre, náuseas, vómitos, dolor de cabeza, rigidez del cuello o sensibilidad extrema a la luz brillante (signos de meningitis)</span></li><li><span>si padece rigidez muscular, fiebre alta, alteraciones de la consciencia, aumento de la presión sanguínea, exceso de salivación (signos de síndrome neuroléptico maligno)</span></li><li><span>si presenta ritmo cardíaco irregular, dolor de pecho</span></li><li><span>si presenta alteración de la conciencia, desvanecimiento</span></li><li><span>si presenta diarrea, dolor abdominal y fiebre (signos de una inflamación de colón). Se desconoce la frecuencia de este efecto adverso</span></li><li><span>si experimenta una caída causada por mareos, somnolencia, descenso de la presión arterial, confusión</span></li></ul><p><strong><span>Otros efectos adversos</span></strong></p><p><strong><span>Consulte con su médico lo antes posible si aparece alguno de los siguientes efectos adversos, ya que puede requerir atención médica:</span></strong></p><p><em><span>Efectos adversos muy frecuentes (</span></em><em><span>pueden afectar a más de 1 de cada 10 pacientes</span></em><em><span>)</span></em><strong><span>:</span></strong> <span>pérdida de la coordinación muscular,</span> <span>inflamación de la piel con erupción cutánea con picor y enrojecimiento, erupción cutánea con picazón, vómitos, náuseas, mareos, somnolencia, inestabilidad, aumento de peso.</span></p><p><em><span>Efectos adversos frecuentes</span></em> <em><span>(pueden afectar hasta 1 de cada 10 pacientes)</span></em><strong><span>:</span></strong> <span>hinchazón de tobillos, pies y piernas (edema), cambios en el comportamiento, confusión, debilidad, aumento de las crisis epilépticas (brotes, debido a una cantidad insuficiente de sodio en el cuerpo), dolor de cabeza, sequedad de boca.</span></p><p><em><span>Efectos adversos poco frecuentes</span></em> <em><span>(pueden afectar hasta 1 de cada 100 pacientes)</span></em><strong><span>:</span></strong> <span>Temblores, movimientos incontrolados anormales, espasmos musculares.</span></p><p><em><span>Efectos adversos raros (pueden afectar hasta 1 de cada 1.000 pacientes):</span></em> <span>picores, hinchazón de las glándulas, agitación u hostilidad (especialmente en los ancianos), dificultad para hablar o farfulleo, depresión con inquietud, nerviosismo u otros cambios de humor o mentales, alucinaciones,</span> <span>visión borrosa, visión doble, picor con enrojecimiento e hinchazón en los ojos (conjuntivitis), sensación de presión/dolor en los ojos (signo de aumento de presión en los ojos), movimientos involuntarios de los ojos,</span> <span>zumbidos u otros ruidos no explicables, descenso de la audición, ritmo cardíaco rápido o inusualmente lento, adormecimiento u hormigueo en las manos y pies, debilidad, aumento de la frecuencia urinaria, disminución repentina de la cantidad de orina, trastornos del gusto, secreción inusual de leche, aumento del tamaño del pecho en los hombres, hinchazón y enrojecimiento a lo largo de una vena muy sensible al tacto y frecuentemente dolorosa (tromboflebitis), aumento de la sensibilidad de la piel al sol, debilitamiento de los huesos causando un aumento del riesgo de fractura (falta de vitamina D, osteoporosis), estreñimiento, diarrea, dolor abdominal, dolor en las articulaciones o músculos, aumento de la sudoración, pérdida de apetito, pérdida de pelo, vello corporal y facial excesivo, alteraciones sexuales, infertilidad masculina, enrojecimiento e irritación de la lengua, llagas en la boca, alteraciones en la pigmentación de la piel, acné y reacciones graves en la piel.</span></p><p><em><span>Efectos adversos de frecuencia no conocida (no puede estimarse a partir de los datos disponibles):</span></em> <span>reactivación de la infección del virus del herpes (puede ser grave con el sistema inmunitario deprimido), pérdida completa de las uñas, fractura de huesos, disminución de la densidad ósea, sedación</span><span>, pérdida de memoria, pápulas de color morado o granate que pueden producir picor,</span> <a name="_Hlk90459140"><span>niveles elevados de amoniaco en sangre (hiperamonemia). Los síntomas de hiperamonemia pueden consistir en irritabilidad, confusión, vómitos, pérdida del apetito y somnolencia</span></a><span>.</span></p><p><strong><span>Comunicación de efectos adversos</span></strong></p><p><span>Si experimenta cualquier tipo de efecto adverso, consulte a su médico o farmacéutico, incluso si se trata de posibles efectos adversos que no aparecen en este prospecto. También puede comunicarlos directamente a través del</span> <span>Sistema Español de Farmacovigilancia de medicamentos de Uso Humano</span><span>:</span> <a href="https://www.notificaRAM.es"><u><span>https://www.notificaRAM.es</span></u></a><span>.</span> <span>Mediante la comunicación de efectos adversos usted puede contribuir a proporcionar más información sobre la seguridad de este medicamento.</span></p></div></div>
            </text>
          </section>
          <section>
            <title value="5. CONSERVACIÓN DE Tegretol 200 mg  comprimidos "/>
            <code>
              <coding>
                <system value="https://spor.ema.europa.eu/rmswi/"/>
                <code value="100000155538"/>
              </coding>
              <text value="5. CONSERVACIÓN DE Tegretol 200 mg  comprimidos "/>
            </code>
            <text>
              <status value="additional"/><div xmlns="http://www.w3.org/1999/xhtml"><div><p><span>Mantener</span> <span>este medicamento</span> <span>fuera de la vista y del alcance de los niños</span><span>.</span></p><p><span>Conservar por debajo de 25ºC.</span></p><p><span>Conservar en el embalaje original para protegerlo de la humedad.</span></p><p><span>No utilice</span> <span>este medicamento</span> <span>después de la fecha de caducidad que aparece en el</span> <span>envase</span> <span>después de CAD. La fecha de caducidad es el último día del mes que se indica.</span></p><p><span>No utilice</span> <span>este medicamento</span> <span>si observa</span> <span>que el envase está dañado o muestra signos de manipulación.</span></p><p><span>Los medicamentos no se deben tirar por los desagües ni a la basura. Deposite los envases y los medicamentos que no necesita en el Punto SIGRE</span> <span>de la farmacia. En caso de duda pregunte a su farmacéutico cómo deshacerse de los envases y de los medicamentos que no necesita. De esta forma, ayudará a proteger el medio ambiente.</span></p></div></div>
            </text>
          </section>
          <section>
            <title value="6. Contenido del envase e información adicional"/>
            <code>
              <coding>
                <system value="https://spor.ema.europa.eu/rmswi/"/>
                <code value="100000155538"/>
              </coding>
              <text value="6. Contenido del envase e información adicional"/>
            </code>
            <text>
              <status value="additional"/><div xmlns="http://www.w3.org/1999/xhtml"><div><p><strong><span>Composición de Tegretol 200 mg comprimidos</span></strong></p><ul><li><span>El principio activo es carbamazepina. Cada comprimido contiene 200 mg de carbamazepina.</span></li><li><span>Los demás componentes son: sílice coloidal anhidra, estearato de magnesio, celulosa microcristalina, carboximetilcelulosa de sodio.</span></li></ul><p><strong><span>Aspecto del producto y contenido del envase</span></strong></p><p><span>Tegretol 200 mg comprimidos se presenta en envases blíster que contienen 50,100 y 500 comprimidos blancos, redondos, con ranura en un lado, marcados “CG” en una cara y “G” y “K” en la otra cara a ambos lados de la ranura.</span></p><p><span>Puede que solamente estén comercializados algunos tamaños de envases.</span></p><p><strong><span>Titular de la autorización de comercialización</span></strong></p><p><span>Novartis Farmacéutica, S.A.</span></p><p><span>Gran Via de les Corts Catalanes, 764</span></p><p><span>08013 Barcelona - España</span></p><p><strong><span>Responsable de la fabricación</span></strong></p><p><span>Novartis Farma S.p.A</span></p><p><span>Via provinciale Schito 131</span></p><p><span>I-80058 Torre Annunziata</span></p><p><span>Italia</span></p><p><span>Novartis Farmacéutica, S.A.</span></p><p><span>Gran Via de les Corts Catalanes, 764</span></p><p><span>08013 Barcelona, España</span></p><p><span>Novartis Pharma GmbH</span></p><p><span>Roonstrasse 25</span></p><p><span>90429 Nuremberg, Alemania</span></p><p><span>Fecha de la última revisión de este prospecto: enero 2022</span></p></div></div>
            </text>
          </section>
        </section>
      </Composition>
    </resource>
  </entry>
  <entry>
    <fullUrl value="http://hl7.eu/fhir/ig/gravitate-health/Ingredient/ingredient-for-tegretol-carbamazepine"/>
    <resource>
      <Ingredient>
        <id value="ingredient-for-tegretol-carbamazepine"/>
        <meta>
          <profile value="http://hl7.org/fhir/uv/emedicinal-product-info/StructureDefinition/Ingredient-uv-epi"/>
        </meta>
        <text>
          <status value="generated"/><div xmlns="http://www.w3.org/1999/xhtml"><a name="Ingredient_ingredient-for-tegretol-carbamazepine"> </a><p><b>Generated Narrative: Ingredient</b><a name="ingredient-for-tegretol-carbamazepine"> </a><a name="hcingredient-for-tegretol-carbamazepine"> </a></p><div style="display: inline-block; background-color: #d9e0e7; padding: 6px; margin: 4px; border: 1px solid #8da1b4; border-radius: 5px; line-height: 60%"><p style="margin-bottom: 0px">Resource Ingredient &quot;ingredient-for-tegretol-carbamazepine&quot; </p><p style="margin-bottom: 0px">Profile: <a href="https://build.fhir.org/ig/HL7/emedicinal-product-info//StructureDefinition-Ingredient-uv-epi.html">Ingredient (ePI)</a></p></div><p><b>identifier</b>: <code>https://gsrs.ncats.nih.gov/ginas/app/beta</code>/33CM23913M (use: OFFICIAL)</p><p><b>status</b>: active</p><p><b>for</b>: </p><ul><li><a href="#ManufacturedItemDefinition_mid-2f37d696067eeb6daf1111cfc3272672">See above (ManufacturedItemDefinition/mid-2f37d696067eeb6daf1111cfc3272672)</a></li><li><a href="#MedicinalProductDefinition_mpac2bb08bb4cc3f51f8c4e3513034c019">See above (MedicinalProductDefinition/mpac2bb08bb4cc3f51f8c4e3513034c019)</a></li><li><a href="#AdministrableProductDefinition_ap-2f37d696067eeb6daf1111cfc3272672">See above (AdministrableProductDefinition/ap-2f37d696067eeb6daf1111cfc3272672)</a></li></ul><p><b>role</b>: active <span style="background: LightGoldenRodYellow; margin: 4px; border: 1px solid khaki"> (rmswi#72072)</span></p><blockquote><p><b>substance</b></p><h3>Codes</h3><table class="grid"><tr><td style="display: none">-</td><td><b>Concept</b></td></tr><tr><td style="display: none">*</td><td>CARBAMAZEPINE <span style="background: LightGoldenRodYellow; margin: 4px; border: 1px solid khaki"> (beta#33CM23913M)</span></td></tr></table><h3>Strengths</h3><table class="grid"><tr><td style="display: none">-</td><td><b>Presentation[x]</b></td><td><b>Basis</b></td></tr><tr><td style="display: none">*</td><td>120 mg<span style="background: LightGoldenRodYellow"> (Details: UCUM code mg = 'mg')</span></td><td>active ingredient - basis of strength <span style="background: LightGoldenRodYellow; margin: 4px; border: 1px solid khaki"> (<a href="http://terminology.hl7.org/5.3.0/CodeSystem-v3-RoleClass.html">RoleClass</a>#ACTIB)</span></td></tr></table></blockquote></div>
        </text>
        <identifier>
          <use value="official"/>
          <system value="https://gsrs.ncats.nih.gov/ginas/app/beta"/>
          <value value="33CM23913M"/>
        </identifier>
        <status value="active"/>
        <for>
          <reference value="ManufacturedItemDefinition/mid-2f37d696067eeb6daf1111cfc3272672"/>
        </for>
        <for>
          <reference value="MedicinalProductDefinition/mpac2bb08bb4cc3f51f8c4e3513034c019"/>
        </for>
        <for>
          <reference value="AdministrableProductDefinition/ap-2f37d696067eeb6daf1111cfc3272672"/>
        </for>
        <role>
          <coding>
            <system value="https://spor.ema.europa.eu/rmswi"/>
            <code value="72072"/>
            <display value="active"/>
          </coding>
        </role>
        <substance>
          <code>
            <concept>
              <coding>
                <system value="https://gsrs.ncats.nih.gov/ginas/app/beta"/>
                <code value="33CM23913M"/>
                <display value="CARBAMAZEPINE"/>
              </coding>
            </concept>
          </code>
          <strength>
            <presentationQuantity>
              <value value="120"/>
              <system value="http://unitsofmeasure.org"/>
              <code value="mg"/>
            </presentationQuantity>
            <basis>
              <coding>
                <system value="http://terminology.hl7.org/CodeSystem/v3-RoleClass"/>
                <code value="ACTIB"/>
                <display value="active ingredient - basis of strength"/>
              </coding>
            </basis>
          </strength>
        </substance>
      </Ingredient>
    </resource>
  </entry>
  <entry>
    <fullUrl value="http://hl7.eu/fhir/ig/gravitate-health/Ingredient/ingredient-for-tegretol-magnesiumstearate"/>
    <resource>
      <Ingredient>
        <id value="ingredient-for-tegretol-magnesiumstearate"/>
        <meta>
          <profile value="http://hl7.org/fhir/uv/emedicinal-product-info/StructureDefinition/Ingredient-uv-epi"/>
        </meta>
        <text>
          <status value="generated"/><div xmlns="http://www.w3.org/1999/xhtml"><a name="Ingredient_ingredient-for-tegretol-magnesiumstearate"> </a><p><b>Generated Narrative: Ingredient</b><a name="ingredient-for-tegretol-magnesiumstearate"> </a><a name="hcingredient-for-tegretol-magnesiumstearate"> </a></p><div style="display: inline-block; background-color: #d9e0e7; padding: 6px; margin: 4px; border: 1px solid #8da1b4; border-radius: 5px; line-height: 60%"><p style="margin-bottom: 0px">Resource Ingredient &quot;ingredient-for-tegretol-magnesiumstearate&quot; </p><p style="margin-bottom: 0px">Profile: <a href="https://build.fhir.org/ig/HL7/emedicinal-product-info//StructureDefinition-Ingredient-uv-epi.html">Ingredient (ePI)</a></p></div><p><b>identifier</b>: <code>https://gsrs.ncats.nih.gov/ginas/app/beta</code>/70097M6I30 (use: OFFICIAL)</p><p><b>status</b>: active</p><p><b>for</b>: </p><ul><li><a href="#ManufacturedItemDefinition_mid-2f37d696067eeb6daf1111cfc3272672">See above (ManufacturedItemDefinition/mid-2f37d696067eeb6daf1111cfc3272672)</a></li><li><a href="#MedicinalProductDefinition_mpac2bb08bb4cc3f51f8c4e3513034c019">See above (MedicinalProductDefinition/mpac2bb08bb4cc3f51f8c4e3513034c019)</a></li><li><a href="#AdministrableProductDefinition_ap-2f37d696067eeb6daf1111cfc3272672">See above (AdministrableProductDefinition/ap-2f37d696067eeb6daf1111cfc3272672)</a></li></ul><p><b>role</b>: Excipient <span style="background: LightGoldenRodYellow; margin: 4px; border: 1px solid khaki"> (rmswi#100000072082)</span></p><blockquote><p><b>substance</b></p><h3>Codes</h3><table class="grid"><tr><td style="display: none">-</td><td><b>Concept</b></td></tr><tr><td style="display: none">*</td><td>Magnesium stearate <span style="background: LightGoldenRodYellow; margin: 4px; border: 1px solid khaki"> (beta#70097M6I30)</span></td></tr></table></blockquote></div>
        </text>
        <identifier>
          <use value="official"/>
          <system value="https://gsrs.ncats.nih.gov/ginas/app/beta"/>
          <value value="70097M6I30"/>
        </identifier>
        <status value="active"/>
        <for>
          <reference value="ManufacturedItemDefinition/mid-2f37d696067eeb6daf1111cfc3272672"/>
        </for>
        <for>
          <reference value="MedicinalProductDefinition/mpac2bb08bb4cc3f51f8c4e3513034c019"/>
        </for>
        <for>
          <reference value="AdministrableProductDefinition/ap-2f37d696067eeb6daf1111cfc3272672"/>
        </for>
        <role>
          <coding>
            <system value="https://spor.ema.europa.eu/rmswi"/>
            <code value="100000072082"/>
            <display value="Excipient"/>
          </coding>
        </role>
        <substance>
          <code>
            <concept>
              <coding>
                <system value="https://gsrs.ncats.nih.gov/ginas/app/beta"/>
                <code value="70097M6I30"/>
                <display value="Magnesium stearate"/>
              </coding>
            </concept>
          </code>
        </substance>
      </Ingredient>
    </resource>
  </entry>
  <entry>
    <fullUrl value="http://hl7.eu/fhir/ig/gravitate-health/Ingredient/ingredient-for-tegretol-carboxymethylcellulose"/>
    <resource>
      <Ingredient>
        <id value="ingredient-for-tegretol-carboxymethylcellulose"/>
        <meta>
          <profile value="http://hl7.org/fhir/uv/emedicinal-product-info/StructureDefinition/Ingredient-uv-epi"/>
        </meta>
        <text>
          <status value="generated"/><div xmlns="http://www.w3.org/1999/xhtml"><a name="Ingredient_ingredient-for-tegretol-carboxymethylcellulose"> </a><p><b>Generated Narrative: Ingredient</b><a name="ingredient-for-tegretol-carboxymethylcellulose"> </a><a name="hcingredient-for-tegretol-carboxymethylcellulose"> </a></p><div style="display: inline-block; background-color: #d9e0e7; padding: 6px; margin: 4px; border: 1px solid #8da1b4; border-radius: 5px; line-height: 60%"><p style="margin-bottom: 0px">Resource Ingredient &quot;ingredient-for-tegretol-carboxymethylcellulose&quot; </p><p style="margin-bottom: 0px">Profile: <a href="https://build.fhir.org/ig/HL7/emedicinal-product-info//StructureDefinition-Ingredient-uv-epi.html">Ingredient (ePI)</a></p></div><p><b>identifier</b>: <code>https://gsrs.ncats.nih.gov/ginas/app/beta</code>/05JZI7B19X (use: OFFICIAL)</p><p><b>status</b>: active</p><p><b>for</b>: </p><ul><li><a href="#ManufacturedItemDefinition_mid-2f37d696067eeb6daf1111cfc3272672">See above (ManufacturedItemDefinition/mid-2f37d696067eeb6daf1111cfc3272672)</a></li><li><a href="#MedicinalProductDefinition_mpac2bb08bb4cc3f51f8c4e3513034c019">See above (MedicinalProductDefinition/mpac2bb08bb4cc3f51f8c4e3513034c019)</a></li><li><a href="#AdministrableProductDefinition_ap-2f37d696067eeb6daf1111cfc3272672">See above (AdministrableProductDefinition/ap-2f37d696067eeb6daf1111cfc3272672)</a></li></ul><p><b>role</b>: Excipient <span style="background: LightGoldenRodYellow; margin: 4px; border: 1px solid khaki"> (rmswi#100000072082)</span></p><blockquote><p><b>substance</b></p><h3>Codes</h3><table class="grid"><tr><td style="display: none">-</td><td><b>Concept</b></td></tr><tr><td style="display: none">*</td><td>CARBOXYMETHYLCELLULOSE <span style="background: LightGoldenRodYellow; margin: 4px; border: 1px solid khaki"> (beta#05JZI7B19X)</span></td></tr></table></blockquote></div>
        </text>
        <identifier>
          <use value="official"/>
          <system value="https://gsrs.ncats.nih.gov/ginas/app/beta"/>
          <value value="05JZI7B19X"/>
        </identifier>
        <status value="active"/>
        <for>
          <reference value="ManufacturedItemDefinition/mid-2f37d696067eeb6daf1111cfc3272672"/>
        </for>
        <for>
          <reference value="MedicinalProductDefinition/mpac2bb08bb4cc3f51f8c4e3513034c019"/>
        </for>
        <for>
          <reference value="AdministrableProductDefinition/ap-2f37d696067eeb6daf1111cfc3272672"/>
        </for>
        <role>
          <coding>
            <system value="https://spor.ema.europa.eu/rmswi"/>
            <code value="100000072082"/>
            <display value="Excipient"/>
          </coding>
        </role>
        <substance>
          <code>
            <concept>
              <coding>
                <system value="https://gsrs.ncats.nih.gov/ginas/app/beta"/>
                <code value="05JZI7B19X"/>
                <display value="CARBOXYMETHYLCELLULOSE"/>
              </coding>
            </concept>
          </code>
        </substance>
      </Ingredient>
    </resource>
  </entry>
  <entry>
    <fullUrl value="http://hl7.eu/fhir/ig/gravitate-health/SubstanceDefinition/substance-carbamazepine"/>
    <resource>
      <SubstanceDefinition>
        <id value="substance-carbamazepine"/>
        <meta>
          <profile value="http://hl7.org/fhir/uv/emedicinal-product-info/StructureDefinition/SubstanceDefinition-uv-epi"/>
        </meta>
        <text>
          <status value="generated"/><div xmlns="http://www.w3.org/1999/xhtml"><a name="SubstanceDefinition_substance-carbamazepine"> </a><p><b>Generated Narrative: SubstanceDefinition</b><a name="substance-carbamazepine"> </a><a name="hcsubstance-carbamazepine"> </a></p><div style="display: inline-block; background-color: #d9e0e7; padding: 6px; margin: 4px; border: 1px solid #8da1b4; border-radius: 5px; line-height: 60%"><p style="margin-bottom: 0px">Resource SubstanceDefinition &quot;substance-carbamazepine&quot; </p><p style="margin-bottom: 0px">Profile: <a href="https://build.fhir.org/ig/HL7/emedicinal-product-info//StructureDefinition-SubstanceDefinition-uv-epi.html">SubstanceDefinition (ePI)</a></p></div><p><b>identifier</b>: <code>https://gsrs.ncats.nih.gov/ginas/app/beta/</code>/33CM23913M (use: OFFICIAL)</p><p><b>version</b>: 1</p><p><b>status</b>: Active <span style="background: LightGoldenRodYellow; margin: 4px; border: 1px solid khaki"> (<a href="http://hl7.org/fhir/R5/codesystem-publication-status.html">PublicationStatus</a>#active)</span></p><p><b>manufacturer</b>: <a href="#Organization_mah-990eca26437774887062cfa11ea1d904">See above (Organization/mah-990eca26437774887062cfa11ea1d904)</a></p><h3>MolecularWeights</h3><table class="grid"><tr><td style="display: none">-</td><td><b>Type</b></td><td><b>Amount</b></td></tr><tr><td style="display: none">*</td><td>exact <span style="background: LightGoldenRodYellow; margin: 4px; border: 1px solid khaki"> ()</span></td><td>236.27</td></tr></table><h3>Structures</h3><table class="grid"><tr><td style="display: none">-</td><td><b>MolecularFormula</b></td></tr><tr><td style="display: none">*</td><td>C15H12N2O</td></tr></table><h3>Names</h3><table class="grid"><tr><td style="display: none">-</td><td><b>Name</b></td><td><b>Type</b></td></tr><tr><td style="display: none">*</td><td>5H-DIBENZ(B,F)AZEPINE-5-CARBOXAMIDE</td><td>Chemical Name <span style="background: LightGoldenRodYellow; margin: 4px; border: 1px solid khaki"> (#x)</span></td></tr></table></div>
        </text>
        <identifier>
          <use value="official"/>
          <system value="https://gsrs.ncats.nih.gov/ginas/app/beta/"/>
          <value value="33CM23913M"/>
        </identifier>
        <version value="1"/>
        <status>
          <coding>
            <system value="http://hl7.org/fhir/publication-status"/>
            <code value="active"/>
          </coding>
        </status>
        <manufacturer>
          <reference value="Organization/mah-990eca26437774887062cfa11ea1d904"/>
        </manufacturer>
        <molecularWeight>
          <type>
            <text value="exact"/>
          </type>
          <amount>
            <value value="236.27"/>
          </amount>
        </molecularWeight>
        <structure>
          <molecularFormula value="C15H12N2O"/>
        </structure>
        <name>
          <name value="5H-DIBENZ(B,F)AZEPINE-5-CARBOXAMIDE"/>
          <type>
            <coding>
              <system value="https://gsrs.ncats.nih.gov/ginas/app/beta/"/>
              <code value="x"/>
              <display value="Chemical Name"/>
            </coding>
          </type>
        </name>
      </SubstanceDefinition>
    </resource>
  </entry>
  <entry>
    <fullUrl value="http://hl7.eu/fhir/ig/gravitate-health/AdministrableProductDefinition/ap-2f37d696067eeb6daf1111cfc3272672"/>
    <resource>
      <AdministrableProductDefinition>
        <id value="ap-2f37d696067eeb6daf1111cfc3272672"/>
        <meta>
          <profile value="http://hl7.org/fhir/uv/emedicinal-product-info/StructureDefinition/AdministrableProductDefinition-uv-epi"/>
        </meta>
        <text>
          <status value="generated"/><div xmlns="http://www.w3.org/1999/xhtml"><a name="AdministrableProductDefinition_ap-2f37d696067eeb6daf1111cfc3272672"> </a><p><b>Generated Narrative: AdministrableProductDefinition</b><a name="ap-2f37d696067eeb6daf1111cfc3272672"> </a><a name="hcap-2f37d696067eeb6daf1111cfc3272672"> </a></p><div style="display: inline-block; background-color: #d9e0e7; padding: 6px; margin: 4px; border: 1px solid #8da1b4; border-radius: 5px; line-height: 60%"><p style="margin-bottom: 0px">Resource AdministrableProductDefinition &quot;ap-2f37d696067eeb6daf1111cfc3272672&quot; </p><p style="margin-bottom: 0px">Profile: <a href="https://build.fhir.org/ig/HL7/emedicinal-product-info//StructureDefinition-AdministrableProductDefinition-uv-epi.html">AdministrableProductDefinition (ePI)</a></p></div><p><b>identifier</b>: <code>https://spor.ema.europa.eu/pmswi</code>/EU/1/98/071/004</p><p><b>status</b>: active</p><p><b>formOf</b>: <a href="#MedicinalProductDefinition_mpac2bb08bb4cc3f51f8c4e3513034c019">See above (MedicinalProductDefinition/mpac2bb08bb4cc3f51f8c4e3513034c019)</a></p><p><b>administrableDoseForm</b>: tablet <span style="background: LightGoldenRodYellow; margin: 4px; border: 1px solid khaki"> (rmswi#200000002152)</span></p><p><b>unitOfPresentation</b>: tablet <span style="background: LightGoldenRodYellow; margin: 4px; border: 1px solid khaki"> (rmswi#200000002152)</span></p><p><b>producedFrom</b>: <a href="#ManufacturedItemDefinition_mid-2f37d696067eeb6daf1111cfc3272672">See above (ManufacturedItemDefinition/mid-2f37d696067eeb6daf1111cfc3272672)</a></p><blockquote><p><b>routeOfAdministration</b></p><p><b>code</b>: Oral use <span style="background: LightGoldenRodYellow; margin: 4px; border: 1px solid khaki"> (rmswi#100000073619)</span></p><h3>TargetSpecies</h3><table class="grid"><tr><td style="display: none">-</td><td><b>Code</b></td></tr><tr><td style="display: none">*</td><td>Human <span style="background: LightGoldenRodYellow; margin: 4px; border: 1px solid khaki"> (rmswi#100000109093)</span></td></tr></table></blockquote></div>
        </text>
        <identifier>
          <system value="https://spor.ema.europa.eu/pmswi"/>
          <value value="EU/1/98/071/004"/>
        </identifier>
        <status value="active"/>
        <formOf>
          <reference value="MedicinalProductDefinition/mpac2bb08bb4cc3f51f8c4e3513034c019"/>
        </formOf>
        <administrableDoseForm>
          <coding>
            <system value="https://spor.ema.europa.eu/rmswi"/>
            <code value="200000002152"/>
            <display value="tablet"/>
          </coding>
        </administrableDoseForm>
        <unitOfPresentation>
          <coding>
            <system value="https://spor.ema.europa.eu/rmswi"/>
            <code value="200000002152"/>
            <display value="tablet"/>
          </coding>
        </unitOfPresentation>
        <producedFrom>
          <reference value="ManufacturedItemDefinition/mid-2f37d696067eeb6daf1111cfc3272672"/>
        </producedFrom>
        <routeOfAdministration>
          <code>
            <coding>
              <system value="https://spor.ema.europa.eu/rmswi"/>
              <code value="100000073619"/>
              <display value="Oral use"/>
            </coding>
          </code>
          <targetSpecies>
            <code>
              <coding>
                <system value="https://spor.ema.europa.eu/rmswi"/>
                <code value="100000109093"/>
                <display value="Human"/>
              </coding>
            </code>
          </targetSpecies>
        </routeOfAdministration>
      </AdministrableProductDefinition>
    </resource>
  </entry>
  <entry>
    <fullUrl value="http://hl7.eu/fhir/ig/gravitate-health/RegulatedAuthorization/authorization2f37d696067eeb6daf1111cfc32726720"/>
    <resource>
      <RegulatedAuthorization>
        <id value="authorization2f37d696067eeb6daf1111cfc32726720"/>
        <meta>
          <profile value="http://hl7.org/fhir/uv/emedicinal-product-info/StructureDefinition/RegulatedAuthorization-uv-epi"/>
        </meta>
        <text>
          <status value="generated"/><div xmlns="http://www.w3.org/1999/xhtml"><a name="RegulatedAuthorization_authorization2f37d696067eeb6daf1111cfc32726720"> </a><p><b>Generated Narrative: RegulatedAuthorization</b><a name="authorization2f37d696067eeb6daf1111cfc32726720"> </a><a name="hcauthorization2f37d696067eeb6daf1111cfc32726720"> </a></p><div style="display: inline-block; background-color: #d9e0e7; padding: 6px; margin: 4px; border: 1px solid #8da1b4; border-radius: 5px; line-height: 60%"><p style="margin-bottom: 0px">Resource RegulatedAuthorization &quot;authorization2f37d696067eeb6daf1111cfc32726720&quot; </p><p style="margin-bottom: 0px">Profile: <a href="https://build.fhir.org/ig/HL7/emedicinal-product-info//StructureDefinition-RegulatedAuthorization-uv-epi.html">RegulatedAuthorization (ePI)</a></p></div><p><b>identifier</b>: <code>https://spor.ema.europa.eu/pmswi</code>/39.955 (use: OFFICIAL)</p><p><b>subject</b>: <a href="#MedicinalProductDefinition_mpac2bb08bb4cc3f51f8c4e3513034c019">See above (MedicinalProductDefinition/mpac2bb08bb4cc3f51f8c4e3513034c019)</a></p><p><b>type</b>: Marketing Authorisation <span style="background: LightGoldenRodYellow; margin: 4px; border: 1px solid khaki"> (rmswi#100000072062)</span></p><p><b>status</b>: Active <span style="background: LightGoldenRodYellow; margin: 4px; border: 1px solid khaki"> (<a href="http://hl7.org/fhir/R5/codesystem-publication-status.html">PublicationStatus</a>#active)</span></p><p><b>statusDate</b>: 2018-06-21</p><p><b>holder</b>: <a href="#Organization_mah-990eca26437774887062cfa11ea1d904">See above (Organization/mah-990eca26437774887062cfa11ea1d904)</a></p></div>
        </text>
        <identifier>
          <use value="official"/>
          <system value="https://spor.ema.europa.eu/pmswi"/>
          <value value="39.955"/>
        </identifier>
        <subject>
          <reference value="MedicinalProductDefinition/mpac2bb08bb4cc3f51f8c4e3513034c019"/>
        </subject>
        <type>
          <coding>
            <system value="https://spor.ema.europa.eu/rmswi"/>
            <code value="100000072062"/>
            <display value="Marketing Authorisation"/>
          </coding>
        </type>
        <status>
          <coding>
            <system value="http://hl7.org/fhir/publication-status"/>
            <code value="active"/>
            <display value="Active"/>
          </coding>
        </status>
        <statusDate value="2018-06-21"/>
        <holder>
          <reference value="Organization/mah-990eca26437774887062cfa11ea1d904"/>
        </holder>
      </RegulatedAuthorization>
    </resource>
  </entry>
  <entry>
    <fullUrl value="http://hl7.eu/fhir/ig/gravitate-health/Organization/mah-990eca26437774887062cfa11ea1d904"/>
    <resource>
      <Organization>
        <id value="mah-990eca26437774887062cfa11ea1d904"/>
        <meta>
          <profile value="http://hl7.org/fhir/uv/emedicinal-product-info/StructureDefinition/Organization-uv-epi"/>
        </meta>
        <text>
          <status value="generated"/><div xmlns="http://www.w3.org/1999/xhtml"><a name="Organization_mah-990eca26437774887062cfa11ea1d904"> </a><p><b>Generated Narrative: Organization</b><a name="mah-990eca26437774887062cfa11ea1d904"> </a><a name="hcmah-990eca26437774887062cfa11ea1d904"> </a></p><div style="display: inline-block; background-color: #d9e0e7; padding: 6px; margin: 4px; border: 1px solid #8da1b4; border-radius: 5px; line-height: 60%"><p style="margin-bottom: 0px">Resource Organization &quot;mah-990eca26437774887062cfa11ea1d904&quot; </p><p style="margin-bottom: 0px">Profile: <a href="https://build.fhir.org/ig/HL7/emedicinal-product-info//StructureDefinition-Organization-uv-epi.html">Organization (ePI)</a></p></div><p><b>identifier</b>: <code>https://spor.ema.europa.eu/omswi</code>/ORG-100001650 (use: OFFICIAL)</p><p><b>active</b>: true</p><p><b>type</b>: Marketing authorisation holder <span style="background: LightGoldenRodYellow; margin: 4px; border: 1px solid khaki"> (rmswi#220000000034)</span></p><p><b>name</b>: Novartis Farmacéutica, S.A.</p><h3>Contacts</h3><table class="grid"><tr><td style="display: none">-</td><td><b>Address</b></td></tr><tr><td style="display: none">*</td><td>Gran Via de les Corts Catalanes, 764 barcelona Spain(WORK)</td></tr></table></div>
        </text>
        <identifier>
          <use value="official"/>
          <system value="https://spor.ema.europa.eu/omswi"/>
          <value value="ORG-100001650"/>
        </identifier>
        <active value="true"/>
        <type>
          <coding>
            <system value="https://spor.ema.europa.eu/rmswi"/>
            <code value="220000000034"/>
            <display value="Marketing authorisation holder"/>
          </coding>
        </type>
        <name value="Novartis Farmacéutica, S.A."/>
        <contact>
          <address>
            <use value="work"/>
            <type value="physical"/>
            <text value="Gran Via de les Corts Catalanes, 764 barcelona Spain"/>
            <line value="Gran Via de les Corts Catalanes, 764"/>
            <city value="barcelona"/>
            <postalCode value="8013"/>
            <country value="Spain"/>
          </address>
        </contact>
      </Organization>
    </resource>
  </entry>
  <entry>
    <fullUrl value="http://hl7.eu/fhir/ig/gravitate-health/PackagedProductDefinition/ppd-1618faf0346b4539ed1e3d6b23353e60"/>
    <resource>
      <PackagedProductDefinition>
        <id value="ppd-1618faf0346b4539ed1e3d6b23353e60"/>
        <meta>
          <profile value="http://hl7.org/fhir/uv/emedicinal-product-info/StructureDefinition/PackagedProductDefinition-uv-epi"/>
        </meta>
        <text>
          <status value="generated"/><div xmlns="http://www.w3.org/1999/xhtml"><a name="PackagedProductDefinition_ppd-1618faf0346b4539ed1e3d6b23353e60"> </a><p><b>Generated Narrative: PackagedProductDefinition</b><a name="ppd-1618faf0346b4539ed1e3d6b23353e60"> </a><a name="hcppd-1618faf0346b4539ed1e3d6b23353e60"> </a></p><div style="display: inline-block; background-color: #d9e0e7; padding: 6px; margin: 4px; border: 1px solid #8da1b4; border-radius: 5px; line-height: 60%"><p style="margin-bottom: 0px">Resource PackagedProductDefinition &quot;ppd-1618faf0346b4539ed1e3d6b23353e60&quot; </p><p style="margin-bottom: 0px">Profile: <a href="https://build.fhir.org/ig/HL7/emedicinal-product-info//StructureDefinition-PackagedProductDefinition-uv-epi.html">PackagedProductDefinition (ePI)</a></p></div><p><b>identifier</b>: <code>https://spor.ema.europa.eu/pmswi</code>/39.955 (use: OFFICIAL)</p><p><b>name</b>: Tegretol 200 mg tablets 28</p><p><b>type</b>: Chemical Medicinal Prodcut <span style="background: LightGoldenRodYellow; margin: 4px; border: 1px solid khaki"> (rmswi#100000155527)</span></p><p><b>packageFor</b>: <a href="#MedicinalProductDefinition_mpac2bb08bb4cc3f51f8c4e3513034c019">See above (MedicinalProductDefinition/mpac2bb08bb4cc3f51f8c4e3513034c019)</a></p><p><b>status</b>: Active <span style="background: LightGoldenRodYellow; margin: 4px; border: 1px solid khaki"> (<a href="http://hl7.org/fhir/R5/codesystem-publication-status.html">PublicationStatus</a>#active)</span></p><p><b>statusDate</b>: 2012-02-07 13:28:17+0000</p><p><b>containedItemQuantity</b>: 50 {tablets}<span style="background: LightGoldenRodYellow"> (Details: UCUM code {tablets} = '{tablets}')</span></p><blockquote><p><b>packaging</b></p><p><b>type</b>: Box <span style="background: LightGoldenRodYellow; margin: 4px; border: 1px solid khaki"> (rmswi#100000073498)</span></p><p><b>quantity</b>: 1</p><p><b>material</b>: Cardboard <span style="background: LightGoldenRodYellow; margin: 4px; border: 1px solid khaki"> (rmswi#200000003529)</span></p><blockquote><p><b>packaging</b></p><p><b>identifier</b>: <code>https://spor.ema.europa.eu/pmswi</code>/168740</p><p><b>type</b>: Blister <span style="background: LightGoldenRodYellow; margin: 4px; border: 1px solid khaki"> (rmswi#100000073496)</span></p><p><b>quantity</b>: 28</p><p><b>material</b>: PolyVinyl Chloride <span style="background: LightGoldenRodYellow; margin: 4px; border: 1px solid khaki"> (rmswi#200000003222)</span></p><blockquote><p><b>containedItem</b></p></blockquote></blockquote></blockquote></div>
        </text>
        <identifier>
          <use value="official"/>
          <system value="https://spor.ema.europa.eu/pmswi"/>
          <value value="39.955"/>
        </identifier>
        <name value="Tegretol 200 mg tablets 28"/>
        <type>
          <coding>
            <system value="https://spor.ema.europa.eu/rmswi"/>
            <code value="100000155527"/>
            <display value="Chemical Medicinal Prodcut"/>
          </coding>
        </type>
        <packageFor>
          <reference value="MedicinalProductDefinition/mpac2bb08bb4cc3f51f8c4e3513034c019"/>
        </packageFor>
        <status>
          <coding>
            <system value="http://hl7.org/fhir/publication-status"/>
            <code value="active"/>
            <display value="Active"/>
          </coding>
        </status>
        <statusDate value="2012-02-07T13:28:17Z"/>
        <containedItemQuantity>
          <value value="50"/>
          <system value="http://unitsofmeasure.org"/>
          <code value="{tablets}"/>
        </containedItemQuantity>
        <packaging>
          <type>
            <coding>
              <system value="https://spor.ema.europa.eu/rmswi"/>
              <code value="100000073498"/>
              <display value="Box"/>
            </coding>
          </type>
          <quantity value="1"/>
          <material>
            <coding>
              <system value="https://spor.ema.europa.eu/rmswi"/>
              <code value="200000003529"/>
              <display value="Cardboard"/>
            </coding>
          </material>
          <packaging>
            <identifier>
              <system value="https://spor.ema.europa.eu/pmswi"/>
              <value value="168740"/>
            </identifier>
            <type>
              <coding>
                <system value="https://spor.ema.europa.eu/rmswi"/>
                <code value="100000073496"/>
                <display value="Blister"/>
              </coding>
            </type>
            <quantity value="28"/>
            <material>
              <coding>
                <system value="https://spor.ema.europa.eu/rmswi"/>
                <code value="200000003222"/>
                <display value="PolyVinyl Chloride"/>
              </coding>
            </material>
            <containedItem>
              <item>
                <reference>
                  <reference value="ManufacturedItemDefinition/mid-2f37d696067eeb6daf1111cfc3272672"/>
                </reference>
              </item>
            </containedItem>
          </packaging>
        </packaging>
      </PackagedProductDefinition>
    </resource>
  </entry>
  <entry>
    <fullUrl value="http://hl7.eu/fhir/ig/gravitate-health/MedicinalProductDefinition/mpac2bb08bb4cc3f51f8c4e3513034c019"/>
    <resource>
      <MedicinalProductDefinition>
        <id value="mpac2bb08bb4cc3f51f8c4e3513034c019"/>
        <meta>
          <profile value="http://hl7.org/fhir/uv/emedicinal-product-info/StructureDefinition/MedicinalProductDefinition-uv-epi"/>
        </meta>
        <text>
          <status value="generated"/><div xmlns="http://www.w3.org/1999/xhtml"><a name="MedicinalProductDefinition_mpac2bb08bb4cc3f51f8c4e3513034c019"> </a><p><b>Generated Narrative: MedicinalProductDefinition</b><a name="mpac2bb08bb4cc3f51f8c4e3513034c019"> </a><a name="hcmpac2bb08bb4cc3f51f8c4e3513034c019"> </a></p><div style="display: inline-block; background-color: #d9e0e7; padding: 6px; margin: 4px; border: 1px solid #8da1b4; border-radius: 5px; line-height: 60%"><p style="margin-bottom: 0px">Resource MedicinalProductDefinition &quot;mpac2bb08bb4cc3f51f8c4e3513034c019&quot; </p><p style="margin-bottom: 0px">Profile: <a href="https://build.fhir.org/ig/HL7/emedicinal-product-info//StructureDefinition-MedicinalProductDefinition-uv-epi.html">MedicinalProductDefinition (ePI)</a></p></div><p><b>identifier</b>: <code>https://spor.ema.europa.eu/pmswi</code>/39.955, <code>https://www.who-umc.org/phpid_4</code>/FB9808F4FED210183F412F9998622287, <code>https://www.who-umc.org/phpid_3</code>/5C62673C79E096D37914D32A45AA8F4D</p><p><b>type</b>: Medicinal Product <span style="background: LightGoldenRodYellow; margin: 4px; border: 1px solid khaki"> (<a href="http://hl7.org/fhir/R5/codesystem-medicinal-product-type.html">Medicinal Product Type</a>#MedicinalProduct)</span></p><p><b>domain</b>: Human use <span style="background: LightGoldenRodYellow; margin: 4px; border: 1px solid khaki"> (<a href="http://hl7.org/fhir/R5/codesystem-medicinal-product-domain.html">Medicinal Product Domain</a>#Human)</span></p><p><b>status</b>: active <span style="background: LightGoldenRodYellow; margin: 4px; border: 1px solid khaki"> (<a href="http://hl7.org/fhir/R5/codesystem-publication-status.html">PublicationStatus</a>#active)</span></p><p><b>legalStatusOfSupply</b>: Medicinal product subject to medical prescription <span style="background: LightGoldenRodYellow; margin: 4px; border: 1px solid khaki"> (rmswi#100000072084)</span></p><blockquote><p><b>name</b></p><p><b>productName</b>: Tegretol 200 mg tablets</p><p><b>type</b>: Full name <span style="background: LightGoldenRodYellow; margin: 4px; border: 1px solid khaki"> (220000000000#220000000001)</span></p><blockquote><p><b>part</b></p><p><b>part</b>: Tegretol</p><p><b>type</b>: Invented name part <span style="background: LightGoldenRodYellow; margin: 4px; border: 1px solid khaki"> (220000000000#220000000002)</span></p></blockquote><blockquote><p><b>part</b></p><p><b>part</b>: Carbamazepine</p><p><b>type</b>: Scientific name part <span style="background: LightGoldenRodYellow; margin: 4px; border: 1px solid khaki"> (220000000000#220000000003)</span></p></blockquote><blockquote><p><b>part</b></p><p><b>part</b>: 200 mg</p><p><b>type</b>: Strength part <span style="background: LightGoldenRodYellow; margin: 4px; border: 1px solid khaki"> (220000000000#220000000004)</span></p></blockquote><blockquote><p><b>part</b></p><p><b>part</b>: tablets</p><p><b>type</b>: Pharmaceutical dose form part <span style="background: LightGoldenRodYellow; margin: 4px; border: 1px solid khaki"> (220000000000#220000000005)</span></p></blockquote><h3>Usages</h3><table class="grid"><tr><td style="display: none">-</td><td><b>Country</b></td><td><b>Jurisdiction</b></td><td><b>Language</b></td></tr><tr><td style="display: none">*</td><td>Spain <span style="background: LightGoldenRodYellow; margin: 4px; border: 1px solid khaki"> (<a href="http://terminology.hl7.org/5.3.0/CodeSystem-ISO3166Part1.html">ISO 3166-1 Codes for the representation of names of countries and their subdivisions — Part 1: Country code</a>#ES)</span></td><td>Spain <span style="background: LightGoldenRodYellow; margin: 4px; border: 1px solid khaki"> (<a href="http://terminology.hl7.org/5.3.0/CodeSystem-ISO3166Part1.html">ISO 3166-1 Codes for the representation of names of countries and their subdivisions — Part 1: Country code</a>#ES)</span></td><td>English <span style="background: LightGoldenRodYellow; margin: 4px; border: 1px solid khaki"> (<a href="http://terminology.hl7.org/5.3.0/CodeSystem-v3-ietf3066.html">Tags for the Identification of Languages</a>#en)</span></td></tr></table></blockquote></div>
        </text>
        <identifier>
          <system value="https://spor.ema.europa.eu/pmswi"/>
          <value value="39.955"/>
        </identifier>
        <identifier>
          <system value="https://www.who-umc.org/phpid_4"/>
          <value value="FB9808F4FED210183F412F9998622287"/>
        </identifier>
        <identifier>
          <system value="https://www.who-umc.org/phpid_3"/>
          <value value="5C62673C79E096D37914D32A45AA8F4D"/>
        </identifier>
        <type>
          <coding>
            <system value="http://hl7.org/fhir/medicinal-product-type"/>
            <code value="MedicinalProduct"/>
            <display value="Medicinal Product"/>
          </coding>
        </type>
        <domain>
          <coding>
            <system value="http://hl7.org/fhir/medicinal-product-domain"/>
            <code value="Human"/>
            <display value="Human use"/>
          </coding>
        </domain>
        <status>
          <coding>
            <system value="http://hl7.org/fhir/publication-status"/>
            <code value="active"/>
            <display value="active"/>
          </coding>
        </status>
        <legalStatusOfSupply>
          <coding>
            <system value="https://spor.ema.europa.eu/rmswi"/>
            <code value="100000072084"/>
            <display value="Medicinal product subject to medical prescription"/>
          </coding>
        </legalStatusOfSupply>
        <name>
          <productName value="Tegretol 200 mg tablets"/>
          <type>
            <coding>
              <system value="https://spor.ema.europa.eu/lists/220000000000"/>
              <code value="220000000001"/>
              <display value="Full name"/>
            </coding>
          </type>
          <part>
            <part value="Tegretol"/>
            <type>
              <coding>
                <system value="https://spor.ema.europa.eu/lists/220000000000"/>
                <code value="220000000002"/>
                <display value="Invented name part"/>
              </coding>
            </type>
          </part>
          <part>
            <part value="Carbamazepine"/>
            <type>
              <coding>
                <system value="https://spor.ema.europa.eu/lists/220000000000"/>
                <code value="220000000003"/>
                <display value="Scientific name part"/>
              </coding>
            </type>
          </part>
          <part>
            <part value="200 mg"/>
            <type>
              <coding>
                <system value="https://spor.ema.europa.eu/lists/220000000000"/>
                <code value="220000000004"/>
                <display value="Strength part"/>
              </coding>
            </type>
          </part>
          <part>
            <part value="tablets"/>
            <type>
              <coding>
                <system value="https://spor.ema.europa.eu/lists/220000000000"/>
                <code value="220000000005"/>
                <display value="Pharmaceutical dose form part"/>
              </coding>
            </type>
          </part>
          <usage>
            <country>
              <coding>
                <system value="urn:iso:std:iso:3166"/>
                <code value="ES"/>
                <display value="Spain"/>
              </coding>
            </country>
            <jurisdiction>
              <coding>
                <system value="urn:iso:std:iso:3166"/>
                <code value="ES"/>
                <display value="Spain"/>
              </coding>
            </jurisdiction>
            <language>
              <coding>
                <system value="urn:ietf:bcp:47"/>
                <code value="en"/>
                <display value="English"/>
              </coding>
            </language>
          </usage>
        </name>
      </MedicinalProductDefinition>
    </resource>
  </entry>
  <entry>
    <fullUrl value="http://hl7.eu/fhir/ig/gravitate-health/ManufacturedItemDefinition/mid-2f37d696067eeb6daf1111cfc3272672"/>
    <resource>
      <ManufacturedItemDefinition>
        <id value="mid-2f37d696067eeb6daf1111cfc3272672"/>
        <meta>
          <profile value="http://hl7.org/fhir/uv/emedicinal-product-info/StructureDefinition/ManufacturedItemDefinition-uv-epi"/>
        </meta>
        <text>
          <status value="generated"/><div xmlns="http://www.w3.org/1999/xhtml"><a name="ManufacturedItemDefinition_mid-2f37d696067eeb6daf1111cfc3272672"> </a><p><b>Generated Narrative: ManufacturedItemDefinition</b><a name="mid-2f37d696067eeb6daf1111cfc3272672"> </a><a name="hcmid-2f37d696067eeb6daf1111cfc3272672"> </a></p><div style="display: inline-block; background-color: #d9e0e7; padding: 6px; margin: 4px; border: 1px solid #8da1b4; border-radius: 5px; line-height: 60%"><p style="margin-bottom: 0px">Resource ManufacturedItemDefinition &quot;mid-2f37d696067eeb6daf1111cfc3272672&quot; </p><p style="margin-bottom: 0px">Profile: <a href="https://build.fhir.org/ig/HL7/emedicinal-product-info//StructureDefinition-ManufacturedItemDefinition-uv-epi.html">ManufacturedItemDefinition (ePI)</a></p></div><p><b>identifier</b>: <code>https://spor.ema.europa.eu/pmswi</code>/39955 (use: OFFICIAL)</p><p><b>status</b>: active</p><p><b>manufacturedDoseForm</b>: Film-coated tablet <span style="background: LightGoldenRodYellow; margin: 4px; border: 1px solid khaki"> (#100000073665)</span></p><p><b>unitOfPresentation</b>: Tablet <span style="background: LightGoldenRodYellow; margin: 4px; border: 1px solid khaki"> (rmswi#200000002152)</span></p></div>
        </text>
        <identifier>
          <use value="official"/>
          <system value="https://spor.ema.europa.eu/pmswi"/>
          <value value="39955"/>
        </identifier>
        <status value="active"/>
        <manufacturedDoseForm>
          <coding>
            <system value="https://spor.ema.europa.eu/rmswi/"/>
            <code value="100000073665"/>
            <display value="Film-coated tablet"/>
          </coding>
        </manufacturedDoseForm>
        <unitOfPresentation>
          <coding>
            <system value="https://spor.ema.europa.eu/rmswi"/>
            <code value="200000002152"/>
            <display value="Tablet"/>
          </coding>
        </unitOfPresentation>
      </ManufacturedItemDefinition>
    </resource>
  </entry>
</Bundle>