<?xml version="1.0" encoding="UTF-8"?>

<Bundle xmlns="http://hl7.org/fhir">
  <id value="pedro-dimension-collection"/>
  <meta>
    <profile value="http://hl7.eu/fhir/ig/gravitate-health/StructureDefinition/persona-collection"/>
  </meta>
  <identifier>
    <system value="http://hl7.eu/fhir/ig/gravitate-health/persona-dimension-collection"/>
    <value value="pd-collection-1"/>
  </identifier>
  <type value="collection"/>
  <entry>
    <fullUrl value="http://hl7.eu/fhir/ig/gravitate-health/Observation/pedro-dimension-1"/>
    <resource>
      <Observation>
        <id value="pedro-dimension-1"/>
        <text>
          <status value="generated"/><div xmlns="http://www.w3.org/1999/xhtml"><a name="Observation_pedro-dimension-1"> </a><p><b>Generated Narrative: Observation</b><a name="pedro-dimension-1"> </a><a name="hcpedro-dimension-1"> </a></p><div style="display: inline-block; background-color: #d9e0e7; padding: 6px; margin: 4px; border: 1px solid #8da1b4; border-radius: 5px; line-height: 60%"><p style="margin-bottom: 0px">Resource Observation &quot;pedro-dimension-1&quot; </p></div><p><b>status</b>: final</p><p><b>code</b>: employment <span style="background: LightGoldenRodYellow; margin: 4px; border: 1px solid khaki"> (<a href="CodeSystem-pd-type-cs.html">Persona Vector Dimensions Code</a>#EMP)</span></p><p><b>subject</b>: <span>: Pedro-patient</span></p><p><b>effective</b>: 2019-01-01 00:00:00+0000</p><p><b>value</b>: Currently employed <span style="background: LightGoldenRodYellow; margin: 4px; border: 1px solid khaki"> (example.org#currenly-employed)</span></p></div>
        </text>
        <status value="final"/>
        <code>
          <coding>
            <system value="http://hl7.eu/fhir/ig/gravitate-health/CodeSystem/pd-type-cs"/>
            <code value="EMP"/>
          </coding>
        </code>
        <subject>
          <display value="Pedro-patient"/>
        </subject>
        <effectiveDateTime value="2019-01-01T00:00:00Z"/>
        <valueCodeableConcept>
          <coding>
            <system value="http://example.org"/>
            <code value="currenly-employed"/>
            <display value="Currently employed"/>
          </coding>
        </valueCodeableConcept>
      </Observation>
    </resource>
  </entry>
  <entry>
    <fullUrl value="http://hl7.eu/fhir/ig/gravitate-health/Observation/pedro-dimension-2"/>
    <resource>
      <Observation>
        <id value="pedro-dimension-2"/>
        <text>
          <status value="generated"/><div xmlns="http://www.w3.org/1999/xhtml"><a name="Observation_pedro-dimension-2"> </a><p><b>Generated Narrative: Observation</b><a name="pedro-dimension-2"> </a><a name="hcpedro-dimension-2"> </a></p><div style="display: inline-block; background-color: #d9e0e7; padding: 6px; margin: 4px; border: 1px solid #8da1b4; border-radius: 5px; line-height: 60%"><p style="margin-bottom: 0px">Resource Observation &quot;pedro-dimension-2&quot; </p></div><p><b>status</b>: final</p><p><b>code</b>: Share info Willingly <span style="background: LightGoldenRodYellow; margin: 4px; border: 1px solid khaki"> (<a href="CodeSystem-pd-type-cs.html">Persona Vector Dimensions Code</a>#SHW)</span></p><p><b>subject</b>: <span>: Pedro-patient</span></p><p><b>effective</b>: 2019-01-01 00:00:00+0000</p><p><b>value</b>: Medium willingness <span style="background: LightGoldenRodYellow; margin: 4px; border: 1px solid khaki"> (example.org#Medium)</span></p></div>
        </text>
        <status value="final"/>
        <code>
          <coding>
            <system value="http://hl7.eu/fhir/ig/gravitate-health/CodeSystem/pd-type-cs"/>
            <code value="SHW"/>
          </coding>
        </code>
        <subject>
          <display value="Pedro-patient"/>
        </subject>
        <effectiveDateTime value="2019-01-01T00:00:00Z"/>
        <valueCodeableConcept>
          <coding>
            <system value="http://example.org"/>
            <code value="Medium"/>
            <display value="Medium willingness"/>
          </coding>
        </valueCodeableConcept>
      </Observation>
    </resource>
  </entry>
  <entry>
    <fullUrl value="http://hl7.eu/fhir/ig/gravitate-health/Observation/pedro-dimension-3"/>
    <resource>
      <Observation>
        <id value="pedro-dimension-3"/>
        <text>
          <status value="generated"/><div xmlns="http://www.w3.org/1999/xhtml"><a name="Observation_pedro-dimension-3"> </a><p><b>Generated Narrative: Observation</b><a name="pedro-dimension-3"> </a><a name="hcpedro-dimension-3"> </a></p><div style="display: inline-block; background-color: #d9e0e7; padding: 6px; margin: 4px; border: 1px solid #8da1b4; border-radius: 5px; line-height: 60%"><p style="margin-bottom: 0px">Resource Observation &quot;pedro-dimension-3&quot; </p></div><p><b>status</b>: final</p><p><b>code</b>: WorkLife <span style="background: LightGoldenRodYellow; margin: 4px; border: 1px solid khaki"> (<a href="CodeSystem-pd-type-cs.html">Persona Vector Dimensions Code</a>#WKL)</span></p><p><b>subject</b>: <span>: Pedro-patient</span></p><p><b>effective</b>: 2019-01-01 00:00:00+0000</p><p><b>value</b>: Work Life Balance <span style="background: LightGoldenRodYellow; margin: 4px; border: 1px solid khaki"> (example.org#work-life)</span></p></div>
        </text>
        <status value="final"/>
        <code>
          <coding>
            <system value="http://hl7.eu/fhir/ig/gravitate-health/CodeSystem/pd-type-cs"/>
            <code value="WKL"/>
          </coding>
        </code>
        <subject>
          <display value="Pedro-patient"/>
        </subject>
        <effectiveDateTime value="2019-01-01T00:00:00Z"/>
        <valueCodeableConcept>
          <coding>
            <system value="http://example.org"/>
            <code value="work-life"/>
            <display value="Work Life Balance"/>
          </coding>
        </valueCodeableConcept>
      </Observation>
    </resource>
  </entry>
  <entry>
    <fullUrl value="http://hl7.eu/fhir/ig/gravitate-health/Observation/pedro-dimension-4"/>
    <resource>
      <Observation>
        <id value="pedro-dimension-4"/>
        <text>
          <status value="generated"/><div xmlns="http://www.w3.org/1999/xhtml"><a name="Observation_pedro-dimension-4"> </a><p><b>Generated Narrative: Observation</b><a name="pedro-dimension-4"> </a><a name="hcpedro-dimension-4"> </a></p><div style="display: inline-block; background-color: #d9e0e7; padding: 6px; margin: 4px; border: 1px solid #8da1b4; border-radius: 5px; line-height: 60%"><p style="margin-bottom: 0px">Resource Observation &quot;pedro-dimension-4&quot; </p></div><p><b>status</b>: final</p><p><b>code</b>: Extrovert/introvert <span style="background: LightGoldenRodYellow; margin: 4px; border: 1px solid khaki"> (<a href="CodeSystem-pd-type-cs.html">Persona Vector Dimensions Code</a>#EVI)</span></p><p><b>subject</b>: <span>: Pedro-patient</span></p><p><b>effective</b>: 2019-01-01 00:00:00+0000</p><p><b>value</b>: Introvert</p></div>
        </text>
        <status value="final"/>
        <code>
          <coding>
            <system value="http://hl7.eu/fhir/ig/gravitate-health/CodeSystem/pd-type-cs"/>
            <code value="EVI"/>
          </coding>
        </code>
        <subject>
          <display value="Pedro-patient"/>
        </subject>
        <effectiveDateTime value="2019-01-01T00:00:00Z"/>
        <valueString value="Introvert"/>
      </Observation>
    </resource>
  </entry>
  <entry>
    <fullUrl value="http://hl7.eu/fhir/ig/gravitate-health/Observation/pedro-dimension-5"/>
    <resource>
      <Observation>
        <id value="pedro-dimension-5"/>
        <text>
          <status value="generated"/><div xmlns="http://www.w3.org/1999/xhtml"><a name="Observation_pedro-dimension-5"> </a><p><b>Generated Narrative: Observation</b><a name="pedro-dimension-5"> </a><a name="hcpedro-dimension-5"> </a></p><div style="display: inline-block; background-color: #d9e0e7; padding: 6px; margin: 4px; border: 1px solid #8da1b4; border-radius: 5px; line-height: 60%"><p style="margin-bottom: 0px">Resource Observation &quot;pedro-dimension-5&quot; </p></div><p><b>status</b>: final</p><p><b>code</b>: Emotional/Rational <span style="background: LightGoldenRodYellow; margin: 4px; border: 1px solid khaki"> (<a href="CodeSystem-pd-type-cs.html">Persona Vector Dimensions Code</a>#ER)</span></p><p><b>subject</b>: <span>: Pedro-patient</span></p><p><b>effective</b>: 2019-01-01 00:00:00+0000</p><p><b>value</b>: 4</p></div>
        </text>
        <status value="final"/>
        <code>
          <coding>
            <system value="http://hl7.eu/fhir/ig/gravitate-health/CodeSystem/pd-type-cs"/>
            <code value="ER"/>
          </coding>
        </code>
        <subject>
          <display value="Pedro-patient"/>
        </subject>
        <effectiveDateTime value="2019-01-01T00:00:00Z"/>
        <valueInteger value="4"/>
      </Observation>
    </resource>
  </entry>
  <entry>
    <fullUrl value="http://hl7.eu/fhir/ig/gravitate-health/Observation/pedro-dimension-6"/>
    <resource>
      <Observation>
        <id value="pedro-dimension-6"/>
        <text>
          <status value="generated"/><div xmlns="http://www.w3.org/1999/xhtml"><a name="Observation_pedro-dimension-6"> </a><p><b>Generated Narrative: Observation</b><a name="pedro-dimension-6"> </a><a name="hcpedro-dimension-6"> </a></p><div style="display: inline-block; background-color: #d9e0e7; padding: 6px; margin: 4px; border: 1px solid #8da1b4; border-radius: 5px; line-height: 60%"><p style="margin-bottom: 0px">Resource Observation &quot;pedro-dimension-6&quot; </p></div><p><b>status</b>: final</p><p><b>code</b>: Health Literacy <span style="background: LightGoldenRodYellow; margin: 4px; border: 1px solid khaki"> (<a href="CodeSystem-pd-type-cs.html">Persona Vector Dimensions Code</a>#HL)</span></p><p><b>subject</b>: <span>: Pedro-patient</span></p><p><b>effective</b>: 2019-01-01 00:00:00+0000</p><p><b>value</b>: medium-high literacy</p></div>
        </text>
        <status value="final"/>
        <code>
          <coding>
            <system value="http://hl7.eu/fhir/ig/gravitate-health/CodeSystem/pd-type-cs"/>
            <code value="HL"/>
          </coding>
        </code>
        <subject>
          <display value="Pedro-patient"/>
        </subject>
        <effectiveDateTime value="2019-01-01T00:00:00Z"/>
        <valueString value="medium-high literacy"/>
      </Observation>
    </resource>
  </entry>
  <entry>
    <fullUrl value="http://hl7.eu/fhir/ig/gravitate-health/Observation/pedro-dimension-7"/>
    <resource>
      <Observation>
        <id value="pedro-dimension-7"/>
        <text>
          <status value="generated"/><div xmlns="http://www.w3.org/1999/xhtml"><a name="Observation_pedro-dimension-7"> </a><p><b>Generated Narrative: Observation</b><a name="pedro-dimension-7"> </a><a name="hcpedro-dimension-7"> </a></p><div style="display: inline-block; background-color: #d9e0e7; padding: 6px; margin: 4px; border: 1px solid #8da1b4; border-radius: 5px; line-height: 60%"><p style="margin-bottom: 0px">Resource Observation &quot;pedro-dimension-7&quot; </p></div><p><b>status</b>: final</p><p><b>code</b>: Digital Literacy <span style="background: LightGoldenRodYellow; margin: 4px; border: 1px solid khaki"> (<a href="CodeSystem-pd-type-cs.html">Persona Vector Dimensions Code</a>#DL)</span></p><p><b>subject</b>: <span>: Pedro-patient</span></p><p><b>effective</b>: 2019-01-01 00:00:00+0000</p><p><b>value</b>: High literacy</p></div>
        </text>
        <status value="final"/>
        <code>
          <coding>
            <system value="http://hl7.eu/fhir/ig/gravitate-health/CodeSystem/pd-type-cs"/>
            <code value="DL"/>
          </coding>
        </code>
        <subject>
          <display value="Pedro-patient"/>
        </subject>
        <effectiveDateTime value="2019-01-01T00:00:00Z"/>
        <valueString value="High literacy"/>
      </Observation>
    </resource>
  </entry>
  <entry>
    <fullUrl value="http://hl7.eu/fhir/ig/gravitate-health/Observation/pedro-dimension-8"/>
    <resource>
      <Observation>
        <id value="pedro-dimension-8"/>
        <text>
          <status value="generated"/><div xmlns="http://www.w3.org/1999/xhtml"><a name="Observation_pedro-dimension-8"> </a><p><b>Generated Narrative: Observation</b><a name="pedro-dimension-8"> </a><a name="hcpedro-dimension-8"> </a></p><div style="display: inline-block; background-color: #d9e0e7; padding: 6px; margin: 4px; border: 1px solid #8da1b4; border-radius: 5px; line-height: 60%"><p style="margin-bottom: 0px">Resource Observation &quot;pedro-dimension-8&quot; </p></div><p><b>status</b>: final</p><p><b>code</b>: Tool Support Interest <span style="background: LightGoldenRodYellow; margin: 4px; border: 1px solid khaki"> (<a href="CodeSystem-pd-type-cs.html">Persona Vector Dimensions Code</a>#TSI)</span></p><p><b>subject</b>: <span>: Pedro-patient</span></p><p><b>effective</b>: 2019-01-01 00:00:00+0000</p><p><b>value</b>: Very Willing <span style="background: LightGoldenRodYellow; margin: 4px; border: 1px solid khaki"> (example.org#VW)</span></p></div>
        </text>
        <status value="final"/>
        <code>
          <coding>
            <system value="http://hl7.eu/fhir/ig/gravitate-health/CodeSystem/pd-type-cs"/>
            <code value="TSI"/>
          </coding>
        </code>
        <subject>
          <display value="Pedro-patient"/>
        </subject>
        <effectiveDateTime value="2019-01-01T00:00:00Z"/>
        <valueCodeableConcept>
          <coding>
            <system value="http://example.org"/>
            <code value="VW"/>
            <display value="Very Willing"/>
          </coding>
        </valueCodeableConcept>
      </Observation>
    </resource>
  </entry>
</Bundle>