<?xml version="1.0" encoding="UTF-8"?>

<Bundle xmlns="http://hl7.org/fhir">
  <id value="47338"/>
  <meta>
    <profile value="http://hl7.org/fhir/uv/emedicinal-product-info/StructureDefinition/Bundle-uv-epi"/>
  </meta>
  <language value="fi"/>
  <identifier>
    <system value="https://pharmaca.fi/documentId"/>
    <value value="47338"/>
  </identifier>
  <type value="document"/>
  <timestamp value="2023-03-07T05:11:03Z"/>
  <entry>
    <fullUrl value="https://gravitatehealth.eu/fhir/nordic-epi/Composition/47338"/>
    <resource>
      <Composition>
        <id value="47338"/>
        <meta>
          <profile value="http://hl7.org/fhir/uv/emedicinal-product-info/StructureDefinition/Composition-uv-epi"/>
          <profile value="https://gravitatehealth.eu/fhir/nordic-epi-ig/StructureDefinition/Nordic-ePI-Composition-PIL"/>
        </meta>
        <language value="fi"/>
        <text>
          <status value="generated"/><div xmlns="http://www.w3.org/1999/xhtml" xml:lang="fi" lang="fi"><a name="Composition_47338"> </a><p><b>Generated Narrative: Composition</b><a name="47338"> </a><a name="hc47338"> </a></p><div style="display: inline-block; background-color: #d9e0e7; padding: 6px; margin: 4px; border: 1px solid #8da1b4; border-radius: 5px; line-height: 60%"><p style="margin-bottom: 0px">Resource Composition &quot;47338&quot;  (Language &quot;fi&quot;) </p><p style="margin-bottom: 0px">Profiles: <a href="https://build.fhir.org/ig/HL7/emedicinal-product-info//StructureDefinition-Composition-uv-epi.html">Composition (ePI)</a>, <code>https://gravitatehealth.eu/fhir/nordic-epi-ig/StructureDefinition/Nordic-ePI-Composition-PIL</code></p></div><p><b>identifier</b>: <code>https://pharmaca.fi/documentId</code>/47338</p><p><b>status</b>: final</p><p><b>type</b>: 100000155538 <span style="background: LightGoldenRodYellow; margin: 4px; border: 1px solid khaki"> (#100000155538)</span></p><p><b>date</b>: 2023-03-07 05:11:03+0000</p><p><b>author</b>: <span><code>https://gravitatehealth.eu/organization</code>/Pharmaca Health Intelligence Oy</span></p><p><b>title</b>: PENTASA depottabletti 1 g</p></div>
        </text>
        <identifier>
          <system value="https://pharmaca.fi/documentId"/>
          <value value="47338"/>
        </identifier>
        <status value="final"/>
        <type>
          <coding>
            <system value="https://spor.ema.europa.eu/v1/lists/100000155531/terms/"/>
            <code value="100000155538"/>
          </coding>
        </type>
        <subject>
          <reference value="MedicinalProductDefinition/IBD-MPD-25"/>
        </subject>
        <date value="2023-03-07T05:11:03Z"/>
        <author>
          <identifier>
            <system value="https://gravitatehealth.eu/organization"/>
            <value value="Pharmaca Health Intelligence Oy"/>
          </identifier>
        </author>
        <title value="PENTASA depottabletti 1 g"/>
        <section>
          <title value="Lisätietoa"/>
          <code>
            <coding>
              <system value="https://spor.ema.europa.eu/v1/lists/200000029659/terms/"/>
              <code value="200000029894"/>
            </coding>
          </code>
          <text>
            <status value="additional"/><div xmlns="http://www.w3.org/1999/xhtml">
                     <b>
                        <strong>PENTASA<sup>®</sup> 1 g depottabletti</strong>
                     </b>
                     <p>mesalatsiini</p>
                  </div>
          </text>
          <section>
            <title value="Yleisiä ohjeita"/>
            <code>
              <coding>
                <system value="https://gravitatehealth.eu/section"/>
                <code value="rules"/>
              </coding>
            </code>
            <text>
              <status value="additional"/><div xmlns="http://www.w3.org/1999/xhtml">
                        <h2>Yleisiä ohjeita</h2>
                        <p>
                           <strong>Lue tämä pakkausseloste huolellisesti, ennen kuin aloitat lääkkeen käyttämisen, sillä se sisältää sinulle tärkeitä tietoja.</strong>
                        </p>
                        <ul>
                           <li>Säilytä tämä pakkausseloste. Voit tarvita sitä myöhemmin.</li>
                           <li>Jos sinulla on kysyttävää, käänny lääkärin tai apteekkihenkilökunnan puoleen.</li>
                           <li>Tämä lääke on määrätty vain sinulle eikä sitä tule antaa muiden käyttöön. Se voi aiheuttaa haittaa muille, vaikka heillä olisikin samanlaiset oireet kuin sinulla.</li>
                           <li>Jos havaitset haittavaikutuksia, käänny lääkärin tai apteekkihenkilökunnan puoleen.Tämä koskee myös sellaisia mahdollisia haittavaikutuksia, joita ei ole mainittu tässä pakkausselosteessa. Ks. kohta <a class="cross-reference">Mahdolliset haittavaikutukset</a>.</li>
                        </ul>
                     </div>
            </text>
          </section>
          <section>
            <title value="Tässä pakkausselosteessa kerrotaan"/>
            <code>
              <coding>
                <system value="https://gravitatehealth.eu/section"/>
                <code value="toc"/>
              </coding>
            </code>
            <text>
              <status value="additional"/><div xmlns="http://www.w3.org/1999/xhtml">
                        <h2>Tässä pakkausselosteessa kerrotaan</h2>
                        <p> 1. Mitä Pentasa on ja mihin sitä käytetään</p>
                        <p> 2. Mitä sinun on tiedettävä, ennen kuin käytät Pentasaa</p>
                        <p> 3. Miten Pentasaa käytetään</p>
                        <p> 4. Mahdolliset haittavaikutukset</p>
                        <p> 5. Pentasan säilyttäminen</p>
                        <p> 6. Pakkauksen sisältö ja muuta tietoa</p>
                     </div>
            </text>
          </section>
          <section>
            <title value="Mitä valmiste on ja mihin sitä käytetään"/>
            <code>
              <coding>
                <system value="https://spor.ema.europa.eu/v1/lists/200000029659/terms/"/>
                <code value="200000029895"/>
              </coding>
            </code>
            <text>
              <status value="additional"/><div xmlns="http://www.w3.org/1999/xhtml">
                        <h2>Mitä valmiste on ja mihin sitä käytetään</h2>
                        <p>Pentasa-depottabletin vaikuttavalla aineella mesalatsiinilla on tulehdusta parantava vaikutus suolistossa. Pentasa vaikuttaa erityisesti suoliston seinämässä sijaitsevaan tulehtuneeseen kudokseen.</p>
                        <p>Pentasa<strong>-</strong>depottabletteja käytetään haavaiseen paksusuolitulehdukseen ja Crohnin tautiin.</p>
                        <p>Mesalatsiinia, jota Pentasa sisältää, voidaan joskus käyttää myös muiden kuin tässä pakkausselosteessa mainittujen sairauksien hoitoon.</p>
                        <p>Kysy neuvoa lääkäriltä, apteekkihenkilökunnalta tai muulta terveydenhuollon ammattilaiselta tarvittaessa ja noudata aina heiltä saamiasi ohjeita. </p>
                     </div>
            </text>
          </section>
          <section>
            <title value="Mitä sinun on tiedettävä ennen valmisteen käyttöä"/>
            <code>
              <coding>
                <system value="https://spor.ema.europa.eu/v1/lists/200000029659/terms/"/>
                <code value="200000029896"/>
              </coding>
            </code>
            <text>
              <status value="additional"/><div xmlns="http://www.w3.org/1999/xhtml">
                        <h2>Mitä sinun on tiedettävä ennen valmisteen käyttöä</h2>
                        <p>
                           <strong>Älä käytä Pentasa-depottabletteja</strong>
                        </p>
                        <ul>
                           <li>jos olet allerginen mesalatsiinille tai tämän lääkkeen jollekin muulle aineelle (lueteltu kohdassa <a class="cross-reference">Pakkauksen sisältö ja muuta tietoa</a>).</li>
                           <li>jos olet allerginen salisylaateille</li>
                           <li>jos sinulla on vaikea maksa- tai munuaissairaus.</li>
                        </ul>
                        <p>
                           <strong>Varoitukset ja varotoimet</strong>
                        </p>
                        <p>Keskustele lääkärin tai apteekkihenkilökunnan kanssa ennen kuin käytät Pentasaa</p>
                        <ul>
                           <li>jos sinulla on tai on ollut alentunut maksan tai munuaisten toiminta</li>
                           <li>jos olet allerginen (yliherkkä) sulfasalatsiinille</li>
                           <li>jos käytät munuaisten toimintaan mahdollisesti vaikuttavaa lääkitystä</li>
                           <li>jos sinulla on keuhkosairaus, erityisesti astma</li>
                           <li>jos sinua hoidetaan atsatiopriinia, 6-merkaptopuriinia tai tioguaniinia sisältävällä valmisteella</li>
                           <li>jos sinulla ilmaantuu äkillisesti kramppeja, vatsakipua, kuumetta, kovaa päänsärkyä ja ihottumaa. Tällaisessa tapauksessa lopeta Pentasan käyttö ja ota yhteyttä lääkäriin.</li>
                           <li>Munuaiskiviä voi muodostua mesalatsiinin käytön yhteydessä. Oireita voivat olla kipu vatsan sivuilla ja veri virtsassa. Muista juoda riittävä määrä nestettä mesalatsiinihoidon aikana.</li>
                           <li>jos olet aiemmin saanut vaikean ihottuman tai jos sinulla on esiintynyt ihon kesimistä, rakkuloita ja/tai suun haavaumia mesalatsiinin käytön jälkeen.</li>
                        </ul>
                        <p>Mesalatsiinihoidon yhteydessä on ilmoitettu vakavia ihoreaktioita, mukaan lukien yleisoireista eosinofiilista oireyhtymää, Stevens-Johnsonin oireyhtymää ja toksista epidermaalista nekrolyysiä. Lopeta mesalatsiinin käyttö ja hakeudu lääkäriin välittömästi, jos huomaat mitä tahansa oireita, jotka liittyvät kohdassa <a class="cross-reference">Mahdolliset haittavaikutukset</a> kuvattuihin vakaviin ihoreaktioihin.</p>
                        <p>Mesalatsiini voi aiheuttaa virtsan värjäytymisen punaruskeaksi, kun se on ollut kontaktissa natriumhypokloriittia sisältävän valkaisevan puhdistusaineen kanssa WC-pytyssä. Tämä johtuu mesalatsiinin ja valkaisuaineen välisestä kemiallisesta reaktiosta ja on harmitonta.</p>
                        <p>
                           <strong>Muut lääkevalmisteet ja Pentasa</strong>
                        </p>
                        <p>Kerro lääkärille tai apteekkihenkilökunnalle, jos parhaillaan käytät tai olet äskettäin käyttänyt tai saatat käyttää muita lääkkeitä.</p>
                        <p>
                           <strong>Raskaus, imetys ja hedelmällisyys</strong>
                        </p>
                        <p>Tiedot raskaudenaikaisesta käytöstä ovat vähäisiä.</p>
                        <p>Mesalatsiini kulkeutuu äidinmaitoon. Suun kautta otetun mesalatsiinin käytöstä imettävillä naisilla on vain vähän kokemusta. Jos olet raskaana tai imetät, epäilet olevasi raskaana tai jos suunnittelet lapsen hankkimista, kysy lääkäriltä neuvoa ennen tämän lääkkeen käyttöä.</p>
                        <p>
                           <strong>Ajaminen ja koneiden käyttö</strong>
                        </p>
                        <p>Pentasan vaikutus ajamiseen ja koneiden käyttöön on epätodennäköinen.</p>
                     </div>
            </text>
          </section>
          <section>
            <title value="Miten valmistetta käytetään"/>
            <code>
              <coding>
                <system value="https://spor.ema.europa.eu/v1/lists/200000029659/terms/"/>
                <code value="200000029905"/>
              </coding>
            </code>
            <text>
              <status value="additional"/><div xmlns="http://www.w3.org/1999/xhtml">
                        <h2>Miten valmistetta käytetään</h2>
                        <p>Käytä tätä lääkettä juuri siten kuin lääkäri on määrännyt. Tarkista ohjeet lääkäriltä tai apteekista, jos olet epävarma.</p>
                        <p>
                           <strong>Annostus</strong>
                        </p>
                        <p>
                           <strong>
                              <span class="underline">Haavainen paksusuolitulehdus:</span>
                           </strong>
                        </p>
                        <p>
                           <strong>Aikuiset:</strong>
                        </p>
                        <p>
                           <em>Aktiivisen sairauden hoito:</em>
                        </p>
                        <p>Annostus on yksilöllinen, aloitetaan annoksella 2-4 g vuorokaudessa joko kerta-annoksena tai jaettuna useaan annoskertaan. Enimmäisannos on 4 g/vrk.</p>
                        <p>
                           <em>Ylläpitohoito:</em>
                        </p>
                        <p>Suositeltava annos on 2 g kerran vuorokaudessa.</p>
                        <p>
                           <strong>Lapset:</strong>
                        </p>
                        <p>Saatavissa on vain rajoitetusti tietoa mesalatsiinin tehosta lapsille (6-18 vuotiaat).</p>
                        <p>
                           <span class="underline">Yli 6-vuotiaat lapset</span>
                        </p>
                        <p>
                           <em>Aktiivisen sairauden hoito:</em>
                        </p>
                        <p>Annostus määritellään yksilöllisesti, aloittaen annoksesta 30-50 mg/kg/päivä jaettuna useaan annoskertaan. Maksimiannos on 75 mg/kg/päivä jaettuna useaan annoskertaan. Kokonaisannos ei saa ylittää 4 g/päivä (aikuisten enimmäisannos).</p>
                        <p>
                           <em>Ylläpitohoito: </em>
                        </p>
                        <p>Annostus määritellään yksilöllisesti, aloittaen annoksesta 15-30 mg/kg/päivä jaettuna useaan annoskertaan. Kokonaisannos ei saa ylittää aikuisten suositeltua annosta.</p>
                        <p>Oikean annostelun takaamiseksi voidaan lapsille vaihtoehtoisesti käyttää Pentasa 500 mg depottabletteja.</p>
                        <p>Yleisesti suositellaan, että alle 40 kg painoisille lapsille annetaan puolet aikuisen annoksesta ja yli 40 kg painaville lapsille aikuisen annos.</p>
                        <p>
                           <strong>
                              <span class="underline">Crohnin tauti:</span>
                           </strong>
                        </p>
                        <p>
                           <strong>Aikuiset:</strong>
                        </p>
                        <p>
                           <em>Aktiivisen sairauden hoito:</em>
                        </p>
                        <p>Annostus on yksilöllinen, aloitetaan annoksella 2-4 g vuorokaudessa jaettuna useaan annoskertaan. Enimmäisannos 4 g/vrk.</p>
                        <p>
                           <em>Ylläpitohoito:</em>
                        </p>
                        <p>Suositeltava annos on 2-3 g vuorokaudessa jaettuna useaan annoskertaan.</p>
                        <p>
                           <strong>Lapset:</strong>
                        </p>
                        <p>Saatavissa on vain rajoitetusti tietoa mesalatsiinin tehosta lapsille (6-18 vuotiaat).</p>
                        <p>
                           <span class="underline">Yli 6-vuotiaat lapset</span>
                        </p>
                        <p>
                           <em>Aktiivisen sairauden hoito:</em>
                        </p>
                        <p>Annostus määritellään yksilöllisesti, aloittaen annoksesta 30-50 mg/kg/päivä jaettuna useaan annoskertaan. Maksimiannos on 75 mg/kg/päivä jaettuna useaan annoskertaan. Kokonaisannos ei saa ylittää 4 g/päivä (aikuisten enimmäisannos).</p>
                        <p>
                           <em>Ylläpitohoito: </em>
                        </p>
                        <p>Annostus määritellään yksilöllisesti, aloittaen annoksesta 15-30 mg/kg/päivä jaettuna useaan annoskertaan. Kokonaisannos ei saa ylittää aikuisten suositeltua annosta.</p>
                        <p>Oikean annostelun takaamiseksi voidaan vaihtoehtoisesti käyttää Pentasa 500 mg depottabletteja.</p>
                        <p>Yleisesti suositellaan, että alle 40 kg painoisille lapsille annetaan puolet aikuisen annoksesta ja yli 40 kg painaville lapsille aikuisen annos.</p>
                        <p>Valmiste on tarkoitettu otettavaksi suun kautta.</p>
                        <p>
                           <strong>Käyttöohjeet</strong>
                        </p>
                        <p>Tabletit on nieltävä kokonaisina. Ne voidaan myös liuottaa 50 ml vettä tai mehua juuri ennen ottamista. Sekoitetaan ja juodaan välittömästi. Tabletteja ei saa kuitenkaan pureskella eikä jauhaa.</p>
                        <p>
                           <strong>Jos käytät enemmän Pentasaa kuin sinun pitäisi</strong>
                        </p>
                        <p>Yliannostustapauksista ei ole tietoa.</p>
                        <p>Jos olet ottanut liian suuren lääkeannoksen tai vaikkapa lapsi on ottanut lääkettä vahingossa, ota aina yhteyttä lääkäriin, sairaalaan tai Myrkytystietokeskukseen <span>
                              <span>(puh. 0800 147 111) </span>
                           </span> riskien arvioimiseksi ja lisäohjeiden saamiseksi.</p>
                        <p>
                           <strong>Jos unohdat ottaa Pentasan</strong>
                        </p>
                        <p>Älä ota kaksinkertaista annosta korvataksesi unohtamasi tabletin.</p>
                        <p>Jos sinulla on kysymyksiä tämän lääkkeen käytöstä, käänny lääkärisi tai apteekin puoleen.</p>
                     </div>
            </text>
          </section>
          <section>
            <title value="Mahdolliset haittavaikutukset"/>
            <code>
              <coding>
                <system value="https://spor.ema.europa.eu/v1/lists/200000029659/terms/"/>
                <code value="200000029910"/>
              </coding>
            </code>
            <text>
              <status value="additional"/><div xmlns="http://www.w3.org/1999/xhtml">
                        <h2>Mahdolliset haittavaikutukset</h2>
                        <p>Kuten kaikki lääkkeet, tämäkin lääke voi aiheuttaa haittavaikutuksia. Kaikki eivät kuitenkaan niitä saa.</p>
                        <p>Lopeta mesalatsiinin käyttäminen ja hakeudu välittömästi lääkärin hoitoon, jos sinulla ilmenee jokin seuraavista oireista:</p>
                        <p>- punoittavat läiskät keholla (maalitaulun näköiset tai rengasmaiset läiskät, joiden keskellä saattaa olla rakkuloita); ihon kesiminen, haavaumat suussa, nielussa, nenässä, sukupuolielimissä ja silmissä, laajalle levinnyt ihottuma, kuume ja imusolmukkeiden suurentuminen. Näitä vakavia ihottumia edeltää usein kuume ja/tai flunssan kaltaiset oireet.</p>
                        <p>
                           <em>Yleiset</em>
                           <em>(yli 1 potilaalla sadasta):</em> päänsärky, ripuli, vatsakipu, pahoinvointi, oksentelu, ilmavaivat, ihottuma</p>
                        <p>
                           <em>Harvinaiset (alle 1 potilaalla tuhannesta):</em> huimaus, sydänlihaksen- ja sydänpussintulehdus, suurentunut amylaasipitoisuus, haimatulehdus, ihon epänormaalin herkkä reagointi auringonvaloon ja ultraviolettivaloon (valoherkkyys).</p>
                        <p>
                           <em>Hyvin harvinaiset (alle 1 potilaalla kymmenestätuhannesta):</em> verenkuvan muutokset (esim. anemia), yliherkkyysreaktio (esim. allerginen rokkoihottuma), lääkekuume, pistely ja tunnottomuus käsissä ja jaloissa (perifeerinen neuropatia), allerginen keuhkorakkulatulehdus, allergiset keuhkoreaktiot (esim. hengenahdistus ja yskä), koko paksusuolen tulehdus, maksan ja munuaisten toiminnan häiriöt, ohimenevä hiustenlähtö, lihas- ja nivelkipu, punoittava ihottuma, virtsan värjäytyminen, ohimenevä sperman siittiöiden niukkuus.</p>
                        <p>
                           <em>Tuntematon (koska saatavissa oleva tieto ei riitä esiintyvyyden arviointiin):</em> Munuaiskivet ja niihin liittyvä munuaiskipu (ks. myös kohta <a class="cross-reference">Mitä sinun on tiedettävä ennen valmisteen käyttöä</a>).</p>
                        <p>Pentasa depottabletit ovat yleensä hyvin siedettyjä.</p>
                        <p>Useimmat edellä mainituista haittavaikutuksista saattavat liittyä itse sairauteen.</p>
                        <p>
                           <span class="underline">Haittavaikutuksista ilmoittaminen </span>
                        </p>
                        <p>Jos havaitset haittavaikutuksia, kerro niistä lääkärille, apteekkihenkilökunnalle tai sairaanhoitajalle. Tämä koskee myös sellaisia mahdollisia haittavaikutuksia, joita ei ole mainittu tässä pakkausselosteessa. Voit ilmoittaa haittavaikutuksista myös suoraan (ks. yhteystiedot alla). Ilmoittamalla haittavaikutuksista voit auttaa saamaan enemmän tietoa tämän lääkevalmisteen turvallisuudesta.</p>
                        <p>www‐sivusto: www.fimea.fi<br/>
Lääkealan turvallisuus‐ ja kehittämiskeskus Fimea<br/>
Lääkkeiden haittavaikutusrekisteri<br/>
PL 55<br/>
00034 Fimea</p>
                     </div>
            </text>
          </section>
          <section>
            <title value="Valmisteen säilyttäminen"/>
            <code>
              <coding>
                <system value="https://spor.ema.europa.eu/v1/lists/200000029659/terms/"/>
                <code value="200000029913"/>
              </coding>
            </code>
            <text>
              <status value="additional"/><div xmlns="http://www.w3.org/1999/xhtml">
                        <h2>Valmisteen säilyttäminen</h2>
                        <p>Säilytä alkuperäispakkauksessa. Herkkä valolle.</p>
                        <p>Ei lasten ulottuville eikä näkyville.</p>
                        <p>Älä käytä tätä lääkettä pakkauksessa mainitun viimeisen käyttöpäivämäärän <span>
                              <span>(EXP) </span>
                           </span> jälkeen. Viimeinen käyttöpäivämäärä tarkoittaa kuukauden viimeistä päivää.</p>
                        <p>Lääkkeitä ei tule heittää viemäriin eikä hävittää talousjätteiden mukana. Kysy käyttämättömien lääkkeiden hävittämisestä apteekista. Näin menetellen suojelet luontoa.</p>
                     </div>
            </text>
          </section>
          <section>
            <title value="Pakkauksen sisältö ja muuta tietoa"/>
            <code>
              <coding>
                <system value="https://spor.ema.europa.eu/v1/lists/200000029659/terms/"/>
                <code value="200000029914"/>
              </coding>
            </code>
            <text>
              <status value="additional"/><div xmlns="http://www.w3.org/1999/xhtml">
                        <h2>Pakkauksen sisältö ja muuta tietoa</h2>
                        <p>
                           <strong>Mitä Pentasa sisältää</strong>
                        </p>
                        <ul>
                           <li>Vaikuttava aine on mesalatsiini 1 g.</li>
                           <li>Muut aineet ovat mikrokiteinen selluloosa, povidoni, etyyliselluloosa, talkki ja magnesiumstearaatti.</li>
                        </ul>
                        <p>
                           <strong>Lääkevalmisteen kuvaus ja pakkauskoko</strong>
                        </p>
                        <p>
                           <em>Lääkevalmisteen kuvaus: </em>Vaaleanharmaan-valkoisia/vaaleanruskeita, täplikkäitä, ovaalinmuotoisia tabletteja. Molemmilla puolilla merkintä ”PENTASA”.</p>
                        <p>
                           <em>Pakkauskoko:</em> 60 tablettia.</p>
                        <p>
                           <strong>Myyntiluvan haltija ja valmistaja</strong>
                        </p>
                        <p>Myyntiluvan haltija:</p>
                        <p>Ferring Lääkkeet Oy<br/>
PL 23<br/>
02241 Espoo<br/>
Puh. 0207 401 440</p>
                        <p>Valmistaja:</p>
                        <p>Ferring GmbH<br/>
Wittland 11<br/>
24109 Kiel<br/>
Saksa</p>
                        <p>
                           <strong>Tämä pakkausseloste on tarkistettu viimeksi </strong>11.1.2023</p>
                     </div>
            </text>
            <section>
              <title value="Tekstin muuttamispäivämäärä"/>
              <code>
                <coding>
                  <system value="https://spor.ema.europa.eu/v1/lists/200000029659/terms/"/>
                  <code value="200000029919"/>
                </coding>
              </code>
              <text>
                <status value="additional"/><div xmlns="http://www.w3.org/1999/xhtml">
                           <h2>Tekstin muuttamispäivämäärä</h2>11.01.2023</div>
              </text>
            </section>
          </section>
        </section>
      </Composition>
    </resource>
  </entry>
  <entry>
    <fullUrl value="https://gravitatehealth.eu/fhir/nordic-epi/MedicinalProductDefinition/IBD-MPD-25"/>
    <resource>
      <MedicinalProductDefinition>
        <id value="IBD-MPD-25"/>
        <meta>
          <profile value="http://hl7.org/fhir/uv/emedicinal-product-info/StructureDefinition/MedicinalProductDefinition-uv-epi"/>
          <profile value="https://gravitatehealth.eu/fhir/nordic-epi-ig/StructureDefinition/Nordic-ePI-MedicinalProductDefinition"/>
        </meta>
        <text>
          <status value="generated"/><div xmlns="http://www.w3.org/1999/xhtml"><a name="MedicinalProductDefinition_IBD-MPD-25"> </a><p><b>Generated Narrative: MedicinalProductDefinition</b><a name="IBD-MPD-25"> </a><a name="hcIBD-MPD-25"> </a></p><div style="display: inline-block; background-color: #d9e0e7; padding: 6px; margin: 4px; border: 1px solid #8da1b4; border-radius: 5px; line-height: 60%"><p style="margin-bottom: 0px">Resource MedicinalProductDefinition &quot;IBD-MPD-25&quot; </p><p style="margin-bottom: 0px">Profiles: <a href="https://build.fhir.org/ig/HL7/emedicinal-product-info//StructureDefinition-MedicinalProductDefinition-uv-epi.html">MedicinalProductDefinition (ePI)</a>, <code>https://gravitatehealth.eu/fhir/nordic-epi-ig/StructureDefinition/Nordic-ePI-MedicinalProductDefinition</code></p></div><p><b>identifier</b>: <code>http://legemiddelverket.no/FEST/LegemiddelMerkevareID</code>/ID_E923DE74-F5CB-4726-82E8-3A66C4FB0345</p><h3>Names</h3><table class="grid"><tr><td style="display: none">-</td><td><b>ProductName</b></td></tr><tr><td style="display: none">*</td><td>Pentasa depottab 1 g</td></tr></table></div>
        </text>
        <identifier>
          <system value="http://legemiddelverket.no/FEST/LegemiddelMerkevareID"/>
          <value value="ID_E923DE74-F5CB-4726-82E8-3A66C4FB0345"/>
        </identifier>
        <name>
          <productName value="Pentasa depottab 1 g"/>
        </name>
      </MedicinalProductDefinition>
    </resource>
  </entry>
  <entry>
    <fullUrl value="https://gravitatehealth.eu/fhir/nordic-epi/PackagedProductDefinition/IBD-PPD-29"/>
    <resource>
      <PackagedProductDefinition>
        <id value="IBD-PPD-29"/>
        <meta>
          <profile value="http://hl7.org/fhir/uv/emedicinal-product-info/StructureDefinition/PackagedProductDefinition-uv-epi"/>
          <profile value="https://gravitatehealth.eu/fhir/nordic-epi-ig/StructureDefinition/Nordic-ePI-PackagedProductDefinition"/>
        </meta>
        <text>
          <status value="generated"/><div xmlns="http://www.w3.org/1999/xhtml"><a name="PackagedProductDefinition_IBD-PPD-29"> </a><p><b>Generated Narrative: PackagedProductDefinition</b><a name="IBD-PPD-29"> </a><a name="hcIBD-PPD-29"> </a></p><div style="display: inline-block; background-color: #d9e0e7; padding: 6px; margin: 4px; border: 1px solid #8da1b4; border-radius: 5px; line-height: 60%"><p style="margin-bottom: 0px">Resource PackagedProductDefinition &quot;IBD-PPD-29&quot; </p><p style="margin-bottom: 0px">Profiles: <a href="https://build.fhir.org/ig/HL7/emedicinal-product-info//StructureDefinition-PackagedProductDefinition-uv-epi.html">PackagedProductDefinition (ePI)</a>, <code>https://gravitatehealth.eu/fhir/nordic-epi-ig/StructureDefinition/Nordic-ePI-PackagedProductDefinition</code></p></div><p><b>identifier</b>: <code>http://legemiddelverket.no/FEST/LegemiddelPakningID</code>/ID_4B6CA927-B7C6-4F81-890B-F4736D7D9A89, <code>https://farmalogg.no/varenummer</code>/466153, <code>https://pharmaca.fi/vnr</code>/466153</p><p><b>name</b>: Pentasa depottab 1 g</p><p><b>packageFor</b>: <a href="#MedicinalProductDefinition_IBD-MPD-25">See above (MedicinalProductDefinition/IBD-MPD-25)</a></p></div>
        </text>
        <identifier>
          <system value="http://legemiddelverket.no/FEST/LegemiddelPakningID"/>
          <value value="ID_4B6CA927-B7C6-4F81-890B-F4736D7D9A89"/>
        </identifier>
        <identifier>
          <system value="https://farmalogg.no/varenummer"/>
          <value value="466153"/>
        </identifier>
        <identifier>
          <system value="https://pharmaca.fi/vnr"/>
          <value value="466153"/>
        </identifier>
        <name value="Pentasa depottab 1 g"/>
        <packageFor>
          <reference value="MedicinalProductDefinition/IBD-MPD-25"/>
        </packageFor>
      </PackagedProductDefinition>
    </resource>
  </entry>
</Bundle>