<?xml version="1.0" encoding="UTF-8"?>

<Composition xmlns="http://hl7.org/fhir">
  <id value="composition-es-5aea2ea50d47a8b479a61aec209c957f"/>
  <meta>
    <profile value="http://hl7.org/fhir/uv/emedicinal-product-info/StructureDefinition/Composition-uv-epi"/>
  </meta>
  <language value="es"/>
  <text>
    <status value="generated"/><div xmlns="http://www.w3.org/1999/xhtml" xml:lang="es" lang="es"><p><b>Generated Narrative: Composition</b><a name="composition-es-5aea2ea50d47a8b479a61aec209c957f"> </a><a name="hccomposition-es-5aea2ea50d47a8b479a61aec209c957f"> </a></p><div style="display: inline-block; background-color: #d9e0e7; padding: 6px; margin: 4px; border: 1px solid #8da1b4; border-radius: 5px; line-height: 60%"><p style="margin-bottom: 0px">Resource Composition &quot;composition-es-5aea2ea50d47a8b479a61aec209c957f&quot;  (Language &quot;es&quot;) </p><p style="margin-bottom: 0px">Profile: <a href="https://build.fhir.org/ig/HL7/emedicinal-product-info//StructureDefinition-Composition-uv-epi.html">Composition (ePI)</a></p></div><p><b>identifier</b>: <code>https://spor.ema.europa.eu/rmswi/</code>/2e6c7e73d111f55b655fea7bf30da250</p><p><b>status</b>: final</p><p><b>type</b>: Package Leaflet <span style="background: LightGoldenRodYellow; margin: 4px; border: 1px solid khaki"> (#100000155538)</span></p><p><b>category</b>: Raw <span style="background: LightGoldenRodYellow; margin: 4px; border: 1px solid khaki"> (<a href="CodeSystem-epicategory-cs.html">Category of EPI</a>#R)</span></p><p><b>date</b>: 2022-02-16 13:28:17+0000</p><p><b>author</b>: <a href="Organization-mah-26a803db094176fea72396f24bb6b37d.html">Organization/mah-26a803db094176fea72396f24bb6b37d</a> &quot;ACME industry&quot;</p><p><b>title</b>: TEST PURPOSES ONLY - SORIA NATURAL VITAMINA C 36 COMPRIMIDOS</p><h3>Attesters</h3><table class="grid"><tr><td style="display: none">-</td><td><b>Mode</b></td><td><b>Time</b></td></tr><tr><td style="display: none">*</td><td>Official <span style="background: LightGoldenRodYellow; margin: 4px; border: 1px solid khaki"> (<a href="http://hl7.org/fhir/R5/codesystem-composition-attestation-mode.html">Composition Attestation Mode</a>#official)</span></td><td>2022-02-16 13:28:17+0000</td></tr></table></div>
  </text>
  <identifier>
    <system value="https://spor.ema.europa.eu/rmswi/"/>
    <value value="2e6c7e73d111f55b655fea7bf30da250"/>
  </identifier>
  <status value="final"/>
  <type>
    <coding>
      <system value="https://spor.ema.europa.eu/rmswi/"/>
      <code value="100000155538"/>
    </coding>
    <text value="Package Leaflet"/>
  </type>
  <category>
    <coding>
      <system value="http://hl7.eu/fhir/ig/gravitate-health/CodeSystem/epicategory-cs"/>
      <code value="R"/>
      <display value="Raw"/>
    </coding>
  </category>
  <subject>
    <reference value="MedicinalProductDefinition/mp5aea2ea50d47a8b479a61aec209c957f"/>
  </subject>
  <date value="2022-02-16T13:28:17Z"/>
  <author>
    <reference value="Organization/mah-26a803db094176fea72396f24bb6b37d"/>
  </author>
  <title value="TEST PURPOSES ONLY - SORIA NATURAL VITAMINA C 36 COMPRIMIDOS"/>
  <attester>
    <mode>
      <coding>
        <system value="http://hl7.org/fhir/composition-attestation-mode"/>
        <code value="official"/>
      </coding>
    </mode>
    <time value="2022-02-16T13:28:17Z"/>
  </attester>
  <section>
    <title value="B. PROSPECTO"/>
    <code>
      <coding>
        <system value="https://spor.ema.europa.eu/rmswi/"/>
        <code value="100000155538"/>
      </coding>
      <text value="B. PROSPECTO"/>
    </code>
    <text>
      <status value="additional"/><div xmlns="http://www.w3.org/1999/xhtml">This product is a OTC, epi pending</div>
    </text>
    <section>
      <title value="PROSPECTO: INFORMACIÓN PARA EL USUARIO"/>
      <code>
        <coding>
          <system value="https://spor.ema.europa.eu/rmswi/"/>
          <code value="100000155538"/>
        </coding>
        <text value="PROSPECTO: INFORMACIÓN PARA EL USUARIO"/>
      </code>
      <text>
        <status value="additional"/><div xmlns="http://www.w3.org/1999/xhtml">unavailable</div>
      </text>
      <emptyReason>
        <coding>
          <system value="http://terminology.hl7.org/CodeSystem/list-empty-reason"/>
          <code value="unavailable"/>
        </coding>
      </emptyReason>
    </section>
    <section>
      <title value="Contenido del prospecto"/>
      <code>
        <coding>
          <system value="https://spor.ema.europa.eu/rmswi/"/>
          <code value="100000155538"/>
        </coding>
        <text value="Contenido del prospecto"/>
      </code>
      <text>
        <status value="additional"/><div xmlns="http://www.w3.org/1999/xhtml">Lorem ipsum dolor sit amet, consectetur adipiscing elit. Sed aliquam eros sollicitudin erat pellentesque semper. In tincidunt hendrerit scelerisque. Donec a venenatis eros, a dignissim augue. Nullam rhoncus pulvinar risus eu auctor. Proin non dui est. Pellentesque eleifend, est ac eleifend feugiat, nulla nibh vestibulum mi, ut hendrerit erat nunc volutpat tortor. Aenean dignissim orci ac pretium egestas. Phasellus vel fringilla velit. Nunc sed augue egestas, accumsan justo quis, malesuada massa. Donec nisl sem, fermentum ac lacus vel, ornare eleifend turpis. Curabitur ut feugiat neque, at faucibus ligula. Suspendisse in tristique sem. Aenean posuere, justo vitae vulputate elementum, mi risus sodales lectus, vitae laoreet sem lacus sit amet nisi. Phasellus porta nunc sed tortor ultricies, non sagittis quam venenatis. Nulla sit amet augue odio.</div>
      </text>
    </section>
    <section>
      <title value="1. Qué es SORIA NATURAL VITAMINA C 36 COMPRIMIDOS y para qué se utiliza"/>
      <code>
        <coding>
          <system value="https://spor.ema.europa.eu/rmswi/"/>
          <code value="100000155538"/>
        </coding>
        <text value="1. Qué es SORIA NATURAL VITAMINA C 36 COMPRIMIDOS y para qué se utiliza"/>
      </code>
      <text>
        <status value="additional"/><div xmlns="http://www.w3.org/1999/xhtml">Quisque posuere elit nec auctor imperdiet. Morbi id tortor nec odio molestie maximus. Phasellus id placerat velit. In ex enim, ultricies at maximus sit amet, luctus sit amet magna. Quisque in laoreet ligula, venenatis ultricies lectus. Quisque eleifend felis sed nulla consequat, eu tincidunt nisi gravida. Duis et lacinia ex. Aliquam pharetra vel metus at scelerisque. Integer ultricies dolor vestibulum nibh lacinia mollis. Ut tempor congue nulla eget molestie.</div>
      </text>
    </section>
    <section>
      <title value="2. Qué necesita saber antes de empezar a tomar SORIA NATURAL VITAMINA C 36 COMPRIMIDOS"/>
      <code>
        <coding>
          <system value="https://spor.ema.europa.eu/rmswi/"/>
          <code value="100000155538"/>
        </coding>
        <text value="2. Qué necesita saber antes de empezar a tomar SORIA NATURAL VITAMINA C 36 COMPRIMIDOS"/>
      </code>
      <text>
        <status value="additional"/><div xmlns="http://www.w3.org/1999/xhtml">Nunc velit ante, aliquet sed commodo ut, dictum eget lectus. Duis eu nulla ac dui pellentesque sodales. Curabitur pellentesque dolor metus, ut mollis est posuere sit amet. Praesent sagittis ligula vel est auctor congue. Duis varius ligula et faucibus porttitor. Ut placerat aliquet turpis, eget condimentum nibh porttitor ut. Morbi libero nisl, ullamcorper sit amet est a, dignissim rhoncus ante. Fusce suscipit enim et scelerisque vehicula. Suspendisse eu nulla porta, pharetra dolor et, blandit eros. Ut iaculis metus id purus scelerisque dignissim. Vivamus convallis placerat ex sit amet gravida. Nullam sed orci elit. Pellentesque tincidunt odio lacus, sit amet facilisis quam aliquam id.</div>
      </text>
    </section>
    <section>
      <title value="3. Cómo tomar SORIA NATURAL VITAMINA C 36 COMPRIMIDOS"/>
      <code>
        <coding>
          <system value="https://spor.ema.europa.eu/rmswi/"/>
          <code value="100000155538"/>
        </coding>
        <text value="3. Cómo tomar SORIA NATURAL VITAMINA C 36 COMPRIMIDOS"/>
      </code>
      <text>
        <status value="additional"/><div xmlns="http://www.w3.org/1999/xhtml">Fusce euismod justo eget sem dignissim convallis. Nulla a massa quis leo consectetur pulvinar. Sed aliquam nisl vel purus porta, id lobortis risus ultrices. Etiam quam elit, blandit vitae sem vel, rutrum fermentum velit. Integer congue libero eget bibendum dignissim. Suspendisse a cursus dui. Phasellus a venenatis dui. Sed luctus volutpat diam at consequat. Aliquam erat volutpat.</div>
      </text>
    </section>
    <section>
      <title value="4. Posibles efectos adversos"/>
      <code>
        <coding>
          <system value="https://spor.ema.europa.eu/rmswi/"/>
          <code value="100000155538"/>
        </coding>
        <text value="4. Posibles efectos adversos"/>
      </code>
      <text>
        <status value="additional"/><div xmlns="http://www.w3.org/1999/xhtml">Phasellus sed viverra lacus. Quisque iaculis massa gravida purus mattis consectetur. Praesent vestibulum porta iaculis. Nam semper massa vel interdum gravida. Donec vitae imperdiet enim, a lobortis ante. Class aptent taciti sociosqu ad litora torquent per conubia nostra, per inceptos himenaeos. Praesent sed metus ante. Aliquam ut libero mi. Pellentesque sit amet mi tempus dui euismod porta. Morbi interdum, magna vel convallis fringilla, neque ipsum tincidunt metus, quis semper elit dolor non orci. Ut sed tellus id mauris accumsan accumsan dictum ut nulla. Donec placerat lorem in enim rhoncus, vitae facilisis purus suscipit. Praesent quis diam nunc. Aenean in est luctus, hendrerit quam at, facilisis tellus. Sed efficitur lectus in libero lacinia tempus.</div>
      </text>
    </section>
    <section>
      <title value="5. CONSERVACIÓN DE SORIA NATURAL VITAMINA C 36 COMPRIMIDOS"/>
      <code>
        <coding>
          <system value="https://spor.ema.europa.eu/rmswi/"/>
          <code value="100000155538"/>
        </coding>
        <text value="5. CONSERVACIÓN DE SORIA NATURAL VITAMINA C 36 COMPRIMIDOS"/>
      </code>
      <text>
        <status value="additional"/><div xmlns="http://www.w3.org/1999/xhtml">Morbi egestas, sem id feugiat molestie, nisi libero faucibus urna, vel fermentum metus neque sit amet tellus. Nulla id dui tempor, suscipit augue eget, malesuada quam. Duis a lacinia leo, non finibus lectus. Vivamus at finibus odio. Nullam congue hendrerit cursus. Nunc sed dolor varius, aliquet lacus ut, ornare dolor. Donec condimentum dictum ultrices.</div>
      </text>
    </section>
    <section>
      <title value="6. Contenido del envase e información adicional"/>
      <code>
        <coding>
          <system value="https://spor.ema.europa.eu/rmswi/"/>
          <code value="100000155538"/>
        </coding>
        <text value="6. Contenido del envase e información adicional"/>
      </code>
      <text>
        <status value="additional"/><div xmlns="http://www.w3.org/1999/xhtml">Sed posuere ipsum quis lobortis feugiat. Nullam mauris ipsum, iaculis vitae ex quis, volutpat ornare lorem. Etiam feugiat bibendum nisi, eget ultricies mauris lobortis eget. Nulla consectetur lacus congue elit volutpat, volutpat laoreet augue commodo. Praesent congue diam et massa placerat tincidunt. Vivamus egestas est eget velit efficitur fermentum. Vestibulum id metus in nibh condimentum sagittis non convallis augue. Phasellus tortor eros, vehicula pharetra tellus sagittis, pretium sagittis elit. In vulputate arcu lectus, nec tristique orci luctus vitae. Quisque imperdiet tristique justo, eget faucibus elit aliquam et. Vestibulum ante ipsum primis in faucibus orci luctus et ultrices posuere cubilia curae; Phasellus et luctus purus. Curabitur porta scelerisque ex. Duis non libero at quam fringilla volutpat sed ornare neque. Donec vel tellus non neque efficitur efficitur.</div>
      </text>
    </section>
  </section>
</Composition>