<?xml version="1.0" encoding="UTF-8"?>

<DocumentReference xmlns="http://hl7.org/fhir">
  <id value="asm-2"/>
  <meta>
    <profile value="http://hl7.eu/fhir/ig/gravitate-health/StructureDefinition/ASM"/>
  </meta>
  <text>
    <status value="generated"/><div xmlns="http://www.w3.org/1999/xhtml"><p><b>Generated Narrative: DocumentReference</b><a name="asm-2"> </a><a name="hcasm-2"> </a></p><div style="display: inline-block; background-color: #d9e0e7; padding: 6px; margin: 4px; border: 1px solid #8da1b4; border-radius: 5px; line-height: 60%"><p style="margin-bottom: 0px">Resource DocumentReference &quot;asm-2&quot; </p><p style="margin-bottom: 0px">Profile: <a href="StructureDefinition-ASM.html">Additional Support Material Profile</a></p></div><p><b>identifier</b>: <code>http://example.org</code>/2</p><p><b>version</b>: 1.0</p><p><b>status</b>: current</p><p><b>docStatus</b>: final</p><p><b>subject</b>: <span>: Xarelto</span></p><p><b>author</b>: <span>: X-Plain Patient Education</span></p><p><b>description</b>: This patient education program explains Xarelto. Xarelto is also known as rivaroxaban. The program includes the following sections: what are the benefits of Xarelto, what are the risks of Xarelto, how does one take Xarelto, what are special considerations for Xarelto and when should you call your health care provider.</p><blockquote><p><b>content</b></p><h3>Attachments</h3><table class="grid"><tr><td style="display: none">-</td><td><b>ContentType</b></td><td><b>Language</b></td><td><b>Url</b></td><td><b>Duration</b></td></tr><tr><td style="display: none">*</td><td>audio/mpeg</td><td>en</td><td><a href="https://www.youtube.com/watch?v=nJxoFG9Y8xE">https://www.youtube.com/watch?v=nJxoFG9Y8xE</a></td><td>715</td></tr></table></blockquote></div>
  </text>
  <identifier>
    <system value="http://example.org"/>
    <value value="2"/>
  </identifier>
  <version value="1.0"/>
  <status value="current"/>
  <docStatus value="final"/>
  <subject>
    <display value="Xarelto"/>
  </subject>
  <author>
    <display value="X-Plain Patient Education"/>
  </author>
  <description value="This patient education program explains Xarelto. Xarelto is also known as rivaroxaban. The program includes the following sections: what are the benefits of Xarelto, what are the risks of Xarelto, how does one take Xarelto, what are special considerations for Xarelto and when should you call your health care provider."/>
  <content>
    <attachment>
      <contentType value="audio/mpeg"/>
      <language value="en"/>
      <url value="https://www.youtube.com/watch?v=nJxoFG9Y8xE"/>
      <duration value="715"/>
    </attachment>
  </content>
</DocumentReference>