<?xml version="1.0" encoding="UTF-8"?>

<DocumentReference xmlns="http://hl7.org/fhir">
  <id value="asm-3"/>
  <meta>
    <profile value="http://hl7.eu/fhir/ig/gravitate-health/StructureDefinition/ASM"/>
  </meta>
  <text>
    <status value="generated"/><div xmlns="http://www.w3.org/1999/xhtml"><p><b>Generated Narrative: DocumentReference</b><a name="asm-3"> </a><a name="hcasm-3"> </a></p><div style="display: inline-block; background-color: #d9e0e7; padding: 6px; margin: 4px; border: 1px solid #8da1b4; border-radius: 5px; line-height: 60%"><p style="margin-bottom: 0px">Resource DocumentReference &quot;asm-3&quot; </p><p style="margin-bottom: 0px">Profile: <a href="StructureDefinition-ASM.html">Additional Support Material Profile</a></p></div><p><b>identifier</b>: <code>http://example.org</code>/1</p><p><b>version</b>: 1.0</p><p><b>status</b>: current</p><p><b>docStatus</b>: final</p><p><b>subject</b>: <span>: ACME DRUG</span></p><p><b>author</b>: <span>: GH</span></p><p><b>description</b>: example of Additional material in strucutred  format</p><blockquote><p><b>content</b></p><h3>Attachments</h3><table class="grid"><tr><td style="display: none">-</td><td><b>ContentType</b></td><td><b>Language</b></td><td><b>Url</b></td></tr><tr><td style="display: none">*</td><td>application/json+fhir</td><td>en</td><td><code>Composition/Example</code></td></tr></table></blockquote></div>
  </text>
  <identifier>
    <system value="http://example.org"/>
    <value value="1"/>
  </identifier>
  <version value="1.0"/>
  <status value="current"/>
  <docStatus value="final"/>
  <subject>
    <display value="ACME DRUG"/>
  </subject>
  <author>
    <display value="GH"/>
  </author>
  <description value="example of Additional material in strucutred  format"/>
  <content>
    <attachment>
      <contentType value="application/json+fhir"/>
      <language value="en"/>
      <url value="Composition/Example"/>
    </attachment>
  </content>
</DocumentReference>