<?xml version="1.0" encoding="UTF-8"?>

<Ingredient xmlns="http://hl7.org/fhir">
  <id value="ingredient-for-karvea-hypromellose"/>
  <meta>
    <profile value="http://hl7.org/fhir/uv/emedicinal-product-info/StructureDefinition/Ingredient-uv-epi"/>
  </meta>
  <text>
    <status value="generated"/><div xmlns="http://www.w3.org/1999/xhtml"><p><b>Generated Narrative: Ingredient</b><a name="ingredient-for-karvea-hypromellose"> </a><a name="hcingredient-for-karvea-hypromellose"> </a></p><div style="display: inline-block; background-color: #d9e0e7; padding: 6px; margin: 4px; border: 1px solid #8da1b4; border-radius: 5px; line-height: 60%"><p style="margin-bottom: 0px">Resource Ingredient &quot;ingredient-for-karvea-hypromellose&quot; </p><p style="margin-bottom: 0px">Profile: <a href="https://build.fhir.org/ig/HL7/emedicinal-product-info//StructureDefinition-Ingredient-uv-epi.html">Ingredient (ePI)</a></p></div><p><b>identifier</b>: <code>https://gsrs.ncats.nih.gov/ginas/app/beta</code>/3NXW29V3WO (use: OFFICIAL)</p><p><b>status</b>: active</p><p><b>for</b>: </p><ul><li><a href="ManufacturedItemDefinition-mid-dcaa4d32aa6658a8df831551503e52ee.html">ManufacturedItemDefinition/mid-dcaa4d32aa6658a8df831551503e52ee</a></li><li><a href="MedicinalProductDefinition-mp873a1a47330e628770640f9c96c0761e.html">MedicinalProductDefinition/mp873a1a47330e628770640f9c96c0761e</a></li><li><a href="AdministrableProductDefinition-ap-dcaa4d32aa6658a8df831551503e52ee.html">AdministrableProductDefinition/ap-dcaa4d32aa6658a8df831551503e52ee</a></li></ul><p><b>role</b>: Excipient <span style="background: LightGoldenRodYellow; margin: 4px; border: 1px solid khaki"> (rmswi#100000072082)</span></p><blockquote><p><b>substance</b></p><h3>Codes</h3><table class="grid"><tr><td style="display: none">-</td><td><b>Concept</b></td></tr><tr><td style="display: none">*</td><td>Hypromellose <span style="background: LightGoldenRodYellow; margin: 4px; border: 1px solid khaki"> (beta#3NXW29V3WO)</span></td></tr></table></blockquote></div>
  </text>
  <identifier>
    <use value="official"/>
    <system value="https://gsrs.ncats.nih.gov/ginas/app/beta"/>
    <value value="3NXW29V3WO"/>
  </identifier>
  <status value="active"/>
  <for>
    <reference value="ManufacturedItemDefinition/mid-dcaa4d32aa6658a8df831551503e52ee"/>
  </for>
  <for>
    <reference value="MedicinalProductDefinition/mp873a1a47330e628770640f9c96c0761e"/>
  </for>
  <for>
    <reference value="AdministrableProductDefinition/ap-dcaa4d32aa6658a8df831551503e52ee"/>
  </for>
  <role>
    <coding>
      <system value="https://spor.ema.europa.eu/rmswi"/>
      <code value="100000072082"/>
      <display value="Excipient"/>
    </coding>
  </role>
  <substance>
    <code>
      <concept>
        <coding>
          <system value="https://gsrs.ncats.nih.gov/ginas/app/beta"/>
          <code value="3NXW29V3WO"/>
          <display value="Hypromellose"/>
        </coding>
      </concept>
    </code>
  </substance>
</Ingredient>