<?xml version="1.0" encoding="UTF-8"?>

<Ingredient xmlns="http://hl7.org/fhir">
  <id value="ingredient-for-suliqua-lixisenatide"/>
  <meta>
    <profile value="http://hl7.org/fhir/uv/emedicinal-product-info/StructureDefinition/Ingredient-uv-epi"/>
  </meta>
  <text>
    <status value="generated"/><div xmlns="http://www.w3.org/1999/xhtml"><p><b>Generated Narrative: Ingredient</b><a name="ingredient-for-suliqua-lixisenatide"> </a><a name="hcingredient-for-suliqua-lixisenatide"> </a></p><div style="display: inline-block; background-color: #d9e0e7; padding: 6px; margin: 4px; border: 1px solid #8da1b4; border-radius: 5px; line-height: 60%"><p style="margin-bottom: 0px">Resource Ingredient &quot;ingredient-for-suliqua-lixisenatide&quot; </p><p style="margin-bottom: 0px">Profile: <a href="https://build.fhir.org/ig/HL7/emedicinal-product-info//StructureDefinition-Ingredient-uv-epi.html">Ingredient (ePI)</a></p></div><p><b>identifier</b>: <code>https://gsrs.ncats.nih.gov/ginas/app/beta</code>/74O62BB01U (use: OFFICIAL)</p><p><b>status</b>: active</p><p><b>for</b>: </p><ul><li><a href="ManufacturedItemDefinition-mid-e2464a7d3d627b9df9bef5bc3b263fb4.html">ManufacturedItemDefinition/mid-e2464a7d3d627b9df9bef5bc3b263fb4</a></li><li><a href="MedicinalProductDefinition-mp367b9089c0743a2330f4c6e82b40ee41.html">MedicinalProductDefinition/mp367b9089c0743a2330f4c6e82b40ee41</a></li><li><a href="AdministrableProductDefinition-ap-e2464a7d3d627b9df9bef5bc3b263fb4.html">AdministrableProductDefinition/ap-e2464a7d3d627b9df9bef5bc3b263fb4</a></li></ul><p><b>role</b>: Active <span style="background: LightGoldenRodYellow; margin: 4px; border: 1px solid khaki"> (rmswi#100000072072)</span></p><blockquote><p><b>substance</b></p><h3>Codes</h3><table class="grid"><tr><td style="display: none">-</td><td><b>Concept</b></td></tr><tr><td style="display: none">*</td><td>Lixisenatide <span style="background: LightGoldenRodYellow; margin: 4px; border: 1px solid khaki"> (beta#74O62BB01U)</span></td></tr></table><h3>Strengths</h3><table class="grid"><tr><td style="display: none">-</td><td><b>Presentation[x]</b></td><td><b>Basis</b></td></tr><tr><td style="display: none">*</td><td>50 ug/ml<span style="background: LightGoldenRodYellow"> (Details: UCUM code ug/ml = 'ug/ml')</span></td><td>active ingredient - basis of strength <span style="background: LightGoldenRodYellow; margin: 4px; border: 1px solid khaki"> (<a href="http://terminology.hl7.org/5.3.0/CodeSystem-v3-RoleClass.html">RoleClass</a>#ACTIB)</span></td></tr></table></blockquote></div>
  </text>
  <identifier>
    <use value="official"/>
    <system value="https://gsrs.ncats.nih.gov/ginas/app/beta"/>
    <value value="74O62BB01U"/>
  </identifier>
  <status value="active"/>
  <for>
    <reference value="ManufacturedItemDefinition/mid-e2464a7d3d627b9df9bef5bc3b263fb4"/>
  </for>
  <for>
    <reference value="MedicinalProductDefinition/mp367b9089c0743a2330f4c6e82b40ee41"/>
  </for>
  <for>
    <reference value="AdministrableProductDefinition/ap-e2464a7d3d627b9df9bef5bc3b263fb4"/>
  </for>
  <role>
    <coding>
      <system value="https://spor.ema.europa.eu/rmswi"/>
      <code value="100000072072"/>
      <display value="Active"/>
    </coding>
  </role>
  <substance>
    <code>
      <concept>
        <coding>
          <system value="https://gsrs.ncats.nih.gov/ginas/app/beta"/>
          <code value="74O62BB01U"/>
          <display value="Lixisenatide"/>
        </coding>
      </concept>
    </code>
    <strength>
      <presentationQuantity>
        <value value="50"/>
        <system value="http://unitsofmeasure.org"/>
        <code value="ug/ml"/>
      </presentationQuantity>
      <basis>
        <coding>
          <system value="http://terminology.hl7.org/CodeSystem/v3-RoleClass"/>
          <code value="ACTIB"/>
          <display value="active ingredient - basis of strength"/>
        </coding>
      </basis>
    </strength>
  </substance>
</Ingredient>