<?xml version="1.0" encoding="UTF-8"?>

<Ingredient xmlns="http://hl7.org/fhir">
  <id value="ingredient-for-cinitrapide-cinitapride"/>
  <meta>
    <profile value="http://hl7.org/fhir/uv/emedicinal-product-info/StructureDefinition/Ingredient-uv-epi"/>
  </meta>
  <text>
    <status value="generated"/><div xmlns="http://www.w3.org/1999/xhtml"><p><b>Generated Narrative: Ingredient</b><a name="ingredient-for-cinitrapide-cinitapride"> </a><a name="hcingredient-for-cinitrapide-cinitapride"> </a></p><div style="display: inline-block; background-color: #d9e0e7; padding: 6px; margin: 4px; border: 1px solid #8da1b4; border-radius: 5px; line-height: 60%"><p style="margin-bottom: 0px">Resource Ingredient &quot;ingredient-for-cinitrapide-cinitapride&quot; </p><p style="margin-bottom: 0px">Profile: <a href="https://build.fhir.org/ig/HL7/emedicinal-product-info//StructureDefinition-Ingredient-uv-epi.html">Ingredient (ePI)</a></p></div><p><b>identifier</b>: <code>https://gsrs.ncats.nih.gov/ginas/app/beta</code>/R8I97I2L24 (use: OFFICIAL)</p><p><b>status</b>: active</p><p><b>for</b>: </p><ul><li><a href="ManufacturedItemDefinition-mid-da0fc2395ce219262dfd4f0c9a9f72e1.html">ManufacturedItemDefinition/mid-da0fc2395ce219262dfd4f0c9a9f72e1</a></li><li><a href="MedicinalProductDefinition-mp1453e0f16ff6c1d3106ed737a7857578.html">MedicinalProductDefinition/mp1453e0f16ff6c1d3106ed737a7857578</a></li><li><a href="AdministrableProductDefinition-ap-da0fc2395ce219262dfd4f0c9a9f72e1.html">AdministrableProductDefinition/ap-da0fc2395ce219262dfd4f0c9a9f72e1</a></li></ul><p><b>role</b>: active <span style="background: LightGoldenRodYellow; margin: 4px; border: 1px solid khaki"> (rmswi#72072)</span></p><blockquote><p><b>substance</b></p><h3>Codes</h3><table class="grid"><tr><td style="display: none">-</td><td><b>Concept</b></td></tr><tr><td style="display: none">*</td><td>CINITAPRIDE <span style="background: LightGoldenRodYellow; margin: 4px; border: 1px solid khaki"> (beta#R8I97I2L24)</span></td></tr></table><h3>Strengths</h3><table class="grid"><tr><td style="display: none">-</td><td><b>Presentation[x]</b></td><td><b>Basis</b></td></tr><tr><td style="display: none">*</td><td>1 mg<span style="background: LightGoldenRodYellow"> (Details: UCUM code mg = 'mg')</span></td><td>active ingredient - basis of strength <span style="background: LightGoldenRodYellow; margin: 4px; border: 1px solid khaki"> (<a href="http://terminology.hl7.org/5.3.0/CodeSystem-v3-RoleClass.html">RoleClass</a>#ACTIB)</span></td></tr></table></blockquote></div>
  </text>
  <identifier>
    <use value="official"/>
    <system value="https://gsrs.ncats.nih.gov/ginas/app/beta"/>
    <value value="R8I97I2L24"/>
  </identifier>
  <status value="active"/>
  <for>
    <reference value="ManufacturedItemDefinition/mid-da0fc2395ce219262dfd4f0c9a9f72e1"/>
  </for>
  <for>
    <reference value="MedicinalProductDefinition/mp1453e0f16ff6c1d3106ed737a7857578"/>
  </for>
  <for>
    <reference value="AdministrableProductDefinition/ap-da0fc2395ce219262dfd4f0c9a9f72e1"/>
  </for>
  <role>
    <coding>
      <system value="https://spor.ema.europa.eu/rmswi"/>
      <code value="72072"/>
      <display value="active"/>
    </coding>
  </role>
  <substance>
    <code>
      <concept>
        <coding>
          <system value="https://gsrs.ncats.nih.gov/ginas/app/beta"/>
          <code value="R8I97I2L24"/>
          <display value="CINITAPRIDE"/>
        </coding>
      </concept>
    </code>
    <strength>
      <presentationQuantity>
        <value value="1"/>
        <system value="http://unitsofmeasure.org"/>
        <code value="mg"/>
      </presentationQuantity>
      <basis>
        <coding>
          <system value="http://terminology.hl7.org/CodeSystem/v3-RoleClass"/>
          <code value="ACTIB"/>
          <display value="active ingredient - basis of strength"/>
        </coding>
      </basis>
    </strength>
  </substance>
</Ingredient>