<?xml version="1.0" encoding="UTF-8"?>

<Ingredient xmlns="http://hl7.org/fhir">
  <id value="ingredient-for-biktarvy-microcrystallinecellulose"/>
  <meta>
    <profile value="http://hl7.org/fhir/uv/emedicinal-product-info/StructureDefinition/Ingredient-uv-epi"/>
  </meta>
  <text>
    <status value="generated"/><div xmlns="http://www.w3.org/1999/xhtml"><p><b>Generated Narrative: Ingredient</b><a name="ingredient-for-biktarvy-microcrystallinecellulose"> </a><a name="hcingredient-for-biktarvy-microcrystallinecellulose"> </a></p><div style="display: inline-block; background-color: #d9e0e7; padding: 6px; margin: 4px; border: 1px solid #8da1b4; border-radius: 5px; line-height: 60%"><p style="margin-bottom: 0px">Resource Ingredient &quot;ingredient-for-biktarvy-microcrystallinecellulose&quot; </p><p style="margin-bottom: 0px">Profile: <a href="https://build.fhir.org/ig/HL7/emedicinal-product-info//StructureDefinition-Ingredient-uv-epi.html">Ingredient (ePI)</a></p></div><p><b>identifier</b>: <code>https://gsrs.ncats.nih.gov/ginas/app/beta</code>/OP1R32D61U (use: OFFICIAL)</p><p><b>status</b>: active</p><p><b>for</b>: </p><ul><li><a href="ManufacturedItemDefinition-mid-94a96e39cfdcd8b378d12dd4063065f9.html">ManufacturedItemDefinition/mid-94a96e39cfdcd8b378d12dd4063065f9</a></li><li><a href="MedicinalProductDefinition-mp2a9c4333cfd126f2e7b73ad3cafd6949.html">MedicinalProductDefinition/mp2a9c4333cfd126f2e7b73ad3cafd6949</a></li><li><a href="AdministrableProductDefinition-ap-94a96e39cfdcd8b378d12dd4063065f9.html">AdministrableProductDefinition/ap-94a96e39cfdcd8b378d12dd4063065f9</a></li></ul><p><b>role</b>: Excipient <span style="background: LightGoldenRodYellow; margin: 4px; border: 1px solid khaki"> (rmswi#100000072082)</span></p><blockquote><p><b>substance</b></p><h3>Codes</h3><table class="grid"><tr><td style="display: none">-</td><td><b>Concept</b></td></tr><tr><td style="display: none">*</td><td>Microcrystalline cellulose <span style="background: LightGoldenRodYellow; margin: 4px; border: 1px solid khaki"> (beta#OP1R32D61U)</span></td></tr></table></blockquote></div>
  </text>
  <identifier>
    <use value="official"/>
    <system value="https://gsrs.ncats.nih.gov/ginas/app/beta"/>
    <value value="OP1R32D61U"/>
  </identifier>
  <status value="active"/>
  <for>
    <reference value="ManufacturedItemDefinition/mid-94a96e39cfdcd8b378d12dd4063065f9"/>
  </for>
  <for>
    <reference value="MedicinalProductDefinition/mp2a9c4333cfd126f2e7b73ad3cafd6949"/>
  </for>
  <for>
    <reference value="AdministrableProductDefinition/ap-94a96e39cfdcd8b378d12dd4063065f9"/>
  </for>
  <role>
    <coding>
      <system value="https://spor.ema.europa.eu/rmswi"/>
      <code value="100000072082"/>
      <display value="Excipient"/>
    </coding>
  </role>
  <substance>
    <code>
      <concept>
        <coding>
          <system value="https://gsrs.ncats.nih.gov/ginas/app/beta"/>
          <code value="OP1R32D61U"/>
          <display value="Microcrystalline cellulose"/>
        </coding>
      </concept>
    </code>
  </substance>
</Ingredient>