<?xml version="1.0" encoding="UTF-8"?>

<Ingredient xmlns="http://hl7.org/fhir">
  <id value="ingredient-for-dovato-mannitol"/>
  <meta>
    <profile value="http://hl7.org/fhir/uv/emedicinal-product-info/StructureDefinition/Ingredient-uv-epi"/>
  </meta>
  <text>
    <status value="generated"/><div xmlns="http://www.w3.org/1999/xhtml"><p><b>Generated Narrative: Ingredient</b><a name="ingredient-for-dovato-mannitol"> </a><a name="hcingredient-for-dovato-mannitol"> </a></p><div style="display: inline-block; background-color: #d9e0e7; padding: 6px; margin: 4px; border: 1px solid #8da1b4; border-radius: 5px; line-height: 60%"><p style="margin-bottom: 0px">Resource Ingredient &quot;ingredient-for-dovato-mannitol&quot; </p><p style="margin-bottom: 0px">Profile: <a href="https://build.fhir.org/ig/HL7/emedicinal-product-info//StructureDefinition-Ingredient-uv-epi.html">Ingredient (ePI)</a></p></div><p><b>identifier</b>: <code>https://gsrs.ncats.nih.gov/ginas/app/beta</code>/3OWL53L36A (use: OFFICIAL)</p><p><b>status</b>: active</p><p><b>for</b>: </p><ul><li><a href="ManufacturedItemDefinition-mid-49178f16170ee8a6bc2a4361c1748d5f.html">ManufacturedItemDefinition/mid-49178f16170ee8a6bc2a4361c1748d5f</a></li><li><a href="MedicinalProductDefinition-mp16598f252d07b4784b82ba43cf9e847e.html">MedicinalProductDefinition/mp16598f252d07b4784b82ba43cf9e847e</a></li><li><a href="AdministrableProductDefinition-ap-49178f16170ee8a6bc2a4361c1748d5f.html">AdministrableProductDefinition/ap-49178f16170ee8a6bc2a4361c1748d5f</a></li></ul><p><b>role</b>: Excipient <span style="background: LightGoldenRodYellow; margin: 4px; border: 1px solid khaki"> (rmswi#100000072082)</span></p><blockquote><p><b>substance</b></p><h3>Codes</h3><table class="grid"><tr><td style="display: none">-</td><td><b>Concept</b></td></tr><tr><td style="display: none">*</td><td>mannitol <span style="background: LightGoldenRodYellow; margin: 4px; border: 1px solid khaki"> (beta#3OWL53L36A)</span></td></tr></table></blockquote></div>
  </text>
  <identifier>
    <use value="official"/>
    <system value="https://gsrs.ncats.nih.gov/ginas/app/beta"/>
    <value value="3OWL53L36A"/>
  </identifier>
  <status value="active"/>
  <for>
    <reference value="ManufacturedItemDefinition/mid-49178f16170ee8a6bc2a4361c1748d5f"/>
  </for>
  <for>
    <reference value="MedicinalProductDefinition/mp16598f252d07b4784b82ba43cf9e847e"/>
  </for>
  <for>
    <reference value="AdministrableProductDefinition/ap-49178f16170ee8a6bc2a4361c1748d5f"/>
  </for>
  <role>
    <coding>
      <system value="https://spor.ema.europa.eu/rmswi"/>
      <code value="100000072082"/>
      <display value="Excipient"/>
    </coding>
  </role>
  <substance>
    <code>
      <concept>
        <coding>
          <system value="https://gsrs.ncats.nih.gov/ginas/app/beta"/>
          <code value="3OWL53L36A"/>
          <display value="mannitol"/>
        </coding>
      </concept>
    </code>
  </substance>
</Ingredient>