<?xml version="1.0" encoding="UTF-8"?>

<Ingredient xmlns="http://hl7.org/fhir">
  <id value="ingredient-for-humalog-sodiumhydroxide"/>
  <meta>
    <profile value="http://hl7.org/fhir/uv/emedicinal-product-info/StructureDefinition/Ingredient-uv-epi"/>
  </meta>
  <text>
    <status value="generated"/><div xmlns="http://www.w3.org/1999/xhtml"><p><b>Generated Narrative: Ingredient</b><a name="ingredient-for-humalog-sodiumhydroxide"> </a><a name="hcingredient-for-humalog-sodiumhydroxide"> </a></p><div style="display: inline-block; background-color: #d9e0e7; padding: 6px; margin: 4px; border: 1px solid #8da1b4; border-radius: 5px; line-height: 60%"><p style="margin-bottom: 0px">Resource Ingredient &quot;ingredient-for-humalog-sodiumhydroxide&quot; </p><p style="margin-bottom: 0px">Profile: <a href="https://build.fhir.org/ig/HL7/emedicinal-product-info//StructureDefinition-Ingredient-uv-epi.html">Ingredient (ePI)</a></p></div><p><b>identifier</b>: <code>https://gsrs.ncats.nih.gov/ginas/app/beta</code>/55X04QC32I (use: OFFICIAL)</p><p><b>status</b>: active</p><p><b>for</b>: </p><ul><li><a href="ManufacturedItemDefinition-mid-a38f06714db0c27b2ba704652e3f08c5.html">ManufacturedItemDefinition/mid-a38f06714db0c27b2ba704652e3f08c5</a></li><li><a href="MedicinalProductDefinition-mpd33868162d255ced115cecbbf188aab4.html">MedicinalProductDefinition/mpd33868162d255ced115cecbbf188aab4</a></li><li><a href="AdministrableProductDefinition-ap-a38f06714db0c27b2ba704652e3f08c5.html">AdministrableProductDefinition/ap-a38f06714db0c27b2ba704652e3f08c5</a></li></ul><p><b>role</b>: Excipient <span style="background: LightGoldenRodYellow; margin: 4px; border: 1px solid khaki"> (rmswi#100000072082)</span></p><h3>Manufacturers</h3><table class="grid"><tr><td style="display: none">-</td><td><b>Manufacturer</b></td></tr><tr><td style="display: none">*</td><td><a href="Organization-mapi-6f4987de7be1bbfa4ee92c07de7e94d4.html">Organization/mapi-6f4987de7be1bbfa4ee92c07de7e94d4</a> &quot;Eli Lilly and Company&quot;</td></tr></table><blockquote><p><b>substance</b></p><h3>Codes</h3><table class="grid"><tr><td style="display: none">-</td><td><b>Concept</b></td></tr><tr><td style="display: none">*</td><td>Sodium Hydroxide <span style="background: LightGoldenRodYellow; margin: 4px; border: 1px solid khaki"> (beta#55X04QC32I)</span></td></tr></table></blockquote></div>
  </text>
  <identifier>
    <use value="official"/>
    <system value="https://gsrs.ncats.nih.gov/ginas/app/beta"/>
    <value value="55X04QC32I"/>
  </identifier>
  <status value="active"/>
  <for>
    <reference value="ManufacturedItemDefinition/mid-a38f06714db0c27b2ba704652e3f08c5"/>
  </for>
  <for>
    <reference value="MedicinalProductDefinition/mpd33868162d255ced115cecbbf188aab4"/>
  </for>
  <for>
    <reference value="AdministrableProductDefinition/ap-a38f06714db0c27b2ba704652e3f08c5"/>
  </for>
  <role>
    <coding>
      <system value="https://spor.ema.europa.eu/rmswi"/>
      <code value="100000072082"/>
      <display value="Excipient"/>
    </coding>
  </role>
  <manufacturer>
    <manufacturer>
      <reference value="Organization/mapi-6f4987de7be1bbfa4ee92c07de7e94d4"/>
    </manufacturer>
  </manufacturer>
  <substance>
    <code>
      <concept>
        <coding>
          <system value="https://gsrs.ncats.nih.gov/ginas/app/beta"/>
          <code value="55X04QC32I"/>
          <display value="Sodium Hydroxide"/>
        </coding>
      </concept>
    </code>
  </substance>
</Ingredient>