<?xml version="1.0" encoding="UTF-8"?>

<Ingredient xmlns="http://hl7.org/fhir">
  <id value="ingredient-for-simvastatine-titaniumdioxide"/>
  <meta>
    <profile value="http://hl7.org/fhir/uv/emedicinal-product-info/StructureDefinition/Ingredient-uv-epi"/>
  </meta>
  <text>
    <status value="generated"/><div xmlns="http://www.w3.org/1999/xhtml"><p><b>Generated Narrative: Ingredient</b><a name="ingredient-for-simvastatine-titaniumdioxide"> </a><a name="hcingredient-for-simvastatine-titaniumdioxide"> </a></p><div style="display: inline-block; background-color: #d9e0e7; padding: 6px; margin: 4px; border: 1px solid #8da1b4; border-radius: 5px; line-height: 60%"><p style="margin-bottom: 0px">Resource Ingredient &quot;ingredient-for-simvastatine-titaniumdioxide&quot; </p><p style="margin-bottom: 0px">Profile: <a href="https://build.fhir.org/ig/HL7/emedicinal-product-info//StructureDefinition-Ingredient-uv-epi.html">Ingredient (ePI)</a></p></div><p><b>identifier</b>: <code>https://gsrs.ncats.nih.gov/ginas/app/beta</code>/15FIX9V2JP (use: OFFICIAL)</p><p><b>status</b>: active</p><p><b>for</b>: </p><ul><li><a href="ManufacturedItemDefinition-mid-660952efa1b907b97e182807063ac261.html">ManufacturedItemDefinition/mid-660952efa1b907b97e182807063ac261</a></li><li><a href="MedicinalProductDefinition-mp245a2b4a9e3ee4304e5e6cf2b1a252b4.html">MedicinalProductDefinition/mp245a2b4a9e3ee4304e5e6cf2b1a252b4</a></li><li><a href="AdministrableProductDefinition-ap-660952efa1b907b97e182807063ac261.html">AdministrableProductDefinition/ap-660952efa1b907b97e182807063ac261</a></li></ul><p><b>role</b>: Excipient <span style="background: LightGoldenRodYellow; margin: 4px; border: 1px solid khaki"> (rmswi#100000072082)</span></p><blockquote><p><b>substance</b></p><h3>Codes</h3><table class="grid"><tr><td style="display: none">-</td><td><b>Concept</b></td></tr><tr><td style="display: none">*</td><td>TITANIUM DIOXIDE <span style="background: LightGoldenRodYellow; margin: 4px; border: 1px solid khaki"> (beta#15FIX9V2JP)</span></td></tr></table></blockquote></div>
  </text>
  <identifier>
    <use value="official"/>
    <system value="https://gsrs.ncats.nih.gov/ginas/app/beta"/>
    <value value="15FIX9V2JP"/>
  </identifier>
  <status value="active"/>
  <for>
    <reference value="ManufacturedItemDefinition/mid-660952efa1b907b97e182807063ac261"/>
  </for>
  <for>
    <reference value="MedicinalProductDefinition/mp245a2b4a9e3ee4304e5e6cf2b1a252b4"/>
  </for>
  <for>
    <reference value="AdministrableProductDefinition/ap-660952efa1b907b97e182807063ac261"/>
  </for>
  <role>
    <coding>
      <system value="https://spor.ema.europa.eu/rmswi"/>
      <code value="100000072082"/>
      <display value="Excipient"/>
    </coding>
  </role>
  <substance>
    <code>
      <concept>
        <coding>
          <system value="https://gsrs.ncats.nih.gov/ginas/app/beta"/>
          <code value="15FIX9V2JP"/>
          <display value="TITANIUM DIOXIDE"/>
        </coding>
      </concept>
    </code>
  </substance>
</Ingredient>