<?xml version="1.0" encoding="UTF-8"?>

<List xmlns="http://hl7.org/fhir">
  <id value="listBiktarvy"/>
  <text>
    <status value="generated"/><div xmlns="http://www.w3.org/1999/xhtml"><h2>List of all processed ePIs associated with Biktarvy</h2><table class="clstu"><tr><td>Date: Feb 7, 2015, 1:28:17 PMMode: workingStatus: currentCode: ePI Master List</td></tr><tr><td>Subject: <a href="MedicinalProductDefinition-mp873a1a47330e628770640f9c96c0761e.html">MedicinalProductDefinition/mp873a1a47330e628770640f9c96c0761e</a></td></tr></table><table class="grid"><tr style="backgound-color: #eeeeee"><td><b>Items</b></td><td>Date</td><td>Flag</td></tr><tr><td><a href="Bundle-processedbundlekarveabik.html">Bundle/processedbundlekarveabik</a></td><td>Feb 7, 2015, 1:28:17 PM</td><td>Unchanged</td></tr><tr><td><a href="Bundle-bundleprocessed-pt-b44cce291e466626afa836fffe72c350.html">Bundle/bundleprocessed-pt-b44cce291e466626afa836fffe72c350</a></td><td>Feb 7, 2016, 1:28:17 PM</td><td>Unchanged</td></tr></table></div>
  </text>
  <identifier>
    <system value="http://spor.ema.europa.eu/v2/medicine-name"/>
    <value value="Biktarvy"/>
  </identifier>
  <identifier>
    <system value="http://spor.ema.europa.eu/v2/marketing-authorisation-numbers"/>
    <value value="EU/1/18/1289/001"/>
  </identifier>
  <identifier>
    <system value="https://www.gravitatehealth.eu/sid/doc"/>
    <value value="EU/1/18/1289/001/001"/>
  </identifier>
  <status value="current"/>
  <mode value="working"/>
  <title value="List of all processed ePIs associated with Biktarvy"/>
  <code>
    <coding>
      <system value="http://spor.ema.europa.eu/v1/example-pi-list-types"/>
      <code value="00000021213"/>
      <display value="ePI Master List"/>
    </coding>
  </code>
  <subject>
    <extension url="http://ema.europa.eu/fhir/extension/medicine-name">
      <valueCoding>
        <system value="http://spor.ema.europa.eu/v1/100000000005"/>
        <code value="Karvea"/>
        <display value="Biktarvy"/>
      </valueCoding>
    </extension>
    <extension url="http://ema.europa.eu/fhir/extension/marketing-authorization-holder">
      <valueCoding>
        <system value="http://spor.ema.europa.eu/v1/100000000005"/>
        <code value="mah-code"/>
        <display value="None"/>
      </valueCoding>
    </extension>
    <extension url="http://ema.europa.eu/fhir/extension/active-substance">
      <valueCoding>
        <system value="http://spor.ema.europa.eu/v1/100000000005"/>
        <code value="acive-substance-code"/>
        <display value="None"/>
      </valueCoding>
    </extension>
    <extension url="http://ema.europa.eu/fhir/extension/domain">
      <valueCoding>
        <system value="http://spor.ema.europa.eu/v1/100000000004"/>
        <code value="100000000012"/>
        <display value="H"/>
      </valueCoding>
    </extension>
    <reference value="MedicinalProductDefinition/mp873a1a47330e628770640f9c96c0761e"/>
  </subject>
  <date value="2015-02-07T13:28:17Z"/>
  <entry>
    <flag>
      <coding>
        <system value="urn:oid:1.2.36.1.2001.1001.101.104.16592"/>
        <code value="01"/>
      </coding>
      <text value="Unchanged"/>
    </flag>
    <date value="2015-02-07T13:28:17Z"/>
    <item>
      <extension url="http://ema.europa.eu/fhir/extension/documentType">
        <valueCoding>
          <system value="http://spor.ema.europa.eu/v1/100000155531"/>
          <code value="100000155538"/>
          <display value="B. PACKAGE LEAFLET"/>
        </valueCoding>
      </extension>
      <extension url="http://ema.europa.eu/fhir/extension/language">
        <valueCoding>
          <system value="http://spor.ema.europa.eu/v1/100000072057"/>
          <code value="100000072251"/>
          <display value="pt"/>
        </valueCoding>
      </extension>
      <reference value="Bundle/processedbundlekarveabik"/>
    </item>
  </entry>
  <entry>
    <flag>
      <coding>
        <system value="urn:oid:1.2.36.1.2001.1001.101.104.16592"/>
        <code value="01"/>
      </coding>
      <text value="Unchanged"/>
    </flag>
    <date value="2016-02-07T13:28:17Z"/>
    <item>
      <extension url="http://ema.europa.eu/fhir/extension/documentType">
        <valueCoding>
          <system value="http://spor.ema.europa.eu/v1/100000155531"/>
          <code value="100000155538"/>
          <display value="B. FOLHETO INFORMATIVO"/>
        </valueCoding>
      </extension>
      <extension url="http://ema.europa.eu/fhir/extension/language">
        <valueCoding>
          <system value="http://spor.ema.europa.eu/v1/100000072057"/>
          <code value="100000072147"/>
          <display value="en"/>
        </valueCoding>
      </extension>
      <reference value="Bundle/bundleprocessed-pt-b44cce291e466626afa836fffe72c350"/>
    </item>
  </entry>
</List>