<?xml version="1.0" encoding="UTF-8"?>

<List xmlns="http://hl7.org/fhir">
  <id value="list-biktarvy"/>
  <text>
    <status value="generated"/><div xmlns="http://www.w3.org/1999/xhtml"><h2>List of all processed ePIs associated with biktarvy</h2><table class="clstu"><tr><td>Date: Feb 7, 2015, 1:28:17 PMMode: workingStatus: currentCode: ePI Master List</td></tr><tr><td>Subject: <a href="MedicinalProductDefinition-mp2a9c4333cfd126f2e7b73ad3cafd6949.html">MedicinalProductDefinition/mp2a9c4333cfd126f2e7b73ad3cafd6949</a></td></tr></table><table class="grid"><tr style="backgound-color: #eeeeee"><td><b>Items</b></td><td>Date</td><td>Flag</td></tr><tr><td><a href="Bundle-bundlepackageleaflet-es-94a96e39cfdcd8b378d12dd4063065f9.html">Bundle/bundlepackageleaflet-es-94a96e39cfdcd8b378d12dd4063065f9</a></td><td>Feb 7, 2015, 1:28:17 PM</td><td>Unchanged</td></tr></table></div>
  </text>
  <identifier>
    <system value="http://spor.ema.europa.eu/v2/medicine-name"/>
    <value value="biktarvy"/>
  </identifier>
  <status value="current"/>
  <mode value="working"/>
  <title value="List of all processed ePIs associated with biktarvy"/>
  <code>
    <coding>
      <system value="http://spor.ema.europa.eu/v1/example-pi-list-types"/>
      <code value="00000021213"/>
      <display value="ePI Master List"/>
    </coding>
  </code>
  <subject>
    <extension url="http://ema.europa.eu/fhir/extension/medicine-name">
      <valueCoding>
        <system value="http://spor.ema.europa.eu/v1/100000000005"/>
        <code value="biktarvy"/>
        <display value="biktarvy"/>
      </valueCoding>
    </extension>
    <extension url="http://ema.europa.eu/fhir/extension/marketing-authorization-holder">
      <valueCoding>
        <system value="http://spor.ema.europa.eu/v1/100000000005"/>
        <code value="mah-code"/>
        <display value="None"/>
      </valueCoding>
    </extension>
    <extension url="http://ema.europa.eu/fhir/extension/active-substance">
      <valueCoding>
        <system value="http://spor.ema.europa.eu/v1/100000000005"/>
        <code value="acive-substance-code"/>
        <display value="None"/>
      </valueCoding>
    </extension>
    <extension url="http://ema.europa.eu/fhir/extension/domain">
      <valueCoding>
        <system value="http://spor.ema.europa.eu/v1/100000000004"/>
        <code value="100000000012"/>
        <display value="H"/>
      </valueCoding>
    </extension>
    <reference value="MedicinalProductDefinition/mp2a9c4333cfd126f2e7b73ad3cafd6949"/>
  </subject>
  <date value="2015-02-07T13:28:17Z"/>
  <entry>
    <flag>
      <coding>
        <system value="urn:oid:1.2.36.1.2001.1001.101.104.16592"/>
        <code value="01"/>
      </coding>
      <text value="Unchanged"/>
    </flag>
    <date value="2015-02-07T13:28:17Z"/>
    <item>
      <extension url="http://ema.europa.eu/fhir/extension/documentType">
        <valueCoding>
          <system value="http://spor.ema.europa.eu/v1/100000155531"/>
          <code value="100000155538"/>
          <display value="B. PACKAGE LEAFLET"/>
        </valueCoding>
      </extension>
      <extension url="http://ema.europa.eu/fhir/extension/language">
        <valueCoding>
          <system value="http://spor.ema.europa.eu/v1/100000072057"/>
          <code value="100000072147"/>
          <display value="es"/>
        </valueCoding>
      </extension>
      <reference value="Bundle/bundlepackageleaflet-es-94a96e39cfdcd8b378d12dd4063065f9"/>
    </item>
  </entry>
</List>