<?xml version="1.0" encoding="UTF-8"?>

<ManufacturedItemDefinition xmlns="http://hl7.org/fhir">
  <id value="mid-635d47ee543a5a9e15fcd321ee5fe6bb"/>
  <meta>
    <profile value="http://hl7.org/fhir/uv/emedicinal-product-info/StructureDefinition/ManufacturedItemDefinition-uv-epi"/>
  </meta>
  <text>
    <status value="generated"/><div xmlns="http://www.w3.org/1999/xhtml"><p><b>Generated Narrative: ManufacturedItemDefinition</b><a name="mid-635d47ee543a5a9e15fcd321ee5fe6bb"> </a><a name="hcmid-635d47ee543a5a9e15fcd321ee5fe6bb"> </a></p><div style="display: inline-block; background-color: #d9e0e7; padding: 6px; margin: 4px; border: 1px solid #8da1b4; border-radius: 5px; line-height: 60%"><p style="margin-bottom: 0px">Resource ManufacturedItemDefinition &quot;mid-635d47ee543a5a9e15fcd321ee5fe6bb&quot; </p><p style="margin-bottom: 0px">Profile: <a href="https://build.fhir.org/ig/HL7/emedicinal-product-info//StructureDefinition-ManufacturedItemDefinition-uv-epi.html">ManufacturedItemDefinition (ePI)</a></p></div><p><b>identifier</b>: <code>https://spor.ema.europa.eu/pmswi</code>/nan (use: OFFICIAL)</p><p><b>status</b>: active</p><p><b>manufacturedDoseForm</b>: Nasal spray <span style="background: LightGoldenRodYellow; margin: 4px; border: 1px solid khaki"> (#200000016474)</span></p><p><b>unitOfPresentation</b>: Spray <span style="background: LightGoldenRodYellow; margin: 4px; border: 1px solid khaki"> (rmswi#200000016451)</span></p><p><b>manufacturer</b>: <a href="Organization-man-05de1a64764c002add42fbfd49b6a38d.html">Organization/man-05de1a64764c002add42fbfd49b6a38d</a> &quot;MedImmune, UK Limited&quot;</p></div>
  </text>
  <identifier>
    <use value="official"/>
    <system value="https://spor.ema.europa.eu/pmswi"/>
    <value value="nan"/>
  </identifier>
  <status value="active"/>
  <manufacturedDoseForm>
    <coding>
      <system value="https://spor.ema.europa.eu/rmswi/"/>
      <code value="200000016474"/>
      <display value="Nasal spray"/>
    </coding>
  </manufacturedDoseForm>
  <unitOfPresentation>
    <coding>
      <system value="https://spor.ema.europa.eu/rmswi"/>
      <code value="200000016451"/>
      <display value="Spray"/>
    </coding>
  </unitOfPresentation>
  <manufacturer>
    <reference value="Organization/man-05de1a64764c002add42fbfd49b6a38d"/>
  </manufacturer>
</ManufacturedItemDefinition>