<?xml version="1.0" encoding="UTF-8"?>

<MedicinalProductDefinition xmlns="http://hl7.org/fhir">
  <id value="mp01eaaf0a81574efda98a52449788e7a2"/>
  <meta>
    <profile value="http://hl7.org/fhir/uv/emedicinal-product-info/StructureDefinition/MedicinalProductDefinition-uv-epi"/>
  </meta>
  <text>
    <status value="generated"/><div xmlns="http://www.w3.org/1999/xhtml"><p><b>Generated Narrative: MedicinalProductDefinition</b><a name="mp01eaaf0a81574efda98a52449788e7a2"> </a><a name="hcmp01eaaf0a81574efda98a52449788e7a2"> </a></p><div style="display: inline-block; background-color: #d9e0e7; padding: 6px; margin: 4px; border: 1px solid #8da1b4; border-radius: 5px; line-height: 60%"><p style="margin-bottom: 0px">Resource MedicinalProductDefinition &quot;mp01eaaf0a81574efda98a52449788e7a2&quot; </p><p style="margin-bottom: 0px">Profile: <a href="https://build.fhir.org/ig/HL7/emedicinal-product-info//StructureDefinition-MedicinalProductDefinition-uv-epi.html">MedicinalProductDefinition (ePI)</a></p></div><p><b>identifier</b>: <code>https://www.who-umc.org/phpid/1</code>/8B44F06AB13CD28E68DE3255193A4F59, <code>https://www.who-umc.org/phpid/2</code>/946EDA19CD2DB76813237462884BEFD8, <code>https://www.who-umc.org/phpid/3</code>/EBCFAC0D18CA76B872188AA9E85F0F67, <code>https://www.who-umc.org/phpid/4</code>/9DE6782842862A9295DAA3C3B96C4882</p><p><b>type</b>: Medicinal Product <span style="background: LightGoldenRodYellow; margin: 4px; border: 1px solid khaki"> (<a href="http://hl7.org/fhir/R5/codesystem-medicinal-product-type.html">Medicinal Product Type</a>#MedicinalProduct)</span></p><p><b>domain</b>: Human use <span style="background: LightGoldenRodYellow; margin: 4px; border: 1px solid khaki"> (<a href="http://hl7.org/fhir/R5/codesystem-medicinal-product-domain.html">Medicinal Product Domain</a>#Human)</span></p><p><b>status</b>: active <span style="background: LightGoldenRodYellow; margin: 4px; border: 1px solid khaki"> (<a href="http://hl7.org/fhir/R5/codesystem-publication-status.html">PublicationStatus</a>#active)</span></p><p><b>legalStatusOfSupply</b>: Medicinal product subject to medical prescription <span style="background: LightGoldenRodYellow; margin: 4px; border: 1px solid khaki"> (rmswi#100000072084)</span></p><blockquote><p><b>name</b></p><p><b>productName</b>: Nurofen 100 mg Chewable Capsules</p><p><b>type</b>: Full name <span style="background: LightGoldenRodYellow; margin: 4px; border: 1px solid khaki"> (220000000000#220000000001)</span></p><blockquote><p><b>part</b></p><p><b>part</b>: Nurofen</p><p><b>type</b>: Invented name part <span style="background: LightGoldenRodYellow; margin: 4px; border: 1px solid khaki"> (220000000000#220000000002)</span></p></blockquote><blockquote><p><b>part</b></p><p><b>part</b>: Ibruprofen</p><p><b>type</b>: Scientific name part <span style="background: LightGoldenRodYellow; margin: 4px; border: 1px solid khaki"> (220000000000#220000000003)</span></p></blockquote><blockquote><p><b>part</b></p><p><b>part</b>: 100 mg</p><p><b>type</b>: Strength part <span style="background: LightGoldenRodYellow; margin: 4px; border: 1px solid khaki"> (220000000000#220000000004)</span></p></blockquote><blockquote><p><b>part</b></p><p><b>part</b>: chewable capsule</p><p><b>type</b>: Pharmaceutical dose form part <span style="background: LightGoldenRodYellow; margin: 4px; border: 1px solid khaki"> (220000000000#220000000005)</span></p></blockquote><h3>Usages</h3><table class="grid"><tr><td style="display: none">-</td><td><b>Country</b></td><td><b>Jurisdiction</b></td><td><b>Language</b></td></tr><tr><td style="display: none">*</td><td>Portugal <span style="background: LightGoldenRodYellow; margin: 4px; border: 1px solid khaki"> (<a href="http://terminology.hl7.org/5.3.0/CodeSystem-ISO3166Part1.html">ISO 3166-1 Codes for the representation of names of countries and their subdivisions — Part 1: Country code</a>#PT)</span></td><td>Portugal <span style="background: LightGoldenRodYellow; margin: 4px; border: 1px solid khaki"> (<a href="http://terminology.hl7.org/5.3.0/CodeSystem-ISO3166Part1.html">ISO 3166-1 Codes for the representation of names of countries and their subdivisions — Part 1: Country code</a>#PT)</span></td><td>English <span style="background: LightGoldenRodYellow; margin: 4px; border: 1px solid khaki"> (<a href="http://terminology.hl7.org/5.3.0/CodeSystem-v3-ietf3066.html">Tags for the Identification of Languages</a>#en)</span></td></tr></table></blockquote></div>
  </text>
  <identifier>
    <system value="https://www.who-umc.org/phpid/1"/>
    <value value="8B44F06AB13CD28E68DE3255193A4F59"/>
  </identifier>
  <identifier>
    <system value="https://www.who-umc.org/phpid/2"/>
    <value value="946EDA19CD2DB76813237462884BEFD8"/>
  </identifier>
  <identifier>
    <system value="https://www.who-umc.org/phpid/3"/>
    <value value="EBCFAC0D18CA76B872188AA9E85F0F67"/>
  </identifier>
  <identifier>
    <system value="https://www.who-umc.org/phpid/4"/>
    <value value="9DE6782842862A9295DAA3C3B96C4882"/>
  </identifier>
  <type>
    <coding>
      <system value="http://hl7.org/fhir/medicinal-product-type"/>
      <code value="MedicinalProduct"/>
      <display value="Medicinal Product"/>
    </coding>
  </type>
  <domain>
    <coding>
      <system value="http://hl7.org/fhir/medicinal-product-domain"/>
      <code value="Human"/>
      <display value="Human use"/>
    </coding>
  </domain>
  <status>
    <coding>
      <system value="http://hl7.org/fhir/publication-status"/>
      <code value="active"/>
      <display value="active"/>
    </coding>
  </status>
  <legalStatusOfSupply>
    <coding>
      <system value="https://spor.ema.europa.eu/rmswi"/>
      <code value="100000072084"/>
      <display value="Medicinal product subject to medical prescription"/>
    </coding>
  </legalStatusOfSupply>
  <name>
    <productName value="Nurofen 100 mg Chewable Capsules"/>
    <type>
      <coding>
        <system value="https://spor.ema.europa.eu/lists/220000000000"/>
        <code value="220000000001"/>
        <display value="Full name"/>
      </coding>
    </type>
    <part>
      <part value="Nurofen"/>
      <type>
        <coding>
          <system value="https://spor.ema.europa.eu/lists/220000000000"/>
          <code value="220000000002"/>
          <display value="Invented name part"/>
        </coding>
      </type>
    </part>
    <part>
      <part value="Ibruprofen"/>
      <type>
        <coding>
          <system value="https://spor.ema.europa.eu/lists/220000000000"/>
          <code value="220000000003"/>
          <display value="Scientific name part"/>
        </coding>
      </type>
    </part>
    <part>
      <part value="100 mg"/>
      <type>
        <coding>
          <system value="https://spor.ema.europa.eu/lists/220000000000"/>
          <code value="220000000004"/>
          <display value="Strength part"/>
        </coding>
      </type>
    </part>
    <part>
      <part value="chewable capsule"/>
      <type>
        <coding>
          <system value="https://spor.ema.europa.eu/lists/220000000000"/>
          <code value="220000000005"/>
          <display value="Pharmaceutical dose form part"/>
        </coding>
      </type>
    </part>
    <usage>
      <country>
        <coding>
          <system value="urn:iso:std:iso:3166"/>
          <code value="PT"/>
          <display value="Portugal"/>
        </coding>
      </country>
      <jurisdiction>
        <coding>
          <system value="urn:iso:std:iso:3166"/>
          <code value="PT"/>
          <display value="Portugal"/>
        </coding>
      </jurisdiction>
      <language>
        <coding>
          <system value="urn:ietf:bcp:47"/>
          <code value="en"/>
          <display value="English"/>
        </coding>
      </language>
    </usage>
  </name>
</MedicinalProductDefinition>