<?xml version="1.0" encoding="UTF-8"?>

<Observation xmlns="http://hl7.org/fhir">
  <id value="persona-dimension-1"/>
  <text>
    <status value="generated"/><div xmlns="http://www.w3.org/1999/xhtml"><p><b>Generated Narrative: Observation</b><a name="persona-dimension-1"> </a><a name="hcpersona-dimension-1"> </a></p><div style="display: inline-block; background-color: #d9e0e7; padding: 6px; margin: 4px; border: 1px solid #8da1b4; border-radius: 5px; line-height: 60%"><p style="margin-bottom: 0px">Resource Observation &quot;persona-dimension-1&quot; </p></div><p><b>status</b>: final</p><p><b>code</b>: employment <span style="background: LightGoldenRodYellow; margin: 4px; border: 1px solid khaki"> (<a href="CodeSystem-pd-type-cs.html">Persona Vector Dimensions Code</a>#EMP)</span></p><p><b>subject</b>: <span>: IPS-4</span></p><p><b>effective</b>: 2019-01-01 00:00:00+0000</p><p><b>value</b>: Currently employed <span style="background: LightGoldenRodYellow; margin: 4px; border: 1px solid khaki"> (example.org#currenly-employed)</span></p></div>
  </text>
  <status value="final"/>
  <code>
    <coding>
      <system value="http://hl7.eu/fhir/ig/gravitate-health/CodeSystem/pd-type-cs"/>
      <code value="EMP"/>
    </coding>
  </code>
  <subject>
    <display value="IPS-4"/>
  </subject>
  <effectiveDateTime value="2019-01-01T00:00:00Z"/>
  <valueCodeableConcept>
    <coding>
      <system value="http://example.org"/>
      <code value="currenly-employed"/>
      <display value="Currently employed"/>
    </coding>
  </valueCodeableConcept>
</Observation>