<?xml version="1.0" encoding="UTF-8"?>

<Organization xmlns="http://hl7.org/fhir">
  <id value="mah-46a3afc149c080384b82a9e476e79f76"/>
  <meta>
    <profile value="http://hl7.org/fhir/uv/emedicinal-product-info/StructureDefinition/Organization-uv-epi"/>
  </meta>
  <text>
    <status value="generated"/><div xmlns="http://www.w3.org/1999/xhtml"><p><b>Generated Narrative: Organization</b><a name="mah-46a3afc149c080384b82a9e476e79f76"> </a><a name="hcmah-46a3afc149c080384b82a9e476e79f76"> </a></p><div style="display: inline-block; background-color: #d9e0e7; padding: 6px; margin: 4px; border: 1px solid #8da1b4; border-radius: 5px; line-height: 60%"><p style="margin-bottom: 0px">Resource Organization &quot;mah-46a3afc149c080384b82a9e476e79f76&quot; </p><p style="margin-bottom: 0px">Profile: <a href="https://build.fhir.org/ig/HL7/emedicinal-product-info//StructureDefinition-Organization-uv-epi.html">Organization (ePI)</a></p></div><p><b>identifier</b>: <code>https://spor.ema.europa.eu/omswi</code>/ORG-100000789 (use: OFFICIAL)</p><p><b>active</b>: true</p><p><b>type</b>: Marketing authorisation holder <span style="background: LightGoldenRodYellow; margin: 4px; border: 1px solid khaki"> (rmswi#220000000034)</span></p><p><b>name</b>: AstraZeneca AB</p><h3>Contacts</h3><table class="grid"><tr><td style="display: none">-</td><td><b>Address</b></td></tr><tr><td style="display: none">*</td><td>SE-151 85 Södertälje Södertälje SWE(WORK)</td></tr></table></div>
  </text>
  <identifier>
    <use value="official"/>
    <system value="https://spor.ema.europa.eu/omswi"/>
    <value value="ORG-100000789"/>
  </identifier>
  <active value="true"/>
  <type>
    <coding>
      <system value="https://spor.ema.europa.eu/rmswi"/>
      <code value="220000000034"/>
      <display value="Marketing authorisation holder"/>
    </coding>
  </type>
  <name value="AstraZeneca AB"/>
  <contact>
    <address>
      <use value="work"/>
      <type value="physical"/>
      <text value="SE-151 85 Södertälje Södertälje SWE"/>
      <line value="SE-151 85 Södertälje"/>
      <city value="Södertälje"/>
      <country value="SWE"/>
    </address>
  </contact>
</Organization>