<?xml version="1.0" encoding="UTF-8"?>

<PackagedProductDefinition xmlns="http://hl7.org/fhir">
  <id value="ppd-f22a97fafd26aa7001d9fe6a30afa7b2"/>
  <meta>
    <profile value="http://hl7.org/fhir/uv/emedicinal-product-info/StructureDefinition/PackagedProductDefinition-uv-epi"/>
  </meta>
  <text>
    <status value="generated"/><div xmlns="http://www.w3.org/1999/xhtml"><p><b>Generated Narrative: PackagedProductDefinition</b><a name="ppd-f22a97fafd26aa7001d9fe6a30afa7b2"> </a><a name="hcppd-f22a97fafd26aa7001d9fe6a30afa7b2"> </a></p><div style="display: inline-block; background-color: #d9e0e7; padding: 6px; margin: 4px; border: 1px solid #8da1b4; border-radius: 5px; line-height: 60%"><p style="margin-bottom: 0px">Resource PackagedProductDefinition &quot;ppd-f22a97fafd26aa7001d9fe6a30afa7b2&quot; </p><p style="margin-bottom: 0px">Profile: <a href="https://build.fhir.org/ig/HL7/emedicinal-product-info//StructureDefinition-PackagedProductDefinition-uv-epi.html">PackagedProductDefinition (ePI)</a></p></div><p><b>identifier</b>: <code>https://spor.ema.europa.eu/pmswi</code>/EU/1/13/887/003 (use: OFFICIAL)</p><p><b>name</b>: Fluenz Tetra nasal spray suspension 1</p><p><b>type</b>: Chemical Medicinal Product <span style="background: LightGoldenRodYellow; margin: 4px; border: 1px solid khaki"> (rmswi#100000155527)</span></p><p><b>packageFor</b>: <a href="MedicinalProductDefinition-mp822aeee7cf35efce0583ec39919328fb.html">MedicinalProductDefinition/mp822aeee7cf35efce0583ec39919328fb</a></p><p><b>status</b>: Active <span style="background: LightGoldenRodYellow; margin: 4px; border: 1px solid khaki"> (<a href="http://hl7.org/fhir/R5/codesystem-publication-status.html">PublicationStatus</a>#active)</span></p><p><b>statusDate</b>: 2015-02-07 13:28:17+0000</p><p><b>manufacturer</b>: <a href="Organization-man-05de1a64764c002add42fbfd49b6a38d.html">Organization/man-05de1a64764c002add42fbfd49b6a38d</a> &quot;MedImmune, UK Limited&quot;</p><blockquote><p><b>packaging</b></p><p><b>type</b>: Box <span style="background: LightGoldenRodYellow; margin: 4px; border: 1px solid khaki"> (rmswi#100000073498)</span></p><p><b>quantity</b>: 1</p><p><b>material</b>: Cardboard <span style="background: LightGoldenRodYellow; margin: 4px; border: 1px solid khaki"> (rmswi#200000003529)</span></p><blockquote><p><b>packaging</b></p><p><b>identifier</b>: <code>https://spor.ema.europa.eu/pmswi</code>/123456</p><p><b>type</b>: Nasal applicator <span style="background: LightGoldenRodYellow; margin: 4px; border: 1px solid khaki"> (rmswi#100000073533)</span></p><p><b>quantity</b>: 1</p><blockquote><p><b>containedItem</b></p></blockquote></blockquote></blockquote></div>
  </text>
  <identifier>
    <use value="official"/>
    <system value="https://spor.ema.europa.eu/pmswi"/>
    <value value="EU/1/13/887/003"/>
  </identifier>
  <name value="Fluenz Tetra nasal spray suspension 1"/>
  <type>
    <coding>
      <system value="https://spor.ema.europa.eu/rmswi"/>
      <code value="100000155527"/>
      <display value="Chemical Medicinal Product"/>
    </coding>
  </type>
  <packageFor>
    <reference value="MedicinalProductDefinition/mp822aeee7cf35efce0583ec39919328fb"/>
  </packageFor>
  <status>
    <coding>
      <system value="http://hl7.org/fhir/publication-status"/>
      <code value="active"/>
      <display value="Active"/>
    </coding>
  </status>
  <statusDate value="2015-02-07T13:28:17Z"/>
  <manufacturer>
    <reference value="Organization/man-05de1a64764c002add42fbfd49b6a38d"/>
  </manufacturer>
  <packaging>
    <type>
      <coding>
        <system value="https://spor.ema.europa.eu/rmswi"/>
        <code value="100000073498"/>
        <display value="Box"/>
      </coding>
    </type>
    <quantity value="1"/>
    <material>
      <coding>
        <system value="https://spor.ema.europa.eu/rmswi"/>
        <code value="200000003529"/>
        <display value="Cardboard"/>
      </coding>
    </material>
    <packaging>
      <identifier>
        <system value="https://spor.ema.europa.eu/pmswi"/>
        <value value="123456"/>
      </identifier>
      <type>
        <coding>
          <system value="https://spor.ema.europa.eu/rmswi"/>
          <code value="100000073533"/>
          <display value="Nasal applicator"/>
        </coding>
      </type>
      <quantity value="1"/>
      <containedItem>
        <item>
          <reference>
            <reference value="ManufacturedItemDefinition/mid-635d47ee543a5a9e15fcd321ee5fe6bb"/>
          </reference>
        </item>
      </containedItem>
    </packaging>
  </packaging>
</PackagedProductDefinition>