<?xml version="1.0" encoding="UTF-8"?>

<PackagedProductDefinition xmlns="http://hl7.org/fhir">
  <id value="ppd-f1cc049dd00785b744b0e0fb928c8569"/>
  <meta>
    <profile value="http://hl7.org/fhir/uv/emedicinal-product-info/StructureDefinition/PackagedProductDefinition-uv-epi"/>
  </meta>
  <text>
    <status value="generated"/><div xmlns="http://www.w3.org/1999/xhtml"><p><b>Generated Narrative: PackagedProductDefinition</b><a name="ppd-f1cc049dd00785b744b0e0fb928c8569"> </a><a name="hcppd-f1cc049dd00785b744b0e0fb928c8569"> </a></p><div style="display: inline-block; background-color: #d9e0e7; padding: 6px; margin: 4px; border: 1px solid #8da1b4; border-radius: 5px; line-height: 60%"><p style="margin-bottom: 0px">Resource PackagedProductDefinition &quot;ppd-f1cc049dd00785b744b0e0fb928c8569&quot; </p><p style="margin-bottom: 0px">Profile: <a href="https://build.fhir.org/ig/HL7/emedicinal-product-info//StructureDefinition-PackagedProductDefinition-uv-epi.html">PackagedProductDefinition (ePI)</a></p></div><p><b>identifier</b>: <code>https://spor.ema.europa.eu/pmswi</code>/EU/1/16/1157/001 (use: OFFICIAL)</p><p><b>name</b>: Suliqua 100 units/ml + 50 micrograms/ml solution for injection in a pre-filled pen 3</p><p><b>type</b>: Chemical Medicinal Product <span style="background: LightGoldenRodYellow; margin: 4px; border: 1px solid khaki"> (rmswi#100000155527)</span></p><p><b>packageFor</b>: <a href="MedicinalProductDefinition-mp367b9089c0743a2330f4c6e82b40ee41.html">MedicinalProductDefinition/mp367b9089c0743a2330f4c6e82b40ee41</a></p><p><b>status</b>: Active <span style="background: LightGoldenRodYellow; margin: 4px; border: 1px solid khaki"> (<a href="http://hl7.org/fhir/R5/codesystem-publication-status.html">PublicationStatus</a>#active)</span></p><p><b>statusDate</b>: 2015-02-07 13:28:17+0000</p><p><b>manufacturer</b>: <a href="Organization-man-174ad598bd1faddba2098648a45613e1.html">Organization/man-174ad598bd1faddba2098648a45613e1</a> &quot;Sanofi-Aventis Deutschland GmbH&quot;</p><blockquote><p><b>packaging</b></p><p><b>type</b>: Box <span style="background: LightGoldenRodYellow; margin: 4px; border: 1px solid khaki"> (rmswi#100000073498)</span></p><p><b>quantity</b>: 1</p><p><b>material</b>: Cardboard <span style="background: LightGoldenRodYellow; margin: 4px; border: 1px solid khaki"> (rmswi#200000003529)</span></p><blockquote><p><b>packaging</b></p><p><b>identifier</b>: <code>https://spor.ema.europa.eu/pmswi</code>/123456.0</p><p><b>type</b>: Pre-filled pen <span style="background: LightGoldenRodYellow; margin: 4px; border: 1px solid khaki"> (rmswi#100000073543)</span></p><p><b>quantity</b>: 3</p><p><b>material</b>: Glass type I <span style="background: LightGoldenRodYellow; margin: 4px; border: 1px solid khaki"> (rmswi#200000003204)</span></p><blockquote><p><b>containedItem</b></p></blockquote></blockquote></blockquote></div>
  </text>
  <identifier>
    <use value="official"/>
    <system value="https://spor.ema.europa.eu/pmswi"/>
    <value value="EU/1/16/1157/001"/>
  </identifier>
  <name value="Suliqua 100 units/ml + 50 micrograms/ml solution for injection in a pre-filled pen 3"/>
  <type>
    <coding>
      <system value="https://spor.ema.europa.eu/rmswi"/>
      <code value="100000155527"/>
      <display value="Chemical Medicinal Product"/>
    </coding>
  </type>
  <packageFor>
    <reference value="MedicinalProductDefinition/mp367b9089c0743a2330f4c6e82b40ee41"/>
  </packageFor>
  <status>
    <coding>
      <system value="http://hl7.org/fhir/publication-status"/>
      <code value="active"/>
      <display value="Active"/>
    </coding>
  </status>
  <statusDate value="2015-02-07T13:28:17Z"/>
  <manufacturer>
    <reference value="Organization/man-174ad598bd1faddba2098648a45613e1"/>
  </manufacturer>
  <packaging>
    <type>
      <coding>
        <system value="https://spor.ema.europa.eu/rmswi"/>
        <code value="100000073498"/>
        <display value="Box"/>
      </coding>
    </type>
    <quantity value="1"/>
    <material>
      <coding>
        <system value="https://spor.ema.europa.eu/rmswi"/>
        <code value="200000003529"/>
        <display value="Cardboard"/>
      </coding>
    </material>
    <packaging>
      <identifier>
        <system value="https://spor.ema.europa.eu/pmswi"/>
        <value value="123456.0"/>
      </identifier>
      <type>
        <coding>
          <system value="https://spor.ema.europa.eu/rmswi"/>
          <code value="100000073543"/>
          <display value="Pre-filled pen"/>
        </coding>
      </type>
      <quantity value="3"/>
      <material>
        <coding>
          <system value="https://spor.ema.europa.eu/rmswi"/>
          <code value="200000003204"/>
          <display value="Glass type I"/>
        </coding>
      </material>
      <containedItem>
        <item>
          <reference>
            <reference value="ManufacturedItemDefinition/mid-e2464a7d3d627b9df9bef5bc3b263fb4"/>
          </reference>
        </item>
      </containedItem>
    </packaging>
  </packaging>
</PackagedProductDefinition>