<?xml version="1.0" encoding="UTF-8"?>

<RegulatedAuthorization xmlns="http://hl7.org/fhir">
  <id value="authorization4fab126d28f65a1084e7b50a232003630"/>
  <meta>
    <profile value="http://hl7.org/fhir/uv/emedicinal-product-info/StructureDefinition/RegulatedAuthorization-uv-epi"/>
  </meta>
  <text>
    <status value="generated"/><div xmlns="http://www.w3.org/1999/xhtml"><p><b>Generated Narrative: RegulatedAuthorization</b><a name="authorization4fab126d28f65a1084e7b50a232003630"> </a><a name="hcauthorization4fab126d28f65a1084e7b50a232003630"> </a></p><div style="display: inline-block; background-color: #d9e0e7; padding: 6px; margin: 4px; border: 1px solid #8da1b4; border-radius: 5px; line-height: 60%"><p style="margin-bottom: 0px">Resource RegulatedAuthorization &quot;authorization4fab126d28f65a1084e7b50a232003630&quot; </p><p style="margin-bottom: 0px">Profile: <a href="https://build.fhir.org/ig/HL7/emedicinal-product-info//StructureDefinition-RegulatedAuthorization-uv-epi.html">RegulatedAuthorization (ePI)</a></p></div><p><b>identifier</b>: <code>https://spor.ema.europa.eu/pmswi</code>/EU/1/98/071/004 (use: OFFICIAL)</p><p><b>subject</b>: <a href="MedicinalProductDefinition-mpbc60fa1aa0bfe774d11ee13c0c131622.html">MedicinalProductDefinition/mpbc60fa1aa0bfe774d11ee13c0c131622</a></p><p><b>type</b>: Marketing Authorisation <span style="background: LightGoldenRodYellow; margin: 4px; border: 1px solid khaki"> (rmswi#100000072062)</span></p><p><b>status</b>: Active <span style="background: LightGoldenRodYellow; margin: 4px; border: 1px solid khaki"> (<a href="http://hl7.org/fhir/R5/codesystem-publication-status.html">PublicationStatus</a>#active)</span></p><p><b>statusDate</b>: 2018-06-21</p><p><b>holder</b>: <a href="Organization-mah-4aaf055c3c7bab96579cd18496b045eb.html">Organization/mah-4aaf055c3c7bab96579cd18496b045eb</a> &quot;CHEPLAPHARM Arzneimittel GmbH&quot;</p></div>
  </text>
  <identifier>
    <use value="official"/>
    <system value="https://spor.ema.europa.eu/pmswi"/>
    <value value="EU/1/98/071/004"/>
  </identifier>
  <subject>
    <reference value="MedicinalProductDefinition/mpbc60fa1aa0bfe774d11ee13c0c131622"/>
  </subject>
  <type>
    <coding>
      <system value="https://spor.ema.europa.eu/rmswi"/>
      <code value="100000072062"/>
      <display value="Marketing Authorisation"/>
    </coding>
  </type>
  <status>
    <coding>
      <system value="http://hl7.org/fhir/publication-status"/>
      <code value="active"/>
      <display value="Active"/>
    </coding>
  </status>
  <statusDate value="2018-06-21"/>
  <holder>
    <reference value="Organization/mah-4aaf055c3c7bab96579cd18496b045eb"/>
  </holder>
</RegulatedAuthorization>