<?xml version="1.0" encoding="UTF-8"?>

<RegulatedAuthorization xmlns="http://hl7.org/fhir">
  <id value="authorization1a7318638ddbbeb084ef416e717b6fdb0"/>
  <meta>
    <profile value="http://hl7.org/fhir/uv/emedicinal-product-info/StructureDefinition/RegulatedAuthorization-uv-epi"/>
  </meta>
  <text>
    <status value="generated"/><div xmlns="http://www.w3.org/1999/xhtml"><p><b>Generated Narrative: RegulatedAuthorization</b><a name="authorization1a7318638ddbbeb084ef416e717b6fdb0"> </a><a name="hcauthorization1a7318638ddbbeb084ef416e717b6fdb0"> </a></p><div style="display: inline-block; background-color: #d9e0e7; padding: 6px; margin: 4px; border: 1px solid #8da1b4; border-radius: 5px; line-height: 60%"><p style="margin-bottom: 0px">Resource RegulatedAuthorization &quot;authorization1a7318638ddbbeb084ef416e717b6fdb0&quot; </p><p style="margin-bottom: 0px">Profile: <a href="https://build.fhir.org/ig/HL7/emedicinal-product-info//StructureDefinition-RegulatedAuthorization-uv-epi.html">RegulatedAuthorization (ePI)</a></p></div><p><b>identifier</b>: <code>https://spor.ema.europa.eu/pmswi</code>/77022 (use: OFFICIAL)</p><p><b>subject</b>: <a href="MedicinalProductDefinition-mpb3a8d58c709a2281d8ad2a590fe81663.html">MedicinalProductDefinition/mpb3a8d58c709a2281d8ad2a590fe81663</a></p><p><b>type</b>: Marketing Authorisation <span style="background: LightGoldenRodYellow; margin: 4px; border: 1px solid khaki"> (rmswi#100000072062)</span></p><p><b>status</b>: Active <span style="background: LightGoldenRodYellow; margin: 4px; border: 1px solid khaki"> (<a href="http://hl7.org/fhir/R5/codesystem-publication-status.html">PublicationStatus</a>#active)</span></p><p><b>statusDate</b>: 2021-01-01</p><p><b>holder</b>: <a href="Organization-mah-6ade044addd6563de0baefebb1cceb8e.html">Organization/mah-6ade044addd6563de0baefebb1cceb8e</a> &quot;FERRING S.A.U.&quot;</p></div>
  </text>
  <identifier>
    <use value="official"/>
    <system value="https://spor.ema.europa.eu/pmswi"/>
    <value value="77022"/>
  </identifier>
  <subject>
    <reference value="MedicinalProductDefinition/mpb3a8d58c709a2281d8ad2a590fe81663"/>
  </subject>
  <type>
    <coding>
      <system value="https://spor.ema.europa.eu/rmswi"/>
      <code value="100000072062"/>
      <display value="Marketing Authorisation"/>
    </coding>
  </type>
  <status>
    <coding>
      <system value="http://hl7.org/fhir/publication-status"/>
      <code value="active"/>
      <display value="Active"/>
    </coding>
  </status>
  <statusDate value="2021-01-01"/>
  <holder>
    <reference value="Organization/mah-6ade044addd6563de0baefebb1cceb8e"/>
  </holder>
</RegulatedAuthorization>