<?xml version="1.0" encoding="UTF-8"?>

<SubstanceDefinition xmlns="http://hl7.org/fhir">
  <id value="substance-paracetamol"/>
  <meta>
    <profile value="http://hl7.org/fhir/uv/emedicinal-product-info/StructureDefinition/SubstanceDefinition-uv-epi"/>
  </meta>
  <text>
    <status value="generated"/><div xmlns="http://www.w3.org/1999/xhtml"><p><b>Generated Narrative: SubstanceDefinition</b><a name="substance-paracetamol"> </a><a name="hcsubstance-paracetamol"> </a></p><div style="display: inline-block; background-color: #d9e0e7; padding: 6px; margin: 4px; border: 1px solid #8da1b4; border-radius: 5px; line-height: 60%"><p style="margin-bottom: 0px">Resource SubstanceDefinition &quot;substance-paracetamol&quot; </p><p style="margin-bottom: 0px">Profile: <a href="https://build.fhir.org/ig/HL7/emedicinal-product-info//StructureDefinition-SubstanceDefinition-uv-epi.html">SubstanceDefinition (ePI)</a></p></div><p><b>identifier</b>: <code>https://gsrs.ncats.nih.gov/ginas/app/beta/</code>/362O9ITL9D (use: OFFICIAL)</p><p><b>version</b>: 1</p><p><b>status</b>: Active <span style="background: LightGoldenRodYellow; margin: 4px; border: 1px solid khaki"> (<a href="http://hl7.org/fhir/R5/codesystem-publication-status.html">PublicationStatus</a>#active)</span></p><p><b>manufacturer</b>: <a href="Organization-mah-65db33d6be47a433e6e9e9c2980ea7a4.html">Organization/mah-65db33d6be47a433e6e9e9c2980ea7a4</a> &quot;FERRER INTERNACIONAL, S.A.&quot;</p><h3>MolecularWeights</h3><table class="grid"><tr><td style="display: none">-</td><td><b>Type</b></td><td><b>Amount</b></td></tr><tr><td style="display: none">*</td><td>exact <span style="background: LightGoldenRodYellow; margin: 4px; border: 1px solid khaki"> ()</span></td><td>151.16</td></tr></table><h3>Structures</h3><table class="grid"><tr><td style="display: none">-</td><td><b>MolecularFormula</b></td></tr><tr><td style="display: none">*</td><td>C8H9NO2</td></tr></table><h3>Names</h3><table class="grid"><tr><td style="display: none">-</td><td><b>Name</b></td><td><b>Type</b></td></tr><tr><td style="display: none">*</td><td>4'-HYDROXYACETANILIDE</td><td>Chemical Name <span style="background: LightGoldenRodYellow; margin: 4px; border: 1px solid khaki"> (#x)</span></td></tr></table></div>
  </text>
  <identifier>
    <use value="official"/>
    <system value="https://gsrs.ncats.nih.gov/ginas/app/beta/"/>
    <value value="362O9ITL9D"/>
  </identifier>
  <version value="1"/>
  <status>
    <coding>
      <system value="http://hl7.org/fhir/publication-status"/>
      <code value="active"/>
    </coding>
  </status>
  <manufacturer>
    <reference value="Organization/mah-65db33d6be47a433e6e9e9c2980ea7a4"/>
  </manufacturer>
  <molecularWeight>
    <type>
      <text value="exact"/>
    </type>
    <amount>
      <value value="151.16"/>
    </amount>
  </molecularWeight>
  <structure>
    <molecularFormula value="C8H9NO2"/>
  </structure>
  <name>
    <name value="4'-HYDROXYACETANILIDE"/>
    <type>
      <coding>
        <system value="https://gsrs.ncats.nih.gov/ginas/app/beta/"/>
        <code value="x"/>
        <display value="Chemical Name"/>
      </coding>
    </type>
  </name>
</SubstanceDefinition>