<?xml version="1.0" encoding="UTF-8"?>

<SubstanceDefinition xmlns="http://hl7.org/fhir">
  <id value="substance-influenzabvirusbsingaporewuh46182021whole"/>
  <meta>
    <profile value="http://hl7.org/fhir/uv/emedicinal-product-info/StructureDefinition/SubstanceDefinition-uv-epi"/>
  </meta>
  <text>
    <status value="generated"/><div xmlns="http://www.w3.org/1999/xhtml"><p><b>Generated Narrative: SubstanceDefinition</b><a name="substance-influenzabvirusbsingaporewuh46182021whole"> </a><a name="hcsubstance-influenzabvirusbsingaporewuh46182021whole"> </a></p><div style="display: inline-block; background-color: #d9e0e7; padding: 6px; margin: 4px; border: 1px solid #8da1b4; border-radius: 5px; line-height: 60%"><p style="margin-bottom: 0px">Resource SubstanceDefinition &quot;substance-influenzabvirusbsingaporewuh46182021whole&quot; </p><p style="margin-bottom: 0px">Profile: <a href="https://build.fhir.org/ig/HL7/emedicinal-product-info//StructureDefinition-SubstanceDefinition-uv-epi.html">SubstanceDefinition (ePI)</a></p></div><p><b>identifier</b>: <code>https://gsrs.ncats.nih.gov/ginas/app/beta/</code>/BFA4LSE5QQ (use: OFFICIAL)</p><p><b>status</b>: Active <span style="background: LightGoldenRodYellow; margin: 4px; border: 1px solid khaki"> (<a href="http://hl7.org/fhir/R5/codesystem-publication-status.html">PublicationStatus</a>#active)</span></p><p><b>manufacturer</b>: <a href="Organization-mah-45fe50eae508b5755dd140ab2093eb5e.html">Organization/mah-45fe50eae508b5755dd140ab2093eb5e</a> &quot;Seqirus Netherlands B.V.&quot;</p></div>
  </text>
  <identifier>
    <use value="official"/>
    <system value="https://gsrs.ncats.nih.gov/ginas/app/beta/"/>
    <value value="BFA4LSE5QQ"/>
  </identifier>
  <status>
    <coding>
      <system value="http://hl7.org/fhir/publication-status"/>
      <code value="active"/>
    </coding>
  </status>
  <manufacturer>
    <reference value="Organization/mah-45fe50eae508b5755dd140ab2093eb5e"/>
  </manufacturer>
</SubstanceDefinition>