<?xml version="1.0" encoding="UTF-8"?>

<SubstanceDefinition xmlns="http://hl7.org/fhir">
  <id value="substance-adalimumab"/>
  <meta>
    <profile value="http://hl7.org/fhir/uv/emedicinal-product-info/StructureDefinition/SubstanceDefinition-uv-epi"/>
  </meta>
  <text>
    <status value="generated"/><div xmlns="http://www.w3.org/1999/xhtml"><p><b>Generated Narrative: SubstanceDefinition</b><a name="substance-adalimumab"> </a><a name="hcsubstance-adalimumab"> </a></p><div style="display: inline-block; background-color: #d9e0e7; padding: 6px; margin: 4px; border: 1px solid #8da1b4; border-radius: 5px; line-height: 60%"><p style="margin-bottom: 0px">Resource SubstanceDefinition &quot;substance-adalimumab&quot; </p><p style="margin-bottom: 0px">Profile: <a href="https://build.fhir.org/ig/HL7/emedicinal-product-info//StructureDefinition-SubstanceDefinition-uv-epi.html">SubstanceDefinition (ePI)</a></p></div><p><b>identifier</b>: <code>https://gsrs.ncats.nih.gov/ginas/app/beta/</code>/FYS6T7F842 (use: OFFICIAL)</p><p><b>version</b>: 1</p><p><b>status</b>: Active <span style="background: LightGoldenRodYellow; margin: 4px; border: 1px solid khaki"> (<a href="http://hl7.org/fhir/R5/codesystem-publication-status.html">PublicationStatus</a>#active)</span></p><p><b>manufacturer</b>: <a href="Organization-mah-63db764f02d280689a772e5827bb2515.html">Organization/mah-63db764f02d280689a772e5827bb2515</a> &quot;ACME industry&quot;</p><h3>Structures</h3><table class="grid"><tr><td style="display: none">-</td><td><b>MolecularFormula</b></td></tr><tr><td style="display: none">*</td><td>C6448H10026O2016N1732S42</td></tr></table></div>
  </text>
  <identifier>
    <use value="official"/>
    <system value="https://gsrs.ncats.nih.gov/ginas/app/beta/"/>
    <value value="FYS6T7F842"/>
  </identifier>
  <version value="1"/>
  <status>
    <coding>
      <system value="http://hl7.org/fhir/publication-status"/>
      <code value="active"/>
    </coding>
  </status>
  <manufacturer>
    <reference value="Organization/mah-63db764f02d280689a772e5827bb2515"/>
  </manufacturer>
  <structure>
    <molecularFormula value="C6448H10026O2016N1732S42"/>
  </structure>
</SubstanceDefinition>