{
  "resourceType" : "AdministrableProductDefinition",
  "id" : "ap-e3e5e78d4e002ed9e15b925cd546e20b",
  "meta" : {
    "profile" : ["http://hl7.org/fhir/uv/emedicinal-product-info/StructureDefinition/AdministrableProductDefinition-uv-epi"]
  },
  "text" : {
    "status" : "generated",
    "div" : "<div xmlns=\"http://www.w3.org/1999/xhtml\"><p><b>Generated Narrative: AdministrableProductDefinition</b><a name=\"ap-e3e5e78d4e002ed9e15b925cd546e20b\"> </a><a name=\"hcap-e3e5e78d4e002ed9e15b925cd546e20b\"> </a></p><div style=\"display: inline-block; background-color: #d9e0e7; padding: 6px; margin: 4px; border: 1px solid #8da1b4; border-radius: 5px; line-height: 60%\"><p style=\"margin-bottom: 0px\">Resource AdministrableProductDefinition &quot;ap-e3e5e78d4e002ed9e15b925cd546e20b&quot; </p><p style=\"margin-bottom: 0px\">Profile: <a href=\"https://build.fhir.org/ig/HL7/emedicinal-product-info//StructureDefinition-AdministrableProductDefinition-uv-epi.html\">AdministrableProductDefinition (ePI)</a></p></div><p><b>identifier</b>: <code>https://spor.ema.europa.eu/pmswi</code>/EU/1/13/853/001</p><p><b>status</b>: active</p><p><b>formOf</b>: <a href=\"MedicinalProductDefinition-mpbe76bdf784deea6950583b234f789db2.html\">MedicinalProductDefinition/mpbe76bdf784deea6950583b234f789db2</a></p><p><b>administrableDoseForm</b>: Powder for concentrate for solution for infusion <span style=\"background: LightGoldenRodYellow; margin: 4px; border: 1px solid khaki\"> (rmswi#100000074029)</span></p><p><b>unitOfPresentation</b>: Vial <span style=\"background: LightGoldenRodYellow; margin: 4px; border: 1px solid khaki\"> (rmswi#200000002158)</span></p><p><b>producedFrom</b>: <a href=\"ManufacturedItemDefinition-mid-e3e5e78d4e002ed9e15b925cd546e20b.html\">ManufacturedItemDefinition/mid-e3e5e78d4e002ed9e15b925cd546e20b</a></p><blockquote><p><b>routeOfAdministration</b></p><p><b>code</b>: Intravenous use <span style=\"background: LightGoldenRodYellow; margin: 4px; border: 1px solid khaki\"> (rmswi#100000073611)</span></p><h3>TargetSpecies</h3><table class=\"grid\"><tr><td style=\"display: none\">-</td><td><b>Code</b></td></tr><tr><td style=\"display: none\">*</td><td>Human <span style=\"background: LightGoldenRodYellow; margin: 4px; border: 1px solid khaki\"> (rmswi#100000109093)</span></td></tr></table></blockquote></div>"
  },
  "identifier" : [{
    "system" : "https://spor.ema.europa.eu/pmswi",
    "value" : "EU/1/13/853/001"
  }],
  "status" : "active",
  "formOf" : [{
    "reference" : "MedicinalProductDefinition/mpbe76bdf784deea6950583b234f789db2"
  }],
  "administrableDoseForm" : {
    "coding" : [{
      "system" : "https://spor.ema.europa.eu/rmswi",
      "code" : "100000074029",
      "display" : "Powder for concentrate for solution for infusion"
    }]
  },
  "unitOfPresentation" : {
    "coding" : [{
      "system" : "https://spor.ema.europa.eu/rmswi",
      "code" : "200000002158",
      "display" : "Vial"
    }]
  },
  "producedFrom" : [{
    "reference" : "ManufacturedItemDefinition/mid-e3e5e78d4e002ed9e15b925cd546e20b"
  }],
  "routeOfAdministration" : [{
    "code" : {
      "coding" : [{
        "system" : "https://spor.ema.europa.eu/rmswi",
        "code" : "100000073611",
        "display" : "Intravenous use"
      }]
    },
    "targetSpecies" : [{
      "code" : {
        "coding" : [{
          "system" : "https://spor.ema.europa.eu/rmswi",
          "code" : "100000109093",
          "display" : "Human"
        }]
      }
    }]
  }]
}