{
  "resourceType" : "CodeSystem",
  "id" : "epicategory-cs",
  "text" : {
    "status" : "generated",
    "div" : "<div xmlns=\"http://www.w3.org/1999/xhtml\"><p>This case-sensitive code system <code>http://hl7.eu/fhir/ig/gravitate-health/CodeSystem/epicategory-cs</code> defines the following codes:</p><table class=\"codes\"><tr><td style=\"white-space:nowrap\"><b>Code</b></td><td><b>Display</b></td><td><b>Definition</b></td></tr><tr><td style=\"white-space:nowrap\">R<a name=\"epicategory-cs-R\"> </a></td><td>Raw</td><td>Raw</td></tr><tr><td style=\"white-space:nowrap\">F<a name=\"epicategory-cs-F\"> </a></td><td>Focused</td><td>Focused</td></tr><tr><td style=\"white-space:nowrap\">P<a name=\"epicategory-cs-P\"> </a></td><td>Processed</td><td>Processed</td></tr></table></div>"
  },
  "url" : "http://hl7.eu/fhir/ig/gravitate-health/CodeSystem/epicategory-cs",
  "version" : "0.1.0",
  "name" : "EpicategoryCS",
  "title" : "Category of EPI",
  "status" : "active",
  "experimental" : true,
  "date" : "2024-03-14T09:41:47+00:00",
  "publisher" : "Gravitate Health Project",
  "contact" : [{
    "name" : "Gravitate Health Project",
    "telecom" : [{
      "system" : "url",
      "value" : "https://www.gravitatehealth.eu/"
    }]
  },
  {
    "name" : "Gravitate Health Project",
    "telecom" : [{
      "system" : "url",
      "value" : "https://www.gravitatehealth.eu/"
    }]
  }],
  "description" : "Category of EPI",
  "caseSensitive" : true,
  "content" : "complete",
  "count" : 3,
  "concept" : [{
    "code" : "R",
    "display" : "Raw",
    "definition" : "Raw"
  },
  {
    "code" : "F",
    "display" : "Focused",
    "definition" : "Focused"
  },
  {
    "code" : "P",
    "display" : "Processed",
    "definition" : "Processed"
  }]
}