{
  "resourceType" : "Composition",
  "id" : "composition-en-245a2b4a9e3ee4304e5e6cf2b1a252b4",
  "meta" : {
    "profile" : ["http://hl7.org/fhir/uv/emedicinal-product-info/StructureDefinition/Composition-uv-epi"]
  },
  "language" : "en",
  "text" : {
    "status" : "generated",
    "div" : "<div xmlns=\"http://www.w3.org/1999/xhtml\" xml:lang=\"en\" lang=\"en\"><p><b>Generated Narrative: Composition</b><a name=\"composition-en-245a2b4a9e3ee4304e5e6cf2b1a252b4\"> </a><a name=\"hccomposition-en-245a2b4a9e3ee4304e5e6cf2b1a252b4\"> </a></p><div style=\"display: inline-block; background-color: #d9e0e7; padding: 6px; margin: 4px; border: 1px solid #8da1b4; border-radius: 5px; line-height: 60%\"><p style=\"margin-bottom: 0px\">Resource Composition &quot;composition-en-245a2b4a9e3ee4304e5e6cf2b1a252b4&quot;  (Language &quot;en&quot;) </p><p style=\"margin-bottom: 0px\">Profile: <a href=\"https://build.fhir.org/ig/HL7/emedicinal-product-info//StructureDefinition-Composition-uv-epi.html\">Composition (ePI)</a></p></div><p><b>identifier</b>: <code>https://spor.ema.europa.eu/rmswi/</code>/33baa39274e4f9e04535de6e365fb5af</p><p><b>status</b>: final</p><p><b>type</b>: Package Leaflet <span style=\"background: LightGoldenRodYellow; margin: 4px; border: 1px solid khaki\"> (#100000155538)</span></p><p><b>category</b>: Raw <span style=\"background: LightGoldenRodYellow; margin: 4px; border: 1px solid khaki\"> (<a href=\"CodeSystem-epicategory-cs.html\">Category of EPI</a>#R)</span></p><p><b>date</b>: 2022-02-16 13:28:17+0000</p><p><b>author</b>: <a href=\"Organization-mah-1f2bde1de64d7b561417b3a3d4313827.html\">Organization/mah-1f2bde1de64d7b561417b3a3d4313827</a> &quot;Sandoz A/S&quot;</p><p><b>title</b>: TEST PURPOSES ONLY - Lipcut Simvastatin 5 mg Tablet</p><h3>Attesters</h3><table class=\"grid\"><tr><td style=\"display: none\">-</td><td><b>Mode</b></td><td><b>Time</b></td></tr><tr><td style=\"display: none\">*</td><td>Official <span style=\"background: LightGoldenRodYellow; margin: 4px; border: 1px solid khaki\"> (<a href=\"http://hl7.org/fhir/R5/codesystem-composition-attestation-mode.html\">Composition Attestation Mode</a>#official)</span></td><td>2022-02-16 13:28:17+0000</td></tr></table></div>"
  },
  "identifier" : [{
    "system" : "https://spor.ema.europa.eu/rmswi/",
    "value" : "33baa39274e4f9e04535de6e365fb5af"
  }],
  "status" : "final",
  "type" : {
    "coding" : [{
      "system" : "https://spor.ema.europa.eu/rmswi/",
      "code" : "100000155538"
    }],
    "text" : "Package Leaflet"
  },
  "category" : [{
    "coding" : [{
      "system" : "http://hl7.eu/fhir/ig/gravitate-health/CodeSystem/epicategory-cs",
      "code" : "R",
      "display" : "Raw"
    }]
  }],
  "subject" : [{
    "reference" : "MedicinalProductDefinition/mp245a2b4a9e3ee4304e5e6cf2b1a252b4"
  }],
  "date" : "2022-02-16T13:28:17Z",
  "author" : [{
    "reference" : "Organization/mah-1f2bde1de64d7b561417b3a3d4313827"
  }],
  "title" : "TEST PURPOSES ONLY - Lipcut Simvastatin 5 mg Tablet",
  "attester" : [{
    "mode" : {
      "coding" : [{
        "system" : "http://hl7.org/fhir/composition-attestation-mode",
        "code" : "official"
      }]
    },
    "time" : "2022-02-16T13:28:17Z"
  }],
  "section" : [{
    "title" : "B. Package Leaflet",
    "code" : {
      "coding" : [{
        "system" : "https://spor.ema.europa.eu/rmswi/",
        "code" : "100000155538"
      }],
      "text" : "B. PACKAGE LEAFLET"
    },
    "text" : {
      "status" : "additional",
      "div" : "<div xmlns=\"http://www.w3.org/1999/xhtml\">unavailable</div>"
    },
    "emptyReason" : {
      "coding" : [{
        "system" : "http://terminology.hl7.org/CodeSystem/list-empty-reason",
        "code" : "unavailable"
      }]
    },
    "section" : [{
      "title" : "Package leaflet: Information for the user",
      "code" : {
        "coding" : [{
          "system" : "https://spor.ema.europa.eu/rmswi/",
          "code" : "100000155538"
        }],
        "text" : "Package leaflet: Information for the user"
      },
      "text" : {
        "status" : "additional",
        "div" : "<div xmlns=\"http://www.w3.org/1999/xhtml\">unavailable</div>"
      },
      "emptyReason" : {
        "coding" : [{
          "system" : "http://terminology.hl7.org/CodeSystem/list-empty-reason",
          "code" : "unavailable"
        }]
      }
    },
    {
      "title" : "What is in this leaflet",
      "code" : {
        "coding" : [{
          "system" : "https://spor.ema.europa.eu/rmswi/",
          "code" : "100000155538"
        }],
        "text" : "What is in this leaflet"
      },
      "text" : {
        "status" : "additional",
        "div" : "<div xmlns=\"http://www.w3.org/1999/xhtml\">unavailable</div>"
      },
      "emptyReason" : {
        "coding" : [{
          "system" : "http://terminology.hl7.org/CodeSystem/list-empty-reason",
          "code" : "unavailable"
        }]
      }
    },
    {
      "title" : "1. What Lipcut Simvastatin 5 mg Tablet is and what it is used for",
      "code" : {
        "coding" : [{
          "system" : "https://spor.ema.europa.eu/rmswi/",
          "code" : "100000155538"
        }],
        "text" : "1. What Lipcut Simvastatin 5 mg Tablet is and what it is used for"
      },
      "text" : {
        "status" : "additional",
        "div" : "<div xmlns=\"http://www.w3.org/1999/xhtml\">unavailable</div>"
      },
      "emptyReason" : {
        "coding" : [{
          "system" : "http://terminology.hl7.org/CodeSystem/list-empty-reason",
          "code" : "unavailable"
        }]
      }
    },
    {
      "title" : "2. What you need to know before you take Lipcut Simvastatin 5 mg Tablet",
      "code" : {
        "coding" : [{
          "system" : "https://spor.ema.europa.eu/rmswi/",
          "code" : "100000155538"
        }],
        "text" : "2. What you need to know before you take Lipcut Simvastatin 5 mg Tablet"
      },
      "text" : {
        "status" : "additional",
        "div" : "<div xmlns=\"http://www.w3.org/1999/xhtml\">unavailable</div>"
      },
      "emptyReason" : {
        "coding" : [{
          "system" : "http://terminology.hl7.org/CodeSystem/list-empty-reason",
          "code" : "unavailable"
        }]
      }
    },
    {
      "title" : "3. How to take Lipcut Simvastatin 5 mg Tablet",
      "code" : {
        "coding" : [{
          "system" : "https://spor.ema.europa.eu/rmswi/",
          "code" : "100000155538"
        }],
        "text" : "3. How to take Lipcut Simvastatin 5 mg Tablet"
      },
      "text" : {
        "status" : "additional",
        "div" : "<div xmlns=\"http://www.w3.org/1999/xhtml\">unavailable</div>"
      },
      "emptyReason" : {
        "coding" : [{
          "system" : "http://terminology.hl7.org/CodeSystem/list-empty-reason",
          "code" : "unavailable"
        }]
      }
    },
    {
      "title" : "4. Possible side effects",
      "code" : {
        "coding" : [{
          "system" : "https://spor.ema.europa.eu/rmswi/",
          "code" : "100000155538"
        }],
        "text" : "4. Possible side effects"
      },
      "text" : {
        "status" : "additional",
        "div" : "<div xmlns=\"http://www.w3.org/1999/xhtml\">unavailable</div>"
      },
      "emptyReason" : {
        "coding" : [{
          "system" : "http://terminology.hl7.org/CodeSystem/list-empty-reason",
          "code" : "unavailable"
        }]
      }
    },
    {
      "title" : "5. How to store Lipcut Simvastatin 5 mg Tablet",
      "code" : {
        "coding" : [{
          "system" : "https://spor.ema.europa.eu/rmswi/",
          "code" : "100000155538"
        }],
        "text" : "5. How to store Lipcut Simvastatin 5 mg Tablet"
      },
      "text" : {
        "status" : "additional",
        "div" : "<div xmlns=\"http://www.w3.org/1999/xhtml\">unavailable</div>"
      },
      "emptyReason" : {
        "coding" : [{
          "system" : "http://terminology.hl7.org/CodeSystem/list-empty-reason",
          "code" : "unavailable"
        }]
      }
    },
    {
      "title" : "6. Contents of the pack and other information",
      "code" : {
        "coding" : [{
          "system" : "https://spor.ema.europa.eu/rmswi/",
          "code" : "100000155538"
        }],
        "text" : "6. Contents of the pack and other information"
      },
      "text" : {
        "status" : "additional",
        "div" : "<div xmlns=\"http://www.w3.org/1999/xhtml\">unavailable</div>"
      },
      "emptyReason" : {
        "coding" : [{
          "system" : "http://terminology.hl7.org/CodeSystem/list-empty-reason",
          "code" : "unavailable"
        }]
      }
    }]
  }]
}