{
  "resourceType" : "Organization",
  "id" : "mapi-6f4987de7be1bbfa4ee92c07de7e94d4",
  "meta" : {
    "profile" : ["http://hl7.org/fhir/uv/emedicinal-product-info/StructureDefinition/Organization-uv-epi"]
  },
  "text" : {
    "status" : "generated",
    "div" : "<div xmlns=\"http://www.w3.org/1999/xhtml\"><p><b>Generated Narrative: Organization</b><a name=\"mapi-6f4987de7be1bbfa4ee92c07de7e94d4\"> </a><a name=\"hcmapi-6f4987de7be1bbfa4ee92c07de7e94d4\"> </a></p><div style=\"display: inline-block; background-color: #d9e0e7; padding: 6px; margin: 4px; border: 1px solid #8da1b4; border-radius: 5px; line-height: 60%\"><p style=\"margin-bottom: 0px\">Resource Organization &quot;mapi-6f4987de7be1bbfa4ee92c07de7e94d4&quot; </p><p style=\"margin-bottom: 0px\">Profile: <a href=\"https://build.fhir.org/ig/HL7/emedicinal-product-info//StructureDefinition-Organization-uv-epi.html\">Organization (ePI)</a></p></div><p><b>identifier</b>: <code>https://spor.ema.europa.eu/omswi</code>/ORG-100000156\u00a0(use:\u00a0OFFICIAL)</p><p><b>active</b>: true</p><p><b>type</b>: Manufacturer <span style=\"background: LightGoldenRodYellow; margin: 4px; border: 1px solid khaki\"> (rmswi#220000000033)</span></p><p><b>name</b>: Eli Lilly and Company</p><h3>Contacts</h3><table class=\"grid\"><tr><td style=\"display: none\">-</td><td><b>Address</b></td></tr><tr><td style=\"display: none\">*</td><td>Lilly Technology Center Building 333 and 324, Indianapolis, Indiana, USA Indianapolis US(WORK)</td></tr></table></div>"
  },
  "identifier" : [{
    "use" : "official",
    "system" : "https://spor.ema.europa.eu/omswi",
    "value" : "ORG-100000156"
  }],
  "active" : true,
  "type" : [{
    "coding" : [{
      "system" : "https://spor.ema.europa.eu/rmswi",
      "code" : "220000000033",
      "display" : "Manufacturer"
    }]
  }],
  "name" : "Eli Lilly and Company",
  "contact" : [{
    "address" : {
      "use" : "work",
      "type" : "physical",
      "text" : "Lilly Technology Center Building 333 and 324, Indianapolis, Indiana, USA Indianapolis US",
      "line" : ["Lilly Technology Center Building 333 and 324, Indianapolis, Indiana, USA"],
      "city" : "Indianapolis",
      "country" : "US"
    }
  }]
}