{
  "resourceType" : "Organization",
  "id" : "mah-511671db37e83e520b00f8a0d817dc96",
  "meta" : {
    "profile" : ["http://hl7.org/fhir/uv/emedicinal-product-info/StructureDefinition/Organization-uv-epi"]
  },
  "text" : {
    "status" : "generated",
    "div" : "<div xmlns=\"http://www.w3.org/1999/xhtml\"><p><b>Generated Narrative: Organization</b><a name=\"mah-511671db37e83e520b00f8a0d817dc96\"> </a><a name=\"hcmah-511671db37e83e520b00f8a0d817dc96\"> </a></p><div style=\"display: inline-block; background-color: #d9e0e7; padding: 6px; margin: 4px; border: 1px solid #8da1b4; border-radius: 5px; line-height: 60%\"><p style=\"margin-bottom: 0px\">Resource Organization &quot;mah-511671db37e83e520b00f8a0d817dc96&quot; </p><p style=\"margin-bottom: 0px\">Profile: <a href=\"https://build.fhir.org/ig/HL7/emedicinal-product-info//StructureDefinition-Organization-uv-epi.html\">Organization (ePI)</a></p></div><p><b>identifier</b>: <code>https://spor.ema.europa.eu/omswi</code>/ORG-100011564\u00a0(use:\u00a0OFFICIAL)</p><p><b>active</b>: true</p><p><b>type</b>: Marketing authorisation holder <span style=\"background: LightGoldenRodYellow; margin: 4px; border: 1px solid khaki\"> (rmswi#220000000034)</span></p><p><b>name</b>: Sanofi Winthrop Industrie\t</p><h3>Contacts</h3><table class=\"grid\"><tr><td style=\"display: none\">-</td><td><b>Address</b></td></tr><tr><td style=\"display: none\">*</td><td>82 avenue Raspail Gentilly FR(WORK)</td></tr></table></div>"
  },
  "identifier" : [{
    "use" : "official",
    "system" : "https://spor.ema.europa.eu/omswi",
    "value" : "ORG-100011564"
  }],
  "active" : true,
  "type" : [{
    "coding" : [{
      "system" : "https://spor.ema.europa.eu/rmswi",
      "code" : "220000000034",
      "display" : "Marketing authorisation holder"
    }]
  }],
  "name" : "Sanofi Winthrop Industrie\t",
  "contact" : [{
    "address" : {
      "use" : "work",
      "type" : "physical",
      "text" : "82 avenue Raspail Gentilly FR",
      "line" : ["82 avenue Raspail"],
      "city" : "Gentilly",
      "postalCode" : "94250",
      "country" : "FR"
    }
  }]
}