{
  "resourceType" : "Organization",
  "id" : "mah-94f8082c22713e050c3f2b55ea9d53ff",
  "meta" : {
    "profile" : ["http://hl7.org/fhir/uv/emedicinal-product-info/StructureDefinition/Organization-uv-epi"]
  },
  "text" : {
    "status" : "generated",
    "div" : "<div xmlns=\"http://www.w3.org/1999/xhtml\"><p><b>Generated Narrative: Organization</b><a name=\"mah-94f8082c22713e050c3f2b55ea9d53ff\"> </a><a name=\"hcmah-94f8082c22713e050c3f2b55ea9d53ff\"> </a></p><div style=\"display: inline-block; background-color: #d9e0e7; padding: 6px; margin: 4px; border: 1px solid #8da1b4; border-radius: 5px; line-height: 60%\"><p style=\"margin-bottom: 0px\">Resource Organization &quot;mah-94f8082c22713e050c3f2b55ea9d53ff&quot; </p><p style=\"margin-bottom: 0px\">Profile: <a href=\"https://build.fhir.org/ig/HL7/emedicinal-product-info//StructureDefinition-Organization-uv-epi.html\">Organization (ePI)</a></p></div><p><b>identifier</b>: <code>https://spor.ema.europa.eu/omswi</code>/ORG-100000789\u00a0(use:\u00a0OFFICIAL)</p><p><b>active</b>: true</p><p><b>type</b>: Marketing authorisation holder <span style=\"background: LightGoldenRodYellow; margin: 4px; border: 1px solid khaki\"> (rmswi#220000000034)</span></p><p><b>name</b>: Lacer, S.A. - Boters, 5</p><h3>Contacts</h3><table class=\"grid\"><tr><td style=\"display: none\">-</td><td><b>Address</b></td></tr><tr><td style=\"display: none\">*</td><td>Cerdanyola del Vallès Barcelona ES(WORK)</td></tr></table></div>"
  },
  "identifier" : [{
    "use" : "official",
    "system" : "https://spor.ema.europa.eu/omswi",
    "value" : "ORG-100000789"
  }],
  "active" : true,
  "type" : [{
    "coding" : [{
      "system" : "https://spor.ema.europa.eu/rmswi",
      "code" : "220000000034",
      "display" : "Marketing authorisation holder"
    }]
  }],
  "name" : "Lacer, S.A. - Boters, 5",
  "contact" : [{
    "address" : {
      "use" : "work",
      "type" : "physical",
      "text" : "Cerdanyola del Vallès Barcelona ES",
      "line" : ["Cerdanyola del Vallès"],
      "city" : "Barcelona",
      "postalCode" : "8290",
      "country" : "ES"
    }
  }]
}