{
  "resourceType" : "RegulatedAuthorization",
  "id" : "authorization5af3df1132d20d744a88dab06e924e5e0",
  "meta" : {
    "profile" : ["http://hl7.org/fhir/uv/emedicinal-product-info/StructureDefinition/RegulatedAuthorization-uv-epi"]
  },
  "text" : {
    "status" : "generated",
    "div" : "<div xmlns=\"http://www.w3.org/1999/xhtml\"><p><b>Generated Narrative: RegulatedAuthorization</b><a name=\"authorization5af3df1132d20d744a88dab06e924e5e0\"> </a><a name=\"hcauthorization5af3df1132d20d744a88dab06e924e5e0\"> </a></p><div style=\"display: inline-block; background-color: #d9e0e7; padding: 6px; margin: 4px; border: 1px solid #8da1b4; border-radius: 5px; line-height: 60%\"><p style=\"margin-bottom: 0px\">Resource RegulatedAuthorization &quot;authorization5af3df1132d20d744a88dab06e924e5e0&quot; </p><p style=\"margin-bottom: 0px\">Profile: <a href=\"https://build.fhir.org/ig/HL7/emedicinal-product-info//StructureDefinition-RegulatedAuthorization-uv-epi.html\">RegulatedAuthorization (ePI)</a></p></div><p><b>identifier</b>: <code>https://spor.ema.europa.eu/pmswi</code>/EU/1/18/1341/001\u00a0(use:\u00a0OFFICIAL)</p><p><b>subject</b>: <a href=\"MedicinalProductDefinition-mpaae8d931abe2f2d9085b87555b9bb088.html\">MedicinalProductDefinition/mpaae8d931abe2f2d9085b87555b9bb088</a></p><p><b>type</b>: Marketing Authorisation <span style=\"background: LightGoldenRodYellow; margin: 4px; border: 1px solid khaki\"> (rmswi#220000000061)</span></p><p><b>status</b>: Active <span style=\"background: LightGoldenRodYellow; margin: 4px; border: 1px solid khaki\"> (<a href=\"http://hl7.org/fhir/R5/codesystem-publication-status.html\">PublicationStatus</a>#active)</span></p><p><b>statusDate</b>: 2018-12-12 00:00:00+0000</p><p><b>holder</b>: <a href=\"Organization-mah-5192019d531d0f82a0e8d8ffcb39b68a.html\">Organization/mah-5192019d531d0f82a0e8d8ffcb39b68a</a> &quot;Viatris Limited&quot;</p></div>"
  },
  "identifier" : [{
    "use" : "official",
    "system" : "https://spor.ema.europa.eu/pmswi",
    "value" : "EU/1/18/1341/001"
  }],
  "subject" : [{
    "reference" : "MedicinalProductDefinition/mpaae8d931abe2f2d9085b87555b9bb088"
  }],
  "type" : {
    "coding" : [{
      "system" : "https://spor.ema.europa.eu/rmswi",
      "code" : "220000000061",
      "display" : "Marketing Authorisation"
    }]
  },
  "status" : {
    "coding" : [{
      "system" : "http://hl7.org/fhir/publication-status",
      "code" : "active",
      "display" : "Active"
    }]
  },
  "statusDate" : "2018-12-12T00:00:00Z",
  "holder" : {
    "reference" : "Organization/mah-5192019d531d0f82a0e8d8ffcb39b68a"
  }
}