{
  "resourceType" : "RegulatedAuthorization",
  "id" : "authorizationdcaa4d32aa6658a8df831551503e52ee3",
  "meta" : {
    "profile" : ["http://hl7.org/fhir/uv/emedicinal-product-info/StructureDefinition/RegulatedAuthorization-uv-epi"]
  },
  "text" : {
    "status" : "generated",
    "div" : "<div xmlns=\"http://www.w3.org/1999/xhtml\"><p><b>Generated Narrative: RegulatedAuthorization</b><a name=\"authorizationdcaa4d32aa6658a8df831551503e52ee3\"> </a><a name=\"hcauthorizationdcaa4d32aa6658a8df831551503e52ee3\"> </a></p><div style=\"display: inline-block; background-color: #d9e0e7; padding: 6px; margin: 4px; border: 1px solid #8da1b4; border-radius: 5px; line-height: 60%\"><p style=\"margin-bottom: 0px\">Resource RegulatedAuthorization &quot;authorizationdcaa4d32aa6658a8df831551503e52ee3&quot; </p><p style=\"margin-bottom: 0px\">Profile: <a href=\"https://build.fhir.org/ig/HL7/emedicinal-product-info//StructureDefinition-RegulatedAuthorization-uv-epi.html\">RegulatedAuthorization (ePI)</a></p></div><p><b>identifier</b>: <code>https://spor.ema.europa.eu/pmswi</code>/EU/1/97/049/003\u00a0(use:\u00a0OFFICIAL)</p><p><b>subject</b>: <a href=\"PackagedProductDefinition-ppd-9b1d5d261d22694685deb35714ec08ea.html\">PackagedProductDefinition/ppd-9b1d5d261d22694685deb35714ec08ea</a> &quot;Karvea 75 mg tablet 98&quot;</p><p><b>type</b>: Marketing Authorisation <span style=\"background: LightGoldenRodYellow; margin: 4px; border: 1px solid khaki\"> (rmswi#220000000061)</span></p><p><b>status</b>: Active <span style=\"background: LightGoldenRodYellow; margin: 4px; border: 1px solid khaki\"> (<a href=\"http://hl7.org/fhir/R5/codesystem-publication-status.html\">PublicationStatus</a>#active)</span></p><p><b>statusDate</b>: 2015-02-07 13:28:17+0000</p><p><b>holder</b>: <a href=\"Organization-mah-511671db37e83e520b00f8a0d817dc96.html\">Organization/mah-511671db37e83e520b00f8a0d817dc96</a> &quot;Sanofi Winthrop Industrie\t&quot;</p></div>"
  },
  "identifier" : [{
    "use" : "official",
    "system" : "https://spor.ema.europa.eu/pmswi",
    "value" : "EU/1/97/049/003"
  }],
  "subject" : [{
    "reference" : "PackagedProductDefinition/ppd-9b1d5d261d22694685deb35714ec08ea"
  }],
  "type" : {
    "coding" : [{
      "system" : "https://spor.ema.europa.eu/rmswi",
      "code" : "220000000061",
      "display" : "Marketing Authorisation"
    }]
  },
  "status" : {
    "coding" : [{
      "system" : "http://hl7.org/fhir/publication-status",
      "code" : "active",
      "display" : "Active"
    }]
  },
  "statusDate" : "2015-02-07T13:28:17Z",
  "holder" : {
    "reference" : "Organization/mah-511671db37e83e520b00f8a0d817dc96"
  }
}