{
  "resourceType" : "RegulatedAuthorization",
  "id" : "authorization04c9bd6fb89d38b2d83eced2460c4dc10",
  "meta" : {
    "profile" : ["http://hl7.org/fhir/uv/emedicinal-product-info/StructureDefinition/RegulatedAuthorization-uv-epi"]
  },
  "text" : {
    "status" : "generated",
    "div" : "<div xmlns=\"http://www.w3.org/1999/xhtml\"><p><b>Generated Narrative: RegulatedAuthorization</b><a name=\"authorization04c9bd6fb89d38b2d83eced2460c4dc10\"> </a><a name=\"hcauthorization04c9bd6fb89d38b2d83eced2460c4dc10\"> </a></p><div style=\"display: inline-block; background-color: #d9e0e7; padding: 6px; margin: 4px; border: 1px solid #8da1b4; border-radius: 5px; line-height: 60%\"><p style=\"margin-bottom: 0px\">Resource RegulatedAuthorization &quot;authorization04c9bd6fb89d38b2d83eced2460c4dc10&quot; </p><p style=\"margin-bottom: 0px\">Profile: <a href=\"https://build.fhir.org/ig/HL7/emedicinal-product-info//StructureDefinition-RegulatedAuthorization-uv-epi.html\">RegulatedAuthorization (ePI)</a></p></div><p><b>identifier</b>: <code>https://spor.ema.europa.eu/pmswi</code>/EU/1/18/1326/001\u00a0(use:\u00a0OFFICIAL)</p><p><b>subject</b>: <a href=\"MedicinalProductDefinition-mpb6ced64d25ea2c8da6c6099386f14db1.html\">MedicinalProductDefinition/mpb6ced64d25ea2c8da6c6099386f14db1</a></p><p><b>type</b>: Marketing Authorisation <span style=\"background: LightGoldenRodYellow; margin: 4px; border: 1px solid khaki\"> (rmswi#100000072062)</span></p><p><b>status</b>: Active <span style=\"background: LightGoldenRodYellow; margin: 4px; border: 1px solid khaki\"> (<a href=\"http://hl7.org/fhir/R5/codesystem-publication-status.html\">PublicationStatus</a>#active)</span></p><p><b>statusDate</b>: 2019-01-01</p><p><b>holder</b>: <a href=\"Organization-mah-45fe50eae508b5755dd140ab2093eb5e.html\">Organization/mah-45fe50eae508b5755dd140ab2093eb5e</a> &quot;Seqirus Netherlands B.V.&quot;</p></div>"
  },
  "identifier" : [{
    "use" : "official",
    "system" : "https://spor.ema.europa.eu/pmswi",
    "value" : "EU/1/18/1326/001"
  }],
  "subject" : [{
    "reference" : "MedicinalProductDefinition/mpb6ced64d25ea2c8da6c6099386f14db1"
  }],
  "type" : {
    "coding" : [{
      "system" : "https://spor.ema.europa.eu/rmswi",
      "code" : "100000072062",
      "display" : "Marketing Authorisation"
    }]
  },
  "status" : {
    "coding" : [{
      "system" : "http://hl7.org/fhir/publication-status",
      "code" : "active",
      "display" : "Active"
    }]
  },
  "statusDate" : "2019-01-01",
  "holder" : {
    "reference" : "Organization/mah-45fe50eae508b5755dd140ab2093eb5e"
  }
}