{
  "resourceType" : "RegulatedAuthorization",
  "id" : "authorizatione762a2f54b0b24fca4744b1bb7524a5b0",
  "meta" : {
    "profile" : ["http://hl7.org/fhir/uv/emedicinal-product-info/StructureDefinition/RegulatedAuthorization-uv-epi"]
  },
  "text" : {
    "status" : "generated",
    "div" : "<div xmlns=\"http://www.w3.org/1999/xhtml\"><p><b>Generated Narrative: RegulatedAuthorization</b><a name=\"authorizatione762a2f54b0b24fca4744b1bb7524a5b0\"> </a><a name=\"hcauthorizatione762a2f54b0b24fca4744b1bb7524a5b0\"> </a></p><div style=\"display: inline-block; background-color: #d9e0e7; padding: 6px; margin: 4px; border: 1px solid #8da1b4; border-radius: 5px; line-height: 60%\"><p style=\"margin-bottom: 0px\">Resource RegulatedAuthorization &quot;authorizatione762a2f54b0b24fca4744b1bb7524a5b0&quot; </p><p style=\"margin-bottom: 0px\">Profile: <a href=\"https://build.fhir.org/ig/HL7/emedicinal-product-info//StructureDefinition-RegulatedAuthorization-uv-epi.html\">RegulatedAuthorization (ePI)</a></p></div><p><b>identifier</b>: <code>https://spor.ema.europa.eu/pmswi</code>/67.068\u00a0(use:\u00a0OFFICIAL)</p><p><b>subject</b>: <a href=\"MedicinalProductDefinition-mp7a7ff0f4e1993c2fdabba6c8d9931a52.html\">MedicinalProductDefinition/mp7a7ff0f4e1993c2fdabba6c8d9931a52</a></p><p><b>type</b>: Marketing Authorisation <span style=\"background: LightGoldenRodYellow; margin: 4px; border: 1px solid khaki\"> (rmswi#100000072062)</span></p><p><b>status</b>: Active <span style=\"background: LightGoldenRodYellow; margin: 4px; border: 1px solid khaki\"> (<a href=\"http://hl7.org/fhir/R5/codesystem-publication-status.html\">PublicationStatus</a>#active)</span></p><p><b>statusDate</b>: 2021-01-01</p><p><b>holder</b>: <a href=\"Organization-mah-dbf32c7ed470ffbeb6060201f32edb29.html\">Organization/mah-dbf32c7ed470ffbeb6060201f32edb29</a> &quot;LABORATORIOS CINFA, S.A.&quot;</p></div>"
  },
  "identifier" : [{
    "use" : "official",
    "system" : "https://spor.ema.europa.eu/pmswi",
    "value" : "67.068"
  }],
  "subject" : [{
    "reference" : "MedicinalProductDefinition/mp7a7ff0f4e1993c2fdabba6c8d9931a52"
  }],
  "type" : {
    "coding" : [{
      "system" : "https://spor.ema.europa.eu/rmswi",
      "code" : "100000072062",
      "display" : "Marketing Authorisation"
    }]
  },
  "status" : {
    "coding" : [{
      "system" : "http://hl7.org/fhir/publication-status",
      "code" : "active",
      "display" : "Active"
    }]
  },
  "statusDate" : "2021-01-01",
  "holder" : {
    "reference" : "Organization/mah-dbf32c7ed470ffbeb6060201f32edb29"
  }
}