{
  "resourceType" : "RegulatedAuthorization",
  "id" : "authorizationb5a6ac2496348cb06663deb81c55cb370",
  "meta" : {
    "profile" : ["http://hl7.org/fhir/uv/emedicinal-product-info/StructureDefinition/RegulatedAuthorization-uv-epi"]
  },
  "text" : {
    "status" : "generated",
    "div" : "<div xmlns=\"http://www.w3.org/1999/xhtml\"><p><b>Generated Narrative: RegulatedAuthorization</b><a name=\"authorizationb5a6ac2496348cb06663deb81c55cb370\"> </a><a name=\"hcauthorizationb5a6ac2496348cb06663deb81c55cb370\"> </a></p><div style=\"display: inline-block; background-color: #d9e0e7; padding: 6px; margin: 4px; border: 1px solid #8da1b4; border-radius: 5px; line-height: 60%\"><p style=\"margin-bottom: 0px\">Resource RegulatedAuthorization &quot;authorizationb5a6ac2496348cb06663deb81c55cb370&quot; </p><p style=\"margin-bottom: 0px\">Profile: <a href=\"https://build.fhir.org/ig/HL7/emedicinal-product-info//StructureDefinition-RegulatedAuthorization-uv-epi.html\">RegulatedAuthorization (ePI)</a></p></div><p><b>identifier</b>: <code>https://spor.ema.europa.eu/pmswi</code>/naturesplus-1\u00a0(use:\u00a0OFFICIAL)</p><p><b>subject</b>: <a href=\"MedicinalProductDefinition-mp96d7b1b575aa8164c8c2b4cbe70f252a.html\">MedicinalProductDefinition/mp96d7b1b575aa8164c8c2b4cbe70f252a</a></p><p><b>type</b>: Marketing Authorisation <span style=\"background: LightGoldenRodYellow; margin: 4px; border: 1px solid khaki\"> (rmswi#220000000061)</span></p><p><b>status</b>: Active <span style=\"background: LightGoldenRodYellow; margin: 4px; border: 1px solid khaki\"> (<a href=\"http://hl7.org/fhir/R5/codesystem-publication-status.html\">PublicationStatus</a>#active)</span></p><p><b>statusDate</b>: 2015-02-07 13:28:17+0000</p><p><b>holder</b>: <a href=\"Organization-mah-0932dbba1d0482c4518be4a7c874cb91.html\">Organization/mah-0932dbba1d0482c4518be4a7c874cb91</a> &quot;ACME industry&quot;</p></div>"
  },
  "identifier" : [{
    "use" : "official",
    "system" : "https://spor.ema.europa.eu/pmswi",
    "value" : "naturesplus-1"
  }],
  "subject" : [{
    "reference" : "MedicinalProductDefinition/mp96d7b1b575aa8164c8c2b4cbe70f252a"
  }],
  "type" : {
    "coding" : [{
      "system" : "https://spor.ema.europa.eu/rmswi",
      "code" : "220000000061",
      "display" : "Marketing Authorisation"
    }]
  },
  "status" : {
    "coding" : [{
      "system" : "http://hl7.org/fhir/publication-status",
      "code" : "active",
      "display" : "Active"
    }]
  },
  "statusDate" : "2015-02-07T13:28:17Z",
  "holder" : {
    "reference" : "Organization/mah-0932dbba1d0482c4518be4a7c874cb91"
  }
}