{
  "resourceType" : "RegulatedAuthorization",
  "id" : "authorization29436a85dac3ea374adb3fa64cfd25780",
  "meta" : {
    "profile" : ["http://hl7.org/fhir/uv/emedicinal-product-info/StructureDefinition/RegulatedAuthorization-uv-epi"]
  },
  "text" : {
    "status" : "generated",
    "div" : "<div xmlns=\"http://www.w3.org/1999/xhtml\"><p><b>Generated Narrative: RegulatedAuthorization</b><a name=\"authorization29436a85dac3ea374adb3fa64cfd25780\"> </a><a name=\"hcauthorization29436a85dac3ea374adb3fa64cfd25780\"> </a></p><div style=\"display: inline-block; background-color: #d9e0e7; padding: 6px; margin: 4px; border: 1px solid #8da1b4; border-radius: 5px; line-height: 60%\"><p style=\"margin-bottom: 0px\">Resource RegulatedAuthorization &quot;authorization29436a85dac3ea374adb3fa64cfd25780&quot; </p><p style=\"margin-bottom: 0px\">Profile: <a href=\"https://build.fhir.org/ig/HL7/emedicinal-product-info//StructureDefinition-RegulatedAuthorization-uv-epi.html\">RegulatedAuthorization (ePI)</a></p></div><p><b>identifier</b>: <code>https://spor.ema.europa.eu/pmswi</code>/79963\u00a0(use:\u00a0OFFICIAL)</p><p><b>subject</b>: <a href=\"MedicinalProductDefinition-mpaf8d2f6e4772c29a8ef9fbb165e80d28.html\">MedicinalProductDefinition/mpaf8d2f6e4772c29a8ef9fbb165e80d28</a></p><p><b>type</b>: Marketing Authorisation <span style=\"background: LightGoldenRodYellow; margin: 4px; border: 1px solid khaki\"> (rmswi#100000072062)</span></p><p><b>status</b>: Active <span style=\"background: LightGoldenRodYellow; margin: 4px; border: 1px solid khaki\"> (<a href=\"http://hl7.org/fhir/R5/codesystem-publication-status.html\">PublicationStatus</a>#active)</span></p><p><b>statusDate</b>: 2015-01-01</p><p><b>holder</b>: <a href=\"Organization-mah-c2a5378488511eaedce26dde272c2290.html\">Organization/mah-c2a5378488511eaedce26dde272c2290</a> &quot;Arkopharma LABORATORIOS, S.A.U,&quot;</p></div>"
  },
  "identifier" : [{
    "use" : "official",
    "system" : "https://spor.ema.europa.eu/pmswi",
    "value" : "79963"
  }],
  "subject" : [{
    "reference" : "MedicinalProductDefinition/mpaf8d2f6e4772c29a8ef9fbb165e80d28"
  }],
  "type" : {
    "coding" : [{
      "system" : "https://spor.ema.europa.eu/rmswi",
      "code" : "100000072062",
      "display" : "Marketing Authorisation"
    }]
  },
  "status" : {
    "coding" : [{
      "system" : "http://hl7.org/fhir/publication-status",
      "code" : "active",
      "display" : "Active"
    }]
  },
  "statusDate" : "2015-01-01",
  "holder" : {
    "reference" : "Organization/mah-c2a5378488511eaedce26dde272c2290"
  }
}