{
  "resourceType" : "RegulatedAuthorization",
  "id" : "authorization660952efa1b907b97e182807063ac2610",
  "meta" : {
    "profile" : ["http://hl7.org/fhir/uv/emedicinal-product-info/StructureDefinition/RegulatedAuthorization-uv-epi"]
  },
  "text" : {
    "status" : "generated",
    "div" : "<div xmlns=\"http://www.w3.org/1999/xhtml\"><p><b>Generated Narrative: RegulatedAuthorization</b><a name=\"authorization660952efa1b907b97e182807063ac2610\"> </a><a name=\"hcauthorization660952efa1b907b97e182807063ac2610\"> </a></p><div style=\"display: inline-block; background-color: #d9e0e7; padding: 6px; margin: 4px; border: 1px solid #8da1b4; border-radius: 5px; line-height: 60%\"><p style=\"margin-bottom: 0px\">Resource RegulatedAuthorization &quot;authorization660952efa1b907b97e182807063ac2610&quot; </p><p style=\"margin-bottom: 0px\">Profile: <a href=\"https://build.fhir.org/ig/HL7/emedicinal-product-info//StructureDefinition-RegulatedAuthorization-uv-epi.html\">RegulatedAuthorization (ePI)</a></p></div><p><b>identifier</b>: <code>https://spor.ema.europa.eu/pmswi</code>/fin-x\u00a0(use:\u00a0OFFICIAL)</p><p><b>subject</b>: <a href=\"MedicinalProductDefinition-mp245a2b4a9e3ee4304e5e6cf2b1a252b4.html\">MedicinalProductDefinition/mp245a2b4a9e3ee4304e5e6cf2b1a252b4</a></p><p><b>type</b>: Marketing Authorisation <span style=\"background: LightGoldenRodYellow; margin: 4px; border: 1px solid khaki\"> (rmswi#220000000061)</span></p><p><b>status</b>: Active <span style=\"background: LightGoldenRodYellow; margin: 4px; border: 1px solid khaki\"> (<a href=\"http://hl7.org/fhir/R5/codesystem-publication-status.html\">PublicationStatus</a>#active)</span></p><p><b>statusDate</b>: 2015-02-07 13:28:17+0000</p><p><b>holder</b>: <a href=\"Organization-mah-1f2bde1de64d7b561417b3a3d4313827.html\">Organization/mah-1f2bde1de64d7b561417b3a3d4313827</a> &quot;Sandoz A/S&quot;</p></div>"
  },
  "identifier" : [{
    "use" : "official",
    "system" : "https://spor.ema.europa.eu/pmswi",
    "value" : "fin-x"
  }],
  "subject" : [{
    "reference" : "MedicinalProductDefinition/mp245a2b4a9e3ee4304e5e6cf2b1a252b4"
  }],
  "type" : {
    "coding" : [{
      "system" : "https://spor.ema.europa.eu/rmswi",
      "code" : "220000000061",
      "display" : "Marketing Authorisation"
    }]
  },
  "status" : {
    "coding" : [{
      "system" : "http://hl7.org/fhir/publication-status",
      "code" : "active",
      "display" : "Active"
    }]
  },
  "statusDate" : "2015-02-07T13:28:17Z",
  "holder" : {
    "reference" : "Organization/mah-1f2bde1de64d7b561417b3a3d4313827"
  }
}