{
  "resourceType" : "ValueSet",
  "id" : "PDtypeVS",
  "text" : {
    "status" : "generated",
    "div" : "<div xmlns=\"http://www.w3.org/1999/xhtml\"><ul><li>Include all codes defined in <a href=\"CodeSystem-pd-type-cs.html\"><code>http://hl7.eu/fhir/ig/gravitate-health/CodeSystem/pd-type-cs</code></a></li></ul></div>"
  },
  "url" : "http://hl7.eu/fhir/ig/gravitate-health/ValueSet/PDtypeVS",
  "version" : "0.1.0",
  "name" : "PDtypeVS",
  "status" : "active",
  "date" : "2024-03-14T09:41:47+00:00",
  "publisher" : "Gravitate Health Project",
  "contact" : [{
    "name" : "Gravitate Health Project",
    "telecom" : [{
      "system" : "url",
      "value" : "https://www.gravitatehealth.eu/"
    }]
  },
  {
    "name" : "Gravitate Health Project",
    "telecom" : [{
      "system" : "url",
      "value" : "https://www.gravitatehealth.eu/"
    }]
  }],
  "compose" : {
    "include" : [{
      "system" : "http://hl7.eu/fhir/ig/gravitate-health/CodeSystem/pd-type-cs"
    }]
  }
}