<?xml version="1.0" encoding="UTF-8"?>

<Bundle xmlns="http://hl7.org/fhir">
  <id value="bundlepackageleaflet-pt-94a96e39cfdcd8b378d12dd4063065f9"/>
  <meta>
    <profile value="http://hl7.org/fhir/uv/emedicinal-product-info/StructureDefinition/Bundle-uv-epi"/>
  </meta>
  <language value="en"/>
  <identifier>
    <system value="https://www.gravitatehealth.eu/sid/doc"/>
    <value value="EU/1/18/1289/001"/>
  </identifier>
  <type value="document"/>
  <timestamp value="2023-06-27T10:09:22Z"/>
  <entry>
    <fullUrl value="http://hl7.eu/fhir/ig/gravitate-health/Composition/composition-pt-2a9c4333cfd126f2e7b73ad3cafd6949"/>
    <resource>
      <Composition>
        <id value="composition-pt-2a9c4333cfd126f2e7b73ad3cafd6949"/>
        <meta>
          <profile value="http://hl7.org/fhir/uv/emedicinal-product-info/StructureDefinition/Composition-uv-epi"/>
        </meta>
        <language value="pt"/>
        <text>
          <status value="generated"/><div xmlns="http://www.w3.org/1999/xhtml" xml:lang="pt" lang="pt"><p><b>Generated Narrative: Composition</b><a name="composition-pt-2a9c4333cfd126f2e7b73ad3cafd6949"> </a></p><div style="display: inline-block; background-color: #d9e0e7; padding: 6px; margin: 4px; border: 1px solid #8da1b4; border-radius: 5px; line-height: 60%"><p style="margin-bottom: 0px">Resource Composition &quot;composition-pt-2a9c4333cfd126f2e7b73ad3cafd6949&quot;  (Language &quot;pt&quot;) </p><p style="margin-bottom: 0px">Profile: <a href="https://build.fhir.org/ig/HL7/emedicinal-product-info//StructureDefinition-Composition-uv-epi.html">Composition (ePI)</a></p></div><p><b>identifier</b>: id: c97bc0c62de4cf4143e63299ba73c5a3</p><p><b>status</b>: final</p><p><b>type</b>: Package Leaflet <span style="background: LightGoldenRodYellow; margin: 4px; border: 1px solid khaki"> (#100000155538)</span></p><p><b>category</b>: Raw <span style="background: LightGoldenRodYellow; margin: 4px; border: 1px solid khaki"> (<a href="CodeSystem-epicategory-cs.html">Category of EPI</a>#R)</span></p><p><b>date</b>: 2022-02-16 13:28:17+0000</p><p><b>author</b>: <a href="#Organization_mah-715f8a161ed438d0584510e5b4512caa">See above (Organization/mah-715f8a161ed438d0584510e5b4512caa)</a></p><p><b>title</b>: TEST PURPOSES ONLY - Biktarvy 50 mg/200 mg/25 mg film-coated tabletsmg powder for concentrate for solution for infusion</p><h3>Attesters</h3><table class="grid"><tr><td style="display: none">-</td><td><b>Mode</b></td><td><b>Time</b></td></tr><tr><td style="display: none">*</td><td>Official <span style="background: LightGoldenRodYellow; margin: 4px; border: 1px solid khaki"> (<a href="http://hl7.org/fhir/R5/codesystem-composition-attestation-mode.html">Composition Attestation Mode</a>#official)</span></td><td>2022-02-16 13:28:17+0000</td></tr></table></div>
        </text>
        <identifier>
          <system value="https://spor.ema.europa.eu/rmswi/"/>
          <value value="c97bc0c62de4cf4143e63299ba73c5a3"/>
        </identifier>
        <status value="final"/>
        <type>
          <coding>
            <system value="https://spor.ema.europa.eu/rmswi/"/>
            <code value="100000155538"/>
          </coding>
          <text value="Package Leaflet"/>
        </type>
        <category>
          <coding>
            <system value="http://hl7.eu/fhir/ig/gravitate-health/CodeSystem/epicategory-cs"/>
            <code value="R"/>
            <display value="Raw"/>
          </coding>
        </category>
        <subject>
          <reference value="MedicinalProductDefinition/mp2a9c4333cfd126f2e7b73ad3cafd6949"/>
        </subject>
        <date value="2022-02-16T13:28:17Z"/>
        <author>
          <reference value="Organization/mah-715f8a161ed438d0584510e5b4512caa"/>
        </author>
        <title value="TEST PURPOSES ONLY - Biktarvy 50 mg/200 mg/25 mg film-coated tabletsmg powder for concentrate for solution for infusion"/>
        <attester>
          <mode>
            <coding>
              <system value="http://hl7.org/fhir/composition-attestation-mode"/>
              <code value="official"/>
            </coding>
          </mode>
          <time value="2022-02-16T13:28:17Z"/>
        </attester>
        <section>
          <title value="B. Package Leaflet"/>
          <code>
            <coding>
              <system value="https://spor.ema.europa.eu/rmswi/"/>
              <code value="100000155538"/>
            </coding>
            <text value="B. PACKAGE LEAFLET"/>
          </code>
          <text>
            <status value="additional"/><div xmlns="http://www.w3.org/1999/xhtml">unavailable</div>
          </text>
          <emptyReason>
            <coding>
              <system value="http://terminology.hl7.org/CodeSystem/list-empty-reason"/>
              <code value="unavailable"/>
            </coding>
          </emptyReason>
          <section>
            <title value="Package leaflet: Information for the user"/>
            <code>
              <coding>
                <system value="https://spor.ema.europa.eu/rmswi/"/>
                <code value="100000155538"/>
              </coding>
              <text value="Package leaflet: Information for the user"/>
            </code>
            <text>
              <status value="additional"/><div xmlns="http://www.w3.org/1999/xhtml"><p><strong>Leia com atenção todo este folheto antes de começar a tomar este medicamento, pois contém informação importante para si.</strong></p><ul><li>Conserve este folheto. Pode ter necessidade de o ler novamente.</li><li>Caso ainda tenha dúvidas, fale com o seu médico ou farmacêutico.</li><li>Este medicamento foi receitado apenas para si. Não deve dá-lo a outros. O medicamento pode ser-lhes prejudicial mesmo que apresentem os mesmos sinais de doença.</li><li>Se tiver quaisquer efeitos indesejáveis, incluindo possíveis efeitos indesejáveis não indicados neste folheto, fale com o seu médico ou farmacêutico. Ver secção 4.</li></ul><p><strong>Se Biktarvy foi prescrito para a criança a seu cargo, tenha em atenção que todas as informações neste folheto são dirigidas à criança a seu cargo (neste caso, leia “a criança a seu cargo” em vez de “você”).</strong></p></div>
            </text>
          </section>
          <section>
            <title value="What is in this leaflet"/>
            <code>
              <coding>
                <system value="https://spor.ema.europa.eu/rmswi/"/>
                <code value="100000155538"/>
              </coding>
              <text value="What is in this leaflet"/>
            </code>
            <text>
              <status value="additional"/><div xmlns="http://www.w3.org/1999/xhtml"><p>O que contém este folheto:</p><ol><li>O que é Biktarvy e para que é utilizado</li><li>O que precisa de saber antes de tomar Biktarvy</li><li>Como tomar Biktarvy</li><li>Efeitos indesejáveis possíveis</li><li>Como conservar Biktarvy</li><li>Conteúdo da embalagem e outras informações</li></ol></div>
            </text>
          </section>
          <section>
            <title value="1. What 1 is and what it is used for"/>
            <code>
              <coding>
                <system value="https://spor.ema.europa.eu/rmswi/"/>
                <code value="100000155538"/>
              </coding>
              <text value="1. What 1 is and what it is used for"/>
            </code>
            <text>
              <status value="additional"/><div xmlns="http://www.w3.org/1999/xhtml"><p>Biktarvy contém três substâncias ativas:</p><ul><li><strong>bictegravir</strong>, um tipo de medicamento antirretrovírico conhecido como inibidor da transferência de cadeia da integrase (ITI)</li><li><strong>emtricitabina</strong>, um tipo de medicamento antirretrovírico conhecido como inibidor nucleósido da transcriptase reversa (INTR)</li><li><strong>tenofovir alafenamida</strong>, um tipo de medicamento antirretrovírico conhecido como inibidor nucleotídeo da transcriptase reversa (INtTR)</li></ul><p>Biktarvy é um comprimido único para o tratamento da infeção pelo vírus da imunodeficiência humana 1 (VIH-1) em adultos, adolescentes e crianças com idade igual ou superior a 2 anos, que pesem pelo menos 14 kg.</p><p>Biktarvy diminui a quantidade de VIH no seu corpo. Isto irá melhorar o seu sistema imunológico e diminuir o risco de desenvolvimento de doenças ligadas à infeção pelo VIH.</p></div>
            </text>
          </section>
          <section>
            <title value="2. What you need to know before you take 1"/>
            <code>
              <coding>
                <system value="https://spor.ema.europa.eu/rmswi/"/>
                <code value="100000155538"/>
              </coding>
              <text value="2. What you need to know before you take 1"/>
            </code>
            <text>
              <status value="additional"/><div xmlns="http://www.w3.org/1999/xhtml"><p><strong>Não tome Biktarvy</strong></p><ul><li>Se tem alergia ao bictegravir, emtricitabina, tenofovir alafenamida ou a qualquer outro componente deste medicamento (indicados na secção 6).</li><li>Se estiver atualmente a tomar algum dos seguintes medicamentos:<ul><li>rifampicina utilizada para tratar algumas infeções causadas por bactérias, como a tuberculose</li><li>hipericão (Hypericum perforatum), um produto à base de plantas para tratar a depressão e ansiedade ou produtos que o contenham.</li></ul></li></ul><p>Se qualquer uma destas situações se aplicar a si, <strong>não tome Biktarvy e informe imediatamente o seu médico.</strong></p><p><strong>Advertências e precauções</strong></p><p><strong>Fale com o seu médico antes de tomar Biktarvy:</strong></p><ul><li>Se tem problemas do fígado ou antecedentes de doença do fígado, incluindo hepatite. Os doentes com doença do fígado, incluindo hepatite B ou C crónica, que estejam a ser tratados com antirretrovíricos, apresentam um risco superior de complicações ao nível do fígado graves e potencialmente fatais. Se tem infeção pelo vírus da hepatite B, o seu médico irá considerar cuidadosamente o melhor regime de tratamento para si.</li><li>Se tem infeção pelo vírus da hepatite B. Os problemas do fígado podem piorar depois de parar de tomar Biktarvy.</li></ul><p><em>Não pare de tomar Biktarvy se tiver hepatite B. Fale primeiro com o seu médico. Para obter mais informação, consulte a secção 3, Não pare de tomar Biktarvy.</em></p><ul><li>Se teve doença renal ou se as análises revelaram problemas nos seus rins. O seu médico pode pedir-lhe para efetuar análises ao sangue para monitorizar o funcionamento dos seus rins no início e durante o tratamento com Biktarvy.</li></ul><p><strong>Enquanto estiver a tomar Biktarvy</strong></p><p>Assim que começar a tomar Biktarvy, fique atento a:</p><ul><li><strong>Sinais de inflamação ou infeção</strong></li><li>D<strong>ores nas articulações, rigidez ou problemas nos ossos</strong></li></ul><p><strong>Se observar quaisquer destes sintomas, informe o seu médico imediatamente.</strong> Para obter mais informação, consulte a secção 4, Efeitos indesejáveis possíveis.</p><p>Existe a possibilidade de vir a ter problemas nos rins se tomar Biktarvy durante um longo período de tempo (ver Advertências e precauções).</p><p>Este medicamento não é uma cura para a infeção pelo VIH. Enquanto tomar Biktarvy pode desenvolver na mesma infeções ou outras doenças associadas com a infeção pelo VIH.</p><p><strong>Crianças e adolescentes</strong></p><p>Não dê este medicamento a crianças com menos de 2 anos de idade, ou que pesem menos de 14 kg independentemente da idade. A utilização de Biktarvy em crianças com menos de 2 anos de idade ou que pesem menos de 14 kg ainda não foi estudada. Para crianças e adolescentes que pesem 25 kg ou mais, estão disponíveis comprimidos revestidos por película de Biktarvy 50 mg/200 mg/25 mg.</p><p>Foi notificada perda de massa óssea em algumas crianças com idade entre 3 e menos de 12 anos que receberam um dos medicamentos (tenofovir alafenamida) contido em Biktarvy. Os efeitos na saúde óssea a longo prazo e o risco futuro de fratura em crianças é incerto. O seu médico monitorizará a saúde óssea do seu filho conforme necessário.</p><p><strong>Outros medicamentos e Biktarvy</strong></p><p><strong>Informe o seu médico ou farmacêutico se estiver a tomar, tiver tomado recentemente, ou se vier a tomar outros medicamentos.</strong> Biktarvy pode interferir com outros medicamentos. Como resultado, as quantidades de Biktarvy ou dos outros medicamentos no seu sangue podem alterar-se. Isto pode fazer com que os seus medicamentos parem de funcionar corretamente ou piorar quaisquer efeitos indesejáveis. Em alguns casos, o seu médico pode precisar de ajustar a sua dose ou verificar os níveis dos medicamentos no seu sangue.</p><p><strong>Medicamentos que nunca podem ser tomados com Biktarvy:</strong></p><ul><li>rifampicina utilizada para tratar algumas infeções causadas por bactérias, como a tuberculose</li><li>hipericão (Hypericum perforatum), um produto à base de plantas para tratar a depressão e ansiedade ou produtos que o contenham.</li></ul><p>Se estiver a tomar qualquer um destes medicamentos, não tome Biktarvy e informe o seu médico imediatamente.</p><p><strong>Fale com o seu médico se estiver a tomar:</strong></p><ul><li>medicamentos utilizados para tratar o VIH e/ou a hepatite B que contenham:<ul><li>adefovir dipivoxil, atazanavir, bictegravir, emtricitabina, lamivudina, tenofovir alafenamida ou tenofovir disoproxil</li></ul></li><li>antibióticos utilizados para tratar infeções causadas por bactérias contendo:<ul><li>azitromicina, claritromicina, rifabutina ou rifapentina</li></ul></li><li>anticonvulsivantes utilizados para tratar a epilepsia, contendo:<ul><li>carbamazepina, oxcarbazepina, fenobarbital ou fenitoína</li></ul></li><li>imunossupressores utilizados para controlar a resposta imunitária do seu corpo após um transplante, contendo ciclosporina</li><li>medicamentos para as úlceras do aparelho digestivo contendo sucralfato</li></ul><p>Informe o seu médico se estiver a tomar qualquer um destes medicamentos. Não pare o seu tratamento sem contactar o seu médico.</p><p><strong>Consulte um médico ou farmacêutico se estiver a tomar:</strong></p><ul><li>antiácidos para tratar úlceras do estômago, azia ou refluxo ácido, contendo alumínio e/ou hidróxido de magnésio</li><li>suplementos minerais ou vitaminas contendo magnésio ou ferro</li></ul><p><strong>Consulte o seu médico ou farmacêutico antes de tomar Biktarvy</strong> se estiver a tomar algum destes medicamentos.</p><p>Antiácidos e suplementos de magnésio: terá de tomar Biktarvy, pelo menos, 2 horas antes de tomar antiácidos ou suplementos contendo alumínio e/ou magnésio. Ou pode tomar Biktarvy com alimentos, pelo menos, 2 horas depois.</p><p>Suplementos de ferro: terá de tomar Biktarvy, pelo menos, 2 horas antes de tomar suplementos de ferro ou pode tomá-los juntamente com alimentos.</p><p><strong>Gravidez e amamentação</strong></p><p>Se está grávida ou a amamentar, se pensa estar grávida ou planeia engravidar, consulte o seu médico ou farmacêutico antes de tomar este medicamento.</p><ul><li>Se engravidar, informe imediatamente o seu médico e pergunte quais são os potenciais benefícios e riscos da sua terapêutica antirretroviral para si e para o bebé.</li></ul><p>Se tomou Biktarvy durante a gravidez, o seu médico pode pedir-lhe para efetuar análises ao sangue e outros testes de diagnóstico regulares para verificar o desenvolvimento da sua criança. Nas crianças cujas mães tomaram inibidores nucleósidos da transcriptase reversa (INTR) durante a gravidez, o benefício da menor possibilidade de infeção pelo VIH é superior ao risco de sofrerem efeitos indesejáveis. Não amamente durante o tratamento com Biktarvy. Isto deve-se ao facto de algumas das substâncias ativas deste medicamento serem excretadas no leite humano. A amamentação não é recomendada em mulheres que vivem com VIH, uma vez que a infeção pelo VIH pode ser transmitida ao bebé através do leite materno. Se estiver a amamentar ou planeia vir a amamentar, deve falar com o seu médico o mais rapidamente possível.</p><p><strong>Condução de veículos e utilização de máquinas</strong></p><p>Biktarvy pode causar tonturas. Se sentir tonturas enquanto estiver a tomar Biktarvy, não conduza nem ande de bicicleta e não utilize quaisquer ferramentas ou máquinas.</p><p><strong>Biktarvy contém sódio</strong></p><p>Este medicamento contém menos do que 1 mmol (23 mg) de sódio por comprimido, ou seja, é praticamente “isento de sódio”.</p></div>
            </text>
          </section>
          <section>
            <title value="3. How to take 1"/>
            <code>
              <coding>
                <system value="https://spor.ema.europa.eu/rmswi/"/>
                <code value="100000155538"/>
              </coding>
              <text value="3. How to take 1"/>
            </code>
            <text>
              <status value="additional"/><div xmlns="http://www.w3.org/1999/xhtml"><p>Tome este medicamento exatamente como indicado pelo seu médico. Fale com o seu médico ou farmacêutico se tiver dúvidas.</p><p>Existem duas dosagens de comprimidos de Biktarvy. O seu médico irá prescrever o comprimido apropriado para a sua idade e peso.</p><p><strong>A dose recomendada é:</strong></p><p>Crianças com idade igual ou superior a 2 anos, que pesem pelo menos 14 kg, mas menos de 25 kg: um comprimido por dia com ou sem alimentos (um comprimido de 30 mg/120 mg/15 mg).</p><p>Devido ao sabor amargo, recomenda-se que não mastigue ou esmague o comprimido. Se tiver dificuldade em engolir o comprimido inteiro pode dividi-lo ao meio. Tome ambas as metades do comprimido uma a seguir à outra para obter a dose total. Não guarde o comprimido dividido.</p><p>A ranhura no comprimido existe apenas para ajudá-lo a partir o comprimido se a criança a seu cargo tiver dificuldade em engoli-lo inteiro. A embalagem múltipla de 90 dias contém um conjunto de três embalagens de 30 dias.</p><p><strong>Consulte um médico ou farmacêutico se estiver a tomar:</strong></p><ul><li>antiácidos para tratar úlceras do estômago, azia ou refluxo ácido, contendo alumínio e/ou hidróxido de magnésio</li><li>suplementos minerais ou vitaminas contendo magnésio ou ferro</li></ul><p>Consulte a secção 2 para obter mais informação sobre como tomar estes medicamentos com Biktarvy.</p><p>Se estiver a fazer diálise, tome a sua dose diária de Biktarvy após terminar a diálise.</p><p><strong>Se tomar mais Biktarvy do que deveria</strong></p><p>Se tomar mais do que a dose recomendada de Biktarvy pode ter um maior risco de efeitos indesejáveis com este medicamento (ver secção 4, Efeitos indesejáveis possíveis).</p><p>Entre imediatamente em contacto com o seu médico ou aconselhe-se junto do serviço de urgência mais próximo. Mantenha ou leve o frasco ou embalagem de comprimidos consigo para que facilmente possa descrever o que tomou.</p><p><strong>Caso se tenha esquecido de tomar Biktarvy</strong></p><p>É importante que não falhe nenhuma dose de Biktarvy.</p><p>Caso se tenha esquecido de tomar uma dose:</p><ul><li>Caso se aperceba no período de 18 horas após a hora em que habitualmente toma Biktarvy, deve necessariamente tomar o comprimido o mais rapidamente possível. Depois tome a sua dose seguinte como é habitual.</li><li>Caso se aperceba 18 horas ou mais após a hora em que habitualmente toma Biktarvy, não tome a dose que falhou. Espere e tome a dose seguinte à hora habitual.</li></ul><p>Se vomitar em menos de 1 hora após a toma de Biktarvy, tome outro comprimido. Se vomitar mais de 1 hora após a toma de Biktarvy, não necessita de tomar outro comprimido até ao seu próximo comprimido de acordo com o esquema habitual.</p><p><strong>Não pare de tomar Biktarvy</strong></p><p><strong>Não pare de tomar Biktarvy sem falar com o seu médico.</strong> A interrupção do tratamento com Biktarvy pode afetar gravemente a sua resposta a um tratamento futuro. Se o tratamento com Biktarvy for interrompido por qualquer razão, fale com o seu médico antes de voltar a tomar os comprimidos de Biktarvy.</p><p><strong>Quando a quantidade de Biktarvy começar a escassear,</strong> obtenha mais junto do seu médico ou farmacêutico. É muito importante que o faça porque a quantidade de vírus pode começar a aumentar se o medicamento for interrompido, mesmo por um curto período de tempo. A doença pode então tornarse mais difícil de tratar.</p><p><strong>Se tiver infeção por VIH e hepatite B,</strong> é particularmente importante não parar o tratamento com Biktarvy sem previamente consultar o seu médico. Pode necessitar de análises ao sangue durante vários meses após interrupção do tratamento. Em alguns doentes com doença hepática (do fígado) avançada ou cirrose, a interrupção do tratamento não é recomendada, uma vez que pode levar a um agravamento da sua hepatite, que pode ser potencialmente fatal.</p><p><em>Informe imediatamente o seu médico se surgirem quaisquer sintomas novos ou pouco habituais após parar o tratamento, particularmente sintomas que associaria à sua hepatite B.</em></p><p>Caso ainda tenha dúvidas sobre a utilização deste medicamento, fale com o seu médico ou farmacêutico.</p></div>
            </text>
          </section>
          <section>
            <title value="4. Possible side effects"/>
            <code>
              <coding>
                <system value="https://spor.ema.europa.eu/rmswi/"/>
                <code value="100000155538"/>
              </coding>
              <text value="4. Possible side effects"/>
            </code>
            <text>
              <status value="additional"/><div xmlns="http://www.w3.org/1999/xhtml"><p>Como todos os medicamentos, este medicamento pode causar efeitos indesejáveis, embora estes não se manifestem em todas as pessoas.</p><p><strong>Efeitos indesejáveis possíveis: informe o seu médico imediatamente</strong></p><ul><li>Quaisquer sinais de inflamação ou infeção. Em alguns doentes com infeção pelo VIH avançada (SIDA) e antecedentes de infeções oportunistas (infeções que ocorrem em pessoas com um sistema imunológico fraco), podem ocorrer sinais e sintomas de inflamação de infeções prévias logo após iniciar o tratamento contra o VIH. Pensa-se que estes sintomas são devidos a uma melhoria na resposta imunológica do corpo, permitindo que o corpo lute contra infeções que podem estar presentes sem sintomas óbvios.</li><li>Doenças autoimunes, quando o sistema imunitário ataca os tecidos saudáveis do corpo, após começar a tomar medicamentos para a sua infeção pelo VIH. As doenças autoimunes podem ocorrer muitos meses depois do início do tratamento. Esteja atento a quaisquer sintomas de infeção ou outros sintomas, como:<ul><li>fraqueza muscular</li><li>fraqueza que começa nas mãos e nos pés e que progride para o tronco</li><li>palpitações, tremores ou hiperatividade</li></ul></li></ul><p><strong>Se observar estes ou quaisquer outros sintomas de inflamação ou infeção, informe o seu médico imediatamente.</strong></p><p><strong>Efeitos indesejáveis frequentes</strong> (podem afetar até 1 em cada 10 pessoas)*</p><ul><li>depressão</li><li>sonhos anormais</li><li>dores de cabeça</li><li>tonturas</li><li>diarreia</li><li>sentir-se enjoado (náuseas)</li><li>cansaço (fadiga)</li></ul><p><strong>Efeitos indesejáveis pouco frequentes</strong> <em>(podem afetar até 1 em cada 100 pessoas)</em></p><ul><li>anemia</li><li>vómitos</li><li>dor de estômago</li><li>problemas digestivos que podem resultar em desconforto após as refeições (dispepsia)</li><li>gases (flatulência)</li><li>inchaço da face, lábios, língua ou garganta (angioedema)</li><li>comichão (prurido)</li><li>erupção na pele</li><li>urticária</li><li>dor nas articulações (artralgia)</li><li>pensamentos suicidas e tentativa de suicídio (particularmente em doentes que tiveram depressão ou problemas de saúde mental anteriormente)</li><li>ansiedade</li><li>perturbações do sono</li></ul><p><em>As análises ao sangue também poderão revelar:</em></p><ul><li>níveis mais elevados de substâncias chamadas bilirrubina e/ou creatinina sérica no sangue</li></ul><p><strong>Efeitos indesejáveis raros</strong> <em>(podem afetar até 1 em cada 1000 pessoas)</em></p><ul><li>síndrome de Stevens-Johnson (SSJ), uma doença grave potencialmente fatal que normalmente começa com sintomas gripais. Alguns dias mais tarde, aparecem outros sintomas, incluindo:<ul><li>Pele dolorosa vermelha ou roxa que parece queimada e descamada</li><li>Bolhas na pele, boca, nariz e genitais</li><li>Olhos vermelhos, dolorosos e lacrimejantes</li></ul></li></ul><p><strong>Se tiver algum destes sintomas, pare de imediato o seu medicamento e informe logo o seu médico.</strong></p><p><strong>Se qualquer um dos efeitos indesejáveis se agravar informe o seu médico.</strong></p><p><strong>Outros efeitos que podem ser observados durante o tratamento do VIH</strong></p><p>A frequência dos efeitos indesejáveis seguintes é desconhecida (a frequência não pode ser calculada a partir dos dados disponíveis).</p><ul><li>Problemas nos ossos. Alguns doentes tratados com associações de medicamentos antirretrovíricos tais como Biktarvy podem desenvolver uma doença óssea chamada osteonecrose (morte do tecido ósseo causada pela perda da irrigação de sangue no osso). Tomar este tipo de medicamentos durante um período prolongado, tomar corticosteroides, consumir bebidas alcoólicas, ter um sistema imunológico muito fraco e ter excesso de peso, podem ser alguns dos muitos fatores de risco para o desenvolvimento desta doença. Sinais de osteonecrose são:<ul><li>rigidez das articulações</li><li>dores nas articulações (especialmente na anca, joelho e ombro)</li><li>dificuldade em se movimentar</li></ul></li></ul><p><strong>Se observar qualquer um destes sintomas, informe o seu médico.</strong></p><p>Durante a terapêutica para o VIH pode haver um aumento do peso e dos níveis de lípidos e glucose no sangue. Isto está em parte associado a uma recuperação da saúde e do estilo de vida e, no caso dos lípidos no sangue, por vezes aos próprios medicamentos para o VIH. O seu médico irá realizar testes para determinar estas alterações.</p><p><strong>Comunicação de efeitos indesejáveis</strong></p><p>Se tiver quaisquer efeitos indesejáveis, incluindo possíveis efeitos indesejáveis não indicados neste folheto, fale com o seu médico ou farmacêutico. Também poderá comunicar efeitos indesejáveis diretamente através do sistema nacional de notificação mencionado no Apêndice V. Ao comunicar efeitos indesejáveis, estará a ajudar a fornecer mais informações sobre a segurança deste medicamento</p></div>
            </text>
          </section>
          <section>
            <title value="5. How to store 1"/>
            <code>
              <coding>
                <system value="https://spor.ema.europa.eu/rmswi/"/>
                <code value="100000155538"/>
              </coding>
              <text value="5. How to store 1"/>
            </code>
            <text>
              <status value="additional"/><div xmlns="http://www.w3.org/1999/xhtml"><p>Manter este medicamento fora da vista e do alcance das crianças.</p><p>Não utilize este medicamento após o prazo de validade impresso na embalagem exterior e no frasco ou fita blister, após {VAL}. O prazo de validade corresponde ao último dia do mês indicado.</p><p>Conservar na embalagem de origem para proteger da humidade. Manter o frasco bem fechado. Não utilizar se o selo por cima da abertura do frasco estiver partido ou ausente.</p><p>Não deite fora quaisquer medicamentos na canalização ou no lixo doméstico. Pergunte ao seu farmacêutico como deitar fora os medicamentos que já não utiliza. Estas medidas ajudarão a proteger o ambiente.</p></div>
            </text>
          </section>
          <section>
            <title value="6. Contents of the pack and other information"/>
            <code>
              <coding>
                <system value="https://spor.ema.europa.eu/rmswi/"/>
                <code value="100000155538"/>
              </coding>
              <text value="6. Contents of the pack and other information"/>
            </code>
            <text>
              <status value="additional"/><div xmlns="http://www.w3.org/1999/xhtml"><p><strong>Qual a composição de Biktarvy</strong></p><p>As substâncias ativas são o bictegravir, a emtricitabina e o tenofovir alafenamida. Cada comprimido de Biktarvy contém bictegravir sódico equivalente a 30 mg de bictegravir, 120 mg de emtricitabina e tenofovir alafenamida fumarato equivalente a 15 mg de tenofovir alafenamida.</p><p><strong>Os outros componentes são</strong> <em>Núcleo do comprimido</em> Celulose microcristalina (E460), croscarmelose sódica (E468), estearato de magnésio (E470b). <em>Película de revestimento</em> Álcool polivinílico (E203), dióxido de titânio (E171), macrogol (E1521), talco (E553b), óxido de ferro vermelho (E172), óxido de ferro preto (E172).</p><p><strong>Qual o aspeto de Biktarvy e conteúdo da embalagem</strong> Biktarvy 30 mg/120 mg/15 mg comprimidos revestidos por película são comprimidos revestidos por película cor-de-rosa, em forma de cápsula, com “BVY” gravado num lado do comprimido e uma ranhura no outro lado do comprimido.</p><p>Os comprimidos são fornecidos num frasco. É possível que não sejam comercializadas todas as apresentações.</p><p>Biktarvy apresenta-se em embalagens contendo 1 frasco de 30 comprimidos e em embalagens com 3 frascos, cada um dos quais contendo 30 comprimidos. Cada frasco contém um exsicante de sílica gel que deve ser mantido dentro do frasco para ajudar a proteger os seus comprimidos. O exsicante de sílica gel está contido numa saqueta ou recipiente separado e não deve ser engolido.</p><p><strong>Titular da Autorização de Introdução no Mercado</strong></p><p>Gilead Sciences Ireland UC Carrigtohill County Cork, T45 DP77 Irlanda</p><p><strong>Fabricante</strong></p><p>Gilead Sciences Ireland UC IDA Business &amp; Technology Park Carrigtohill County Cork Irlanda</p></div>
            </text>
          </section>
        </section>
      </Composition>
    </resource>
  </entry>
  <entry>
    <fullUrl value="http://hl7.eu/fhir/ig/gravitate-health/ClinicalUseDefinition/cud-d79af6e660f456c6c7091803d6bd1a92"/>
    <resource>
      <ClinicalUseDefinition>
        <id value="cud-d79af6e660f456c6c7091803d6bd1a92"/>
        <meta>
          <profile value="http://hl7.org/fhir/uv/emedicinal-product-info/StructureDefinition/ClinicalUseDefinition-contraindication-uv-epi"/>
        </meta>
        <text>
          <status value="generated"/><div xmlns="http://www.w3.org/1999/xhtml"><p><b>Generated Narrative: ClinicalUseDefinition</b><a name="cud-d79af6e660f456c6c7091803d6bd1a92"> </a></p><div style="display: inline-block; background-color: #d9e0e7; padding: 6px; margin: 4px; border: 1px solid #8da1b4; border-radius: 5px; line-height: 60%"><p style="margin-bottom: 0px">Resource ClinicalUseDefinition &quot;cud-d79af6e660f456c6c7091803d6bd1a92&quot; </p><p style="margin-bottom: 0px">Profile: <a href="https://build.fhir.org/ig/HL7/emedicinal-product-info//StructureDefinition-ClinicalUseDefinition-contraindication-uv-epi.html">ClinicalUseDefinition Contraindication (ePI)</a></p></div><p><b>identifier</b>: id: pregnancy (use: OFFICIAL)</p><p><b>type</b>: contraindication</p><p><b>subject</b>: <a href="#MedicinalProductDefinition_mp2a9c4333cfd126f2e7b73ad3cafd6949">See above (MedicinalProductDefinition/mp2a9c4333cfd126f2e7b73ad3cafd6949)</a></p><blockquote><p><b>contraindication</b></p><h3>DiseaseSymptomProcedures</h3><table class="grid"><tr><td style="display: none">-</td><td><b>Concept</b></td></tr><tr><td style="display: none">*</td><td>nan <span style="background: LightGoldenRodYellow; margin: 4px; border: 1px solid khaki"> (mdr#nan)</span></td></tr></table></blockquote></div>
        </text>
        <identifier>
          <use value="official"/>
          <system value="https://spor.ema.europa.eu/rmswi/#/"/>
          <value value="pregnancy"/>
        </identifier>
        <type value="contraindication"/>
        <subject>
          <reference value="MedicinalProductDefinition/mp2a9c4333cfd126f2e7b73ad3cafd6949"/>
        </subject>
        <contraindication>
          <diseaseSymptomProcedure>
            <concept>
              <coding>
                <system value="http://terminology.hl7.org/CodeSystem/mdr"/>
                <code value="nan"/>
                <display value="nan"/>
              </coding>
            </concept>
          </diseaseSymptomProcedure>
        </contraindication>
      </ClinicalUseDefinition>
    </resource>
  </entry>
  <entry>
    <fullUrl value="http://hl7.eu/fhir/ig/gravitate-health/Ingredient/ingredient-for-biktarvy-bictegravirsodium"/>
    <resource>
      <Ingredient>
        <id value="ingredient-for-biktarvy-bictegravirsodium"/>
        <meta>
          <profile value="http://hl7.org/fhir/uv/emedicinal-product-info/StructureDefinition/Ingredient-uv-epi"/>
        </meta>
        <text>
          <status value="generated"/><div xmlns="http://www.w3.org/1999/xhtml"><p><b>Generated Narrative: Ingredient</b><a name="ingredient-for-biktarvy-bictegravirsodium"> </a></p><div style="display: inline-block; background-color: #d9e0e7; padding: 6px; margin: 4px; border: 1px solid #8da1b4; border-radius: 5px; line-height: 60%"><p style="margin-bottom: 0px">Resource Ingredient &quot;ingredient-for-biktarvy-bictegravirsodium&quot; </p><p style="margin-bottom: 0px">Profile: <a href="https://build.fhir.org/ig/HL7/emedicinal-product-info//StructureDefinition-Ingredient-uv-epi.html">Ingredient (ePI)</a></p></div><p><b>identifier</b>: id: 4L5MP1Y7W7 (use: OFFICIAL)</p><p><b>status</b>: active</p><p><b>for</b>: </p><ul><li><a href="#ManufacturedItemDefinition_mid-94a96e39cfdcd8b378d12dd4063065f9">See above (ManufacturedItemDefinition/mid-94a96e39cfdcd8b378d12dd4063065f9)</a></li><li><a href="#MedicinalProductDefinition_mp2a9c4333cfd126f2e7b73ad3cafd6949">See above (MedicinalProductDefinition/mp2a9c4333cfd126f2e7b73ad3cafd6949)</a></li><li><a href="#AdministrableProductDefinition_ap-94a96e39cfdcd8b378d12dd4063065f9">See above (AdministrableProductDefinition/ap-94a96e39cfdcd8b378d12dd4063065f9)</a></li></ul><p><b>role</b>: Active <span style="background: LightGoldenRodYellow; margin: 4px; border: 1px solid khaki"> (rmswi#100000072072)</span></p><blockquote><p><b>substance</b></p><h3>Codes</h3><table class="grid"><tr><td style="display: none">-</td><td><b>Concept</b></td></tr><tr><td style="display: none">*</td><td>BICTEGRAVIR SODIUM <span style="background: LightGoldenRodYellow; margin: 4px; border: 1px solid khaki"> (beta#4L5MP1Y7W7)</span></td></tr></table><h3>Strengths</h3><table class="grid"><tr><td style="display: none">-</td><td><b>Presentation[x]</b></td><td><b>Basis</b></td></tr><tr><td style="display: none">*</td><td>50 mg<span style="background: LightGoldenRodYellow"> (Details: UCUM code mg = 'mg')</span></td><td>active ingredient - basis of strength <span style="background: LightGoldenRodYellow; margin: 4px; border: 1px solid khaki"> (<a href="http://terminology.hl7.org/5.3.0/CodeSystem-v3-RoleClass.html">RoleClass</a>#ACTIB)</span></td></tr></table></blockquote></div>
        </text>
        <identifier>
          <use value="official"/>
          <system value="https://gsrs.ncats.nih.gov/ginas/app/beta"/>
          <value value="4L5MP1Y7W7"/>
        </identifier>
        <status value="active"/>
        <for>
          <reference value="ManufacturedItemDefinition/mid-94a96e39cfdcd8b378d12dd4063065f9"/>
        </for>
        <for>
          <reference value="MedicinalProductDefinition/mp2a9c4333cfd126f2e7b73ad3cafd6949"/>
        </for>
        <for>
          <reference value="AdministrableProductDefinition/ap-94a96e39cfdcd8b378d12dd4063065f9"/>
        </for>
        <role>
          <coding>
            <system value="https://spor.ema.europa.eu/rmswi"/>
            <code value="100000072072"/>
            <display value="Active"/>
          </coding>
        </role>
        <substance>
          <code>
            <concept>
              <coding>
                <system value="https://gsrs.ncats.nih.gov/ginas/app/beta"/>
                <code value="4L5MP1Y7W7"/>
                <display value="BICTEGRAVIR SODIUM"/>
              </coding>
            </concept>
          </code>
          <strength>
            <presentationQuantity>
              <value value="50"/>
              <system value="http://unitsofmeasure.org"/>
              <code value="mg"/>
            </presentationQuantity>
            <basis>
              <coding>
                <system value="http://terminology.hl7.org/CodeSystem/v3-RoleClass"/>
                <code value="ACTIB"/>
                <display value="active ingredient - basis of strength"/>
              </coding>
            </basis>
          </strength>
        </substance>
      </Ingredient>
    </resource>
  </entry>
  <entry>
    <fullUrl value="http://hl7.eu/fhir/ig/gravitate-health/Ingredient/ingredient-for-biktarvy-emtricitabine"/>
    <resource>
      <Ingredient>
        <id value="ingredient-for-biktarvy-emtricitabine"/>
        <meta>
          <profile value="http://hl7.org/fhir/uv/emedicinal-product-info/StructureDefinition/Ingredient-uv-epi"/>
        </meta>
        <text>
          <status value="generated"/><div xmlns="http://www.w3.org/1999/xhtml"><p><b>Generated Narrative: Ingredient</b><a name="ingredient-for-biktarvy-emtricitabine"> </a></p><div style="display: inline-block; background-color: #d9e0e7; padding: 6px; margin: 4px; border: 1px solid #8da1b4; border-radius: 5px; line-height: 60%"><p style="margin-bottom: 0px">Resource Ingredient &quot;ingredient-for-biktarvy-emtricitabine&quot; </p><p style="margin-bottom: 0px">Profile: <a href="https://build.fhir.org/ig/HL7/emedicinal-product-info//StructureDefinition-Ingredient-uv-epi.html">Ingredient (ePI)</a></p></div><p><b>identifier</b>: id: G70B4ETF4S (use: OFFICIAL)</p><p><b>status</b>: active</p><p><b>for</b>: </p><ul><li><a href="#ManufacturedItemDefinition_mid-94a96e39cfdcd8b378d12dd4063065f9">See above (ManufacturedItemDefinition/mid-94a96e39cfdcd8b378d12dd4063065f9)</a></li><li><a href="#MedicinalProductDefinition_mp2a9c4333cfd126f2e7b73ad3cafd6949">See above (MedicinalProductDefinition/mp2a9c4333cfd126f2e7b73ad3cafd6949)</a></li><li><a href="#AdministrableProductDefinition_ap-94a96e39cfdcd8b378d12dd4063065f9">See above (AdministrableProductDefinition/ap-94a96e39cfdcd8b378d12dd4063065f9)</a></li></ul><p><b>role</b>: Active <span style="background: LightGoldenRodYellow; margin: 4px; border: 1px solid khaki"> (rmswi#100000072072)</span></p><blockquote><p><b>substance</b></p><h3>Codes</h3><table class="grid"><tr><td style="display: none">-</td><td><b>Concept</b></td></tr><tr><td style="display: none">*</td><td>Emtricitabine <span style="background: LightGoldenRodYellow; margin: 4px; border: 1px solid khaki"> (beta#G70B4ETF4S)</span></td></tr></table><h3>Strengths</h3><table class="grid"><tr><td style="display: none">-</td><td><b>Presentation[x]</b></td><td><b>Basis</b></td></tr><tr><td style="display: none">*</td><td>200 mg<span style="background: LightGoldenRodYellow"> (Details: UCUM code mg = 'mg')</span></td><td>active ingredient - basis of strength <span style="background: LightGoldenRodYellow; margin: 4px; border: 1px solid khaki"> (<a href="http://terminology.hl7.org/5.3.0/CodeSystem-v3-RoleClass.html">RoleClass</a>#ACTIB)</span></td></tr></table></blockquote></div>
        </text>
        <identifier>
          <use value="official"/>
          <system value="https://gsrs.ncats.nih.gov/ginas/app/beta"/>
          <value value="G70B4ETF4S"/>
        </identifier>
        <status value="active"/>
        <for>
          <reference value="ManufacturedItemDefinition/mid-94a96e39cfdcd8b378d12dd4063065f9"/>
        </for>
        <for>
          <reference value="MedicinalProductDefinition/mp2a9c4333cfd126f2e7b73ad3cafd6949"/>
        </for>
        <for>
          <reference value="AdministrableProductDefinition/ap-94a96e39cfdcd8b378d12dd4063065f9"/>
        </for>
        <role>
          <coding>
            <system value="https://spor.ema.europa.eu/rmswi"/>
            <code value="100000072072"/>
            <display value="Active"/>
          </coding>
        </role>
        <substance>
          <code>
            <concept>
              <coding>
                <system value="https://gsrs.ncats.nih.gov/ginas/app/beta"/>
                <code value="G70B4ETF4S"/>
                <display value="Emtricitabine"/>
              </coding>
            </concept>
          </code>
          <strength>
            <presentationQuantity>
              <value value="200"/>
              <system value="http://unitsofmeasure.org"/>
              <code value="mg"/>
            </presentationQuantity>
            <basis>
              <coding>
                <system value="http://terminology.hl7.org/CodeSystem/v3-RoleClass"/>
                <code value="ACTIB"/>
                <display value="active ingredient - basis of strength"/>
              </coding>
            </basis>
          </strength>
        </substance>
      </Ingredient>
    </resource>
  </entry>
  <entry>
    <fullUrl value="http://hl7.eu/fhir/ig/gravitate-health/Ingredient/ingredient-for-biktarvy-tenofoviralafenamide"/>
    <resource>
      <Ingredient>
        <id value="ingredient-for-biktarvy-tenofoviralafenamide"/>
        <meta>
          <profile value="http://hl7.org/fhir/uv/emedicinal-product-info/StructureDefinition/Ingredient-uv-epi"/>
        </meta>
        <text>
          <status value="generated"/><div xmlns="http://www.w3.org/1999/xhtml"><p><b>Generated Narrative: Ingredient</b><a name="ingredient-for-biktarvy-tenofoviralafenamide"> </a></p><div style="display: inline-block; background-color: #d9e0e7; padding: 6px; margin: 4px; border: 1px solid #8da1b4; border-radius: 5px; line-height: 60%"><p style="margin-bottom: 0px">Resource Ingredient &quot;ingredient-for-biktarvy-tenofoviralafenamide&quot; </p><p style="margin-bottom: 0px">Profile: <a href="https://build.fhir.org/ig/HL7/emedicinal-product-info//StructureDefinition-Ingredient-uv-epi.html">Ingredient (ePI)</a></p></div><p><b>identifier</b>: id: EL9943AG5J (use: OFFICIAL)</p><p><b>status</b>: active</p><p><b>for</b>: </p><ul><li><a href="#ManufacturedItemDefinition_mid-94a96e39cfdcd8b378d12dd4063065f9">See above (ManufacturedItemDefinition/mid-94a96e39cfdcd8b378d12dd4063065f9)</a></li><li><a href="#MedicinalProductDefinition_mp2a9c4333cfd126f2e7b73ad3cafd6949">See above (MedicinalProductDefinition/mp2a9c4333cfd126f2e7b73ad3cafd6949)</a></li><li><a href="#AdministrableProductDefinition_ap-94a96e39cfdcd8b378d12dd4063065f9">See above (AdministrableProductDefinition/ap-94a96e39cfdcd8b378d12dd4063065f9)</a></li></ul><p><b>role</b>: Active <span style="background: LightGoldenRodYellow; margin: 4px; border: 1px solid khaki"> (rmswi#100000072072)</span></p><blockquote><p><b>substance</b></p><h3>Codes</h3><table class="grid"><tr><td style="display: none">-</td><td><b>Concept</b></td></tr><tr><td style="display: none">*</td><td>tenofovir alafenamide <span style="background: LightGoldenRodYellow; margin: 4px; border: 1px solid khaki"> (beta#EL9943AG5J)</span></td></tr></table><h3>Strengths</h3><table class="grid"><tr><td style="display: none">-</td><td><b>Presentation[x]</b></td><td><b>Basis</b></td></tr><tr><td style="display: none">*</td><td>25 mg<span style="background: LightGoldenRodYellow"> (Details: UCUM code mg = 'mg')</span></td><td>active ingredient - basis of strength <span style="background: LightGoldenRodYellow; margin: 4px; border: 1px solid khaki"> (<a href="http://terminology.hl7.org/5.3.0/CodeSystem-v3-RoleClass.html">RoleClass</a>#ACTIB)</span></td></tr></table></blockquote></div>
        </text>
        <identifier>
          <use value="official"/>
          <system value="https://gsrs.ncats.nih.gov/ginas/app/beta"/>
          <value value="EL9943AG5J"/>
        </identifier>
        <status value="active"/>
        <for>
          <reference value="ManufacturedItemDefinition/mid-94a96e39cfdcd8b378d12dd4063065f9"/>
        </for>
        <for>
          <reference value="MedicinalProductDefinition/mp2a9c4333cfd126f2e7b73ad3cafd6949"/>
        </for>
        <for>
          <reference value="AdministrableProductDefinition/ap-94a96e39cfdcd8b378d12dd4063065f9"/>
        </for>
        <role>
          <coding>
            <system value="https://spor.ema.europa.eu/rmswi"/>
            <code value="100000072072"/>
            <display value="Active"/>
          </coding>
        </role>
        <substance>
          <code>
            <concept>
              <coding>
                <system value="https://gsrs.ncats.nih.gov/ginas/app/beta"/>
                <code value="EL9943AG5J"/>
                <display value="tenofovir alafenamide"/>
              </coding>
            </concept>
          </code>
          <strength>
            <presentationQuantity>
              <value value="25"/>
              <system value="http://unitsofmeasure.org"/>
              <code value="mg"/>
            </presentationQuantity>
            <basis>
              <coding>
                <system value="http://terminology.hl7.org/CodeSystem/v3-RoleClass"/>
                <code value="ACTIB"/>
                <display value="active ingredient - basis of strength"/>
              </coding>
            </basis>
          </strength>
        </substance>
      </Ingredient>
    </resource>
  </entry>
  <entry>
    <fullUrl value="http://hl7.eu/fhir/ig/gravitate-health/Ingredient/ingredient-for-biktarvy-microcrystallinecellulose"/>
    <resource>
      <Ingredient>
        <id value="ingredient-for-biktarvy-microcrystallinecellulose"/>
        <meta>
          <profile value="http://hl7.org/fhir/uv/emedicinal-product-info/StructureDefinition/Ingredient-uv-epi"/>
        </meta>
        <text>
          <status value="generated"/><div xmlns="http://www.w3.org/1999/xhtml"><p><b>Generated Narrative: Ingredient</b><a name="ingredient-for-biktarvy-microcrystallinecellulose"> </a></p><div style="display: inline-block; background-color: #d9e0e7; padding: 6px; margin: 4px; border: 1px solid #8da1b4; border-radius: 5px; line-height: 60%"><p style="margin-bottom: 0px">Resource Ingredient &quot;ingredient-for-biktarvy-microcrystallinecellulose&quot; </p><p style="margin-bottom: 0px">Profile: <a href="https://build.fhir.org/ig/HL7/emedicinal-product-info//StructureDefinition-Ingredient-uv-epi.html">Ingredient (ePI)</a></p></div><p><b>identifier</b>: id: OP1R32D61U (use: OFFICIAL)</p><p><b>status</b>: active</p><p><b>for</b>: </p><ul><li><a href="#ManufacturedItemDefinition_mid-94a96e39cfdcd8b378d12dd4063065f9">See above (ManufacturedItemDefinition/mid-94a96e39cfdcd8b378d12dd4063065f9)</a></li><li><a href="#MedicinalProductDefinition_mp2a9c4333cfd126f2e7b73ad3cafd6949">See above (MedicinalProductDefinition/mp2a9c4333cfd126f2e7b73ad3cafd6949)</a></li><li><a href="#AdministrableProductDefinition_ap-94a96e39cfdcd8b378d12dd4063065f9">See above (AdministrableProductDefinition/ap-94a96e39cfdcd8b378d12dd4063065f9)</a></li></ul><p><b>role</b>: Excipient <span style="background: LightGoldenRodYellow; margin: 4px; border: 1px solid khaki"> (rmswi#100000072082)</span></p><blockquote><p><b>substance</b></p><h3>Codes</h3><table class="grid"><tr><td style="display: none">-</td><td><b>Concept</b></td></tr><tr><td style="display: none">*</td><td>Microcrystalline cellulose <span style="background: LightGoldenRodYellow; margin: 4px; border: 1px solid khaki"> (beta#OP1R32D61U)</span></td></tr></table></blockquote></div>
        </text>
        <identifier>
          <use value="official"/>
          <system value="https://gsrs.ncats.nih.gov/ginas/app/beta"/>
          <value value="OP1R32D61U"/>
        </identifier>
        <status value="active"/>
        <for>
          <reference value="ManufacturedItemDefinition/mid-94a96e39cfdcd8b378d12dd4063065f9"/>
        </for>
        <for>
          <reference value="MedicinalProductDefinition/mp2a9c4333cfd126f2e7b73ad3cafd6949"/>
        </for>
        <for>
          <reference value="AdministrableProductDefinition/ap-94a96e39cfdcd8b378d12dd4063065f9"/>
        </for>
        <role>
          <coding>
            <system value="https://spor.ema.europa.eu/rmswi"/>
            <code value="100000072082"/>
            <display value="Excipient"/>
          </coding>
        </role>
        <substance>
          <code>
            <concept>
              <coding>
                <system value="https://gsrs.ncats.nih.gov/ginas/app/beta"/>
                <code value="OP1R32D61U"/>
                <display value="Microcrystalline cellulose"/>
              </coding>
            </concept>
          </code>
        </substance>
      </Ingredient>
    </resource>
  </entry>
  <entry>
    <fullUrl value="http://hl7.eu/fhir/ig/gravitate-health/Ingredient/ingredient-for-biktarvy-croscarmellosesodium"/>
    <resource>
      <Ingredient>
        <id value="ingredient-for-biktarvy-croscarmellosesodium"/>
        <meta>
          <profile value="http://hl7.org/fhir/uv/emedicinal-product-info/StructureDefinition/Ingredient-uv-epi"/>
        </meta>
        <text>
          <status value="generated"/><div xmlns="http://www.w3.org/1999/xhtml"><p><b>Generated Narrative: Ingredient</b><a name="ingredient-for-biktarvy-croscarmellosesodium"> </a></p><div style="display: inline-block; background-color: #d9e0e7; padding: 6px; margin: 4px; border: 1px solid #8da1b4; border-radius: 5px; line-height: 60%"><p style="margin-bottom: 0px">Resource Ingredient &quot;ingredient-for-biktarvy-croscarmellosesodium&quot; </p><p style="margin-bottom: 0px">Profile: <a href="https://build.fhir.org/ig/HL7/emedicinal-product-info//StructureDefinition-Ingredient-uv-epi.html">Ingredient (ePI)</a></p></div><p><b>identifier</b>: id: M28OL1HH48 (use: OFFICIAL)</p><p><b>status</b>: active</p><p><b>for</b>: </p><ul><li><a href="#ManufacturedItemDefinition_mid-94a96e39cfdcd8b378d12dd4063065f9">See above (ManufacturedItemDefinition/mid-94a96e39cfdcd8b378d12dd4063065f9)</a></li><li><a href="#MedicinalProductDefinition_mp2a9c4333cfd126f2e7b73ad3cafd6949">See above (MedicinalProductDefinition/mp2a9c4333cfd126f2e7b73ad3cafd6949)</a></li><li><a href="#AdministrableProductDefinition_ap-94a96e39cfdcd8b378d12dd4063065f9">See above (AdministrableProductDefinition/ap-94a96e39cfdcd8b378d12dd4063065f9)</a></li></ul><p><b>role</b>: Excipient <span style="background: LightGoldenRodYellow; margin: 4px; border: 1px solid khaki"> (rmswi#100000072082)</span></p><blockquote><p><b>substance</b></p><h3>Codes</h3><table class="grid"><tr><td style="display: none">-</td><td><b>Concept</b></td></tr><tr><td style="display: none">*</td><td>Croscarmellose sodium <span style="background: LightGoldenRodYellow; margin: 4px; border: 1px solid khaki"> (beta#M28OL1HH48)</span></td></tr></table></blockquote></div>
        </text>
        <identifier>
          <use value="official"/>
          <system value="https://gsrs.ncats.nih.gov/ginas/app/beta"/>
          <value value="M28OL1HH48"/>
        </identifier>
        <status value="active"/>
        <for>
          <reference value="ManufacturedItemDefinition/mid-94a96e39cfdcd8b378d12dd4063065f9"/>
        </for>
        <for>
          <reference value="MedicinalProductDefinition/mp2a9c4333cfd126f2e7b73ad3cafd6949"/>
        </for>
        <for>
          <reference value="AdministrableProductDefinition/ap-94a96e39cfdcd8b378d12dd4063065f9"/>
        </for>
        <role>
          <coding>
            <system value="https://spor.ema.europa.eu/rmswi"/>
            <code value="100000072082"/>
            <display value="Excipient"/>
          </coding>
        </role>
        <substance>
          <code>
            <concept>
              <coding>
                <system value="https://gsrs.ncats.nih.gov/ginas/app/beta"/>
                <code value="M28OL1HH48"/>
                <display value="Croscarmellose sodium"/>
              </coding>
            </concept>
          </code>
        </substance>
      </Ingredient>
    </resource>
  </entry>
  <entry>
    <fullUrl value="http://hl7.eu/fhir/ig/gravitate-health/Ingredient/ingredient-for-biktarvy-magnesiumstearate"/>
    <resource>
      <Ingredient>
        <id value="ingredient-for-biktarvy-magnesiumstearate"/>
        <meta>
          <profile value="http://hl7.org/fhir/uv/emedicinal-product-info/StructureDefinition/Ingredient-uv-epi"/>
        </meta>
        <text>
          <status value="generated"/><div xmlns="http://www.w3.org/1999/xhtml"><p><b>Generated Narrative: Ingredient</b><a name="ingredient-for-biktarvy-magnesiumstearate"> </a></p><div style="display: inline-block; background-color: #d9e0e7; padding: 6px; margin: 4px; border: 1px solid #8da1b4; border-radius: 5px; line-height: 60%"><p style="margin-bottom: 0px">Resource Ingredient &quot;ingredient-for-biktarvy-magnesiumstearate&quot; </p><p style="margin-bottom: 0px">Profile: <a href="https://build.fhir.org/ig/HL7/emedicinal-product-info//StructureDefinition-Ingredient-uv-epi.html">Ingredient (ePI)</a></p></div><p><b>identifier</b>: id: 70097M6I30 (use: OFFICIAL)</p><p><b>status</b>: active</p><p><b>for</b>: </p><ul><li><a href="#ManufacturedItemDefinition_mid-94a96e39cfdcd8b378d12dd4063065f9">See above (ManufacturedItemDefinition/mid-94a96e39cfdcd8b378d12dd4063065f9)</a></li><li><a href="#MedicinalProductDefinition_mp2a9c4333cfd126f2e7b73ad3cafd6949">See above (MedicinalProductDefinition/mp2a9c4333cfd126f2e7b73ad3cafd6949)</a></li><li><a href="#AdministrableProductDefinition_ap-94a96e39cfdcd8b378d12dd4063065f9">See above (AdministrableProductDefinition/ap-94a96e39cfdcd8b378d12dd4063065f9)</a></li></ul><p><b>role</b>: Excipient <span style="background: LightGoldenRodYellow; margin: 4px; border: 1px solid khaki"> (rmswi#100000072082)</span></p><blockquote><p><b>substance</b></p><h3>Codes</h3><table class="grid"><tr><td style="display: none">-</td><td><b>Concept</b></td></tr><tr><td style="display: none">*</td><td>Magnesium stearate <span style="background: LightGoldenRodYellow; margin: 4px; border: 1px solid khaki"> (beta#70097M6I30)</span></td></tr></table></blockquote></div>
        </text>
        <identifier>
          <use value="official"/>
          <system value="https://gsrs.ncats.nih.gov/ginas/app/beta"/>
          <value value="70097M6I30"/>
        </identifier>
        <status value="active"/>
        <for>
          <reference value="ManufacturedItemDefinition/mid-94a96e39cfdcd8b378d12dd4063065f9"/>
        </for>
        <for>
          <reference value="MedicinalProductDefinition/mp2a9c4333cfd126f2e7b73ad3cafd6949"/>
        </for>
        <for>
          <reference value="AdministrableProductDefinition/ap-94a96e39cfdcd8b378d12dd4063065f9"/>
        </for>
        <role>
          <coding>
            <system value="https://spor.ema.europa.eu/rmswi"/>
            <code value="100000072082"/>
            <display value="Excipient"/>
          </coding>
        </role>
        <substance>
          <code>
            <concept>
              <coding>
                <system value="https://gsrs.ncats.nih.gov/ginas/app/beta"/>
                <code value="70097M6I30"/>
                <display value="Magnesium stearate"/>
              </coding>
            </concept>
          </code>
        </substance>
      </Ingredient>
    </resource>
  </entry>
  <entry>
    <fullUrl value="http://hl7.eu/fhir/ig/gravitate-health/AdministrableProductDefinition/ap-94a96e39cfdcd8b378d12dd4063065f9"/>
    <resource>
      <AdministrableProductDefinition>
        <id value="ap-94a96e39cfdcd8b378d12dd4063065f9"/>
        <meta>
          <profile value="http://hl7.org/fhir/uv/emedicinal-product-info/StructureDefinition/AdministrableProductDefinition-uv-epi"/>
        </meta>
        <text>
          <status value="generated"/><div xmlns="http://www.w3.org/1999/xhtml"><p><b>Generated Narrative: AdministrableProductDefinition</b><a name="ap-94a96e39cfdcd8b378d12dd4063065f9"> </a></p><div style="display: inline-block; background-color: #d9e0e7; padding: 6px; margin: 4px; border: 1px solid #8da1b4; border-radius: 5px; line-height: 60%"><p style="margin-bottom: 0px">Resource AdministrableProductDefinition &quot;ap-94a96e39cfdcd8b378d12dd4063065f9&quot; </p><p style="margin-bottom: 0px">Profile: <a href="https://build.fhir.org/ig/HL7/emedicinal-product-info//StructureDefinition-AdministrableProductDefinition-uv-epi.html">AdministrableProductDefinition (ePI)</a></p></div><p><b>identifier</b>: id: EU/1/18/1289/001</p><p><b>status</b>: active</p><p><b>formOf</b>: <a href="#MedicinalProductDefinition_mp2a9c4333cfd126f2e7b73ad3cafd6949">See above (MedicinalProductDefinition/mp2a9c4333cfd126f2e7b73ad3cafd6949)</a></p><p><b>administrableDoseForm</b>: Tablet <span style="background: LightGoldenRodYellow; margin: 4px; border: 1px solid khaki"> (rmswi#100000073664)</span></p><p><b>unitOfPresentation</b>: Tablet <span style="background: LightGoldenRodYellow; margin: 4px; border: 1px solid khaki"> (rmswi#200000002152)</span></p><p><b>producedFrom</b>: <a href="#ManufacturedItemDefinition_mid-94a96e39cfdcd8b378d12dd4063065f9">See above (ManufacturedItemDefinition/mid-94a96e39cfdcd8b378d12dd4063065f9)</a></p><blockquote><p><b>routeOfAdministration</b></p><p><b>code</b>: Oral use <span style="background: LightGoldenRodYellow; margin: 4px; border: 1px solid khaki"> (rmswi#100000073619)</span></p><h3>TargetSpecies</h3><table class="grid"><tr><td style="display: none">-</td><td><b>Code</b></td></tr><tr><td style="display: none">*</td><td>Human <span style="background: LightGoldenRodYellow; margin: 4px; border: 1px solid khaki"> (rmswi#100000109093)</span></td></tr></table></blockquote></div>
        </text>
        <identifier>
          <system value="https://spor.ema.europa.eu/pmswi"/>
          <value value="EU/1/18/1289/001"/>
        </identifier>
        <status value="active"/>
        <formOf>
          <reference value="MedicinalProductDefinition/mp2a9c4333cfd126f2e7b73ad3cafd6949"/>
        </formOf>
        <administrableDoseForm>
          <coding>
            <system value="https://spor.ema.europa.eu/rmswi"/>
            <code value="100000073664"/>
            <display value="Tablet"/>
          </coding>
        </administrableDoseForm>
        <unitOfPresentation>
          <coding>
            <system value="https://spor.ema.europa.eu/rmswi"/>
            <code value="200000002152"/>
            <display value="Tablet"/>
          </coding>
        </unitOfPresentation>
        <producedFrom>
          <reference value="ManufacturedItemDefinition/mid-94a96e39cfdcd8b378d12dd4063065f9"/>
        </producedFrom>
        <routeOfAdministration>
          <code>
            <coding>
              <system value="https://spor.ema.europa.eu/rmswi"/>
              <code value="100000073619"/>
              <display value="Oral use"/>
            </coding>
          </code>
          <targetSpecies>
            <code>
              <coding>
                <system value="https://spor.ema.europa.eu/rmswi"/>
                <code value="100000109093"/>
                <display value="Human"/>
              </coding>
            </code>
          </targetSpecies>
        </routeOfAdministration>
      </AdministrableProductDefinition>
    </resource>
  </entry>
  <entry>
    <fullUrl value="http://hl7.eu/fhir/ig/gravitate-health/RegulatedAuthorization/authorization94a96e39cfdcd8b378d12dd4063065f90"/>
    <resource>
      <RegulatedAuthorization>
        <id value="authorization94a96e39cfdcd8b378d12dd4063065f90"/>
        <meta>
          <profile value="http://hl7.org/fhir/uv/emedicinal-product-info/StructureDefinition/RegulatedAuthorization-uv-epi"/>
        </meta>
        <text>
          <status value="generated"/><div xmlns="http://www.w3.org/1999/xhtml"><p><b>Generated Narrative: RegulatedAuthorization</b><a name="authorization94a96e39cfdcd8b378d12dd4063065f90"> </a></p><div style="display: inline-block; background-color: #d9e0e7; padding: 6px; margin: 4px; border: 1px solid #8da1b4; border-radius: 5px; line-height: 60%"><p style="margin-bottom: 0px">Resource RegulatedAuthorization &quot;authorization94a96e39cfdcd8b378d12dd4063065f90&quot; </p><p style="margin-bottom: 0px">Profile: <a href="https://build.fhir.org/ig/HL7/emedicinal-product-info//StructureDefinition-RegulatedAuthorization-uv-epi.html">RegulatedAuthorization (ePI)</a></p></div><p><b>identifier</b>: id: EU/1/18/1289/001 (use: OFFICIAL)</p><p><b>subject</b>: <a href="#MedicinalProductDefinition_mp2a9c4333cfd126f2e7b73ad3cafd6949">See above (MedicinalProductDefinition/mp2a9c4333cfd126f2e7b73ad3cafd6949)</a></p><p><b>type</b>: Marketing Authorisation <span style="background: LightGoldenRodYellow; margin: 4px; border: 1px solid khaki"> (rmswi#220000000061)</span></p><p><b>status</b>: Active <span style="background: LightGoldenRodYellow; margin: 4px; border: 1px solid khaki"> (<a href="http://hl7.org/fhir/R5/codesystem-publication-status.html">PublicationStatus</a>#active)</span></p><p><b>statusDate</b>: 2018-06-21 13:28:17+0000</p><p><b>holder</b>: <a href="#Organization_mah-715f8a161ed438d0584510e5b4512caa">See above (Organization/mah-715f8a161ed438d0584510e5b4512caa)</a></p><p><b>regulator</b>: <a href="#Organization_mra-1133a7374c78f1d40f41885344f06a5a">See above (Organization/mra-1133a7374c78f1d40f41885344f06a5a)</a></p></div>
        </text>
        <identifier>
          <use value="official"/>
          <system value="https://spor.ema.europa.eu/pmswi"/>
          <value value="EU/1/18/1289/001"/>
        </identifier>
        <subject>
          <reference value="MedicinalProductDefinition/mp2a9c4333cfd126f2e7b73ad3cafd6949"/>
        </subject>
        <type>
          <coding>
            <system value="https://spor.ema.europa.eu/rmswi"/>
            <code value="220000000061"/>
            <display value="Marketing Authorisation"/>
          </coding>
        </type>
        <status>
          <coding>
            <system value="http://hl7.org/fhir/publication-status"/>
            <code value="active"/>
            <display value="Active"/>
          </coding>
        </status>
        <statusDate value="2018-06-21T13:28:17Z"/>
        <holder>
          <reference value="Organization/mah-715f8a161ed438d0584510e5b4512caa"/>
        </holder>
        <regulator>
          <reference value="Organization/mra-1133a7374c78f1d40f41885344f06a5a"/>
        </regulator>
      </RegulatedAuthorization>
    </resource>
  </entry>
  <entry>
    <fullUrl value="http://hl7.eu/fhir/ig/gravitate-health/Organization/mah-715f8a161ed438d0584510e5b4512caa"/>
    <resource>
      <Organization>
        <id value="mah-715f8a161ed438d0584510e5b4512caa"/>
        <meta>
          <profile value="http://hl7.org/fhir/uv/emedicinal-product-info/StructureDefinition/Organization-uv-epi"/>
        </meta>
        <text>
          <status value="generated"/><div xmlns="http://www.w3.org/1999/xhtml"><p><b>Generated Narrative: Organization</b><a name="mah-715f8a161ed438d0584510e5b4512caa"> </a></p><div style="display: inline-block; background-color: #d9e0e7; padding: 6px; margin: 4px; border: 1px solid #8da1b4; border-radius: 5px; line-height: 60%"><p style="margin-bottom: 0px">Resource Organization &quot;mah-715f8a161ed438d0584510e5b4512caa&quot; </p><p style="margin-bottom: 0px">Profile: <a href="https://build.fhir.org/ig/HL7/emedicinal-product-info//StructureDefinition-Organization-uv-epi.html">Organization (ePI)</a></p></div><p><b>identifier</b>: id: ORG-100008368 (use: OFFICIAL)</p><p><b>active</b>: true</p><p><b>type</b>: Marketing authorisation holder <span style="background: LightGoldenRodYellow; margin: 4px; border: 1px solid khaki"> (rmswi#220000000034)</span></p><p><b>name</b>: Gilead Sciences Ireland UC</p><h3>Contacts</h3><table class="grid"><tr><td style="display: none">-</td><td><b>Address</b></td></tr><tr><td style="display: none">*</td><td>Carrigtohill, County Cork, T45 County Cork IR(WORK)</td></tr></table></div>
        </text>
        <identifier>
          <use value="official"/>
          <system value="https://spor.ema.europa.eu/omswi"/>
          <value value="ORG-100008368"/>
        </identifier>
        <active value="true"/>
        <type>
          <coding>
            <system value="https://spor.ema.europa.eu/rmswi"/>
            <code value="220000000034"/>
            <display value="Marketing authorisation holder"/>
          </coding>
        </type>
        <name value="Gilead Sciences Ireland UC"/>
        <contact>
          <address>
            <use value="work"/>
            <type value="physical"/>
            <text value="Carrigtohill, County Cork, T45 County Cork IR"/>
            <line value="Carrigtohill, County Cork, T45"/>
            <city value="County Cork"/>
            <country value="IR"/>
          </address>
        </contact>
      </Organization>
    </resource>
  </entry>
  <entry>
    <fullUrl value="http://hl7.eu/fhir/ig/gravitate-health/Organization/mra-1133a7374c78f1d40f41885344f06a5a"/>
    <resource>
      <Organization>
        <id value="mra-1133a7374c78f1d40f41885344f06a5a"/>
        <meta>
          <profile value="http://hl7.org/fhir/uv/emedicinal-product-info/StructureDefinition/Organization-uv-epi"/>
        </meta>
        <text>
          <status value="generated"/><div xmlns="http://www.w3.org/1999/xhtml"><p><b>Generated Narrative: Organization</b><a name="mra-1133a7374c78f1d40f41885344f06a5a"> </a></p><div style="display: inline-block; background-color: #d9e0e7; padding: 6px; margin: 4px; border: 1px solid #8da1b4; border-radius: 5px; line-height: 60%"><p style="margin-bottom: 0px">Resource Organization &quot;mra-1133a7374c78f1d40f41885344f06a5a&quot; </p><p style="margin-bottom: 0px">Profile: <a href="https://build.fhir.org/ig/HL7/emedicinal-product-info//StructureDefinition-Organization-uv-epi.html">Organization (ePI)</a></p></div><p><b>identifier</b>: id: ORG-100013412 (use: OFFICIAL)</p><p><b>active</b>: true</p><p><b>type</b>: Medicines Regulatory Authority <span style="background: LightGoldenRodYellow; margin: 4px; border: 1px solid khaki"> (rmswi#220000000032)</span></p><p><b>name</b>: European Medicines Agency</p><h3>Contacts</h3><table class="grid"><tr><td style="display: none">-</td><td><b>Address</b></td></tr><tr><td style="display: none">*</td><td>Carretera De Martorell 41 61, Poligono Industrial Nord-Est Amsterdam NL(WORK)</td></tr></table></div>
        </text>
        <identifier>
          <use value="official"/>
          <system value="https://spor.ema.europa.eu/omswi"/>
          <value value="ORG-100013412"/>
        </identifier>
        <active value="true"/>
        <type>
          <coding>
            <system value="https://spor.ema.europa.eu/rmswi"/>
            <code value="220000000032"/>
            <display value="Medicines Regulatory Authority"/>
          </coding>
        </type>
        <name value="European Medicines Agency"/>
        <contact>
          <address>
            <use value="work"/>
            <type value="physical"/>
            <text value="Carretera De Martorell 41 61, Poligono Industrial Nord-Est Amsterdam NL"/>
            <line value="Carretera De Martorell 41 61, Poligono Industrial Nord-Est"/>
            <city value="Amsterdam"/>
            <postalCode value="1083 HS"/>
            <country value="NL"/>
          </address>
        </contact>
      </Organization>
    </resource>
  </entry>
  <entry>
    <fullUrl value="http://hl7.eu/fhir/ig/gravitate-health/PackagedProductDefinition/ppd-e34e4b65abd3fd8e667db05606cc25a9"/>
    <resource>
      <PackagedProductDefinition>
        <id value="ppd-e34e4b65abd3fd8e667db05606cc25a9"/>
        <meta>
          <profile value="http://hl7.org/fhir/uv/emedicinal-product-info/StructureDefinition/PackagedProductDefinition-uv-epi"/>
        </meta>
        <text>
          <status value="generated"/><div xmlns="http://www.w3.org/1999/xhtml"><p><b>Generated Narrative: PackagedProductDefinition</b><a name="ppd-e34e4b65abd3fd8e667db05606cc25a9"> </a></p><div style="display: inline-block; background-color: #d9e0e7; padding: 6px; margin: 4px; border: 1px solid #8da1b4; border-radius: 5px; line-height: 60%"><p style="margin-bottom: 0px">Resource PackagedProductDefinition &quot;ppd-e34e4b65abd3fd8e667db05606cc25a9&quot; </p><p style="margin-bottom: 0px">Profile: <a href="https://build.fhir.org/ig/HL7/emedicinal-product-info//StructureDefinition-PackagedProductDefinition-uv-epi.html">PackagedProductDefinition (ePI)</a></p></div><p><b>identifier</b>: id: EU/1/18/1289/001 (use: OFFICIAL)</p><p><b>name</b>: Biktarvy 50 mg/200 mg/25 mg film-coated tabletsmg powder for concentrate for solution for infusion 90</p><p><b>type</b>: Chemical Medicinal Product <span style="background: LightGoldenRodYellow; margin: 4px; border: 1px solid khaki"> (rmswi#100000155527)</span></p><p><b>packageFor</b>: <a href="#MedicinalProductDefinition_mp2a9c4333cfd126f2e7b73ad3cafd6949">See above (MedicinalProductDefinition/mp2a9c4333cfd126f2e7b73ad3cafd6949)</a></p><p><b>status</b>: Active <span style="background: LightGoldenRodYellow; margin: 4px; border: 1px solid khaki"> (<a href="http://hl7.org/fhir/R5/codesystem-publication-status.html">PublicationStatus</a>#active)</span></p><p><b>statusDate</b>: 2012-02-07 13:28:17+0000</p><blockquote><p><b>packaging</b></p><p><b>type</b>: Box <span style="background: LightGoldenRodYellow; margin: 4px; border: 1px solid khaki"> (rmswi#100000073498)</span></p><p><b>quantity</b>: 1</p><p><b>material</b>: Cardboard <span style="background: LightGoldenRodYellow; margin: 4px; border: 1px solid khaki"> (rmswi#200000003529)</span></p><blockquote><p><b>packaging</b></p><p><b>identifier</b>: id: 654321</p><p><b>type</b>: Child-resistant closure <span style="background: LightGoldenRodYellow; margin: 4px; border: 1px solid khaki"> (rmswi#100000073504)</span></p><p><b>quantity</b>: 90</p><p><b>material</b>: PolyVinyl Chloride <span style="background: LightGoldenRodYellow; margin: 4px; border: 1px solid khaki"> (rmswi#200000003222)</span></p><blockquote><p><b>containedItem</b></p></blockquote></blockquote></blockquote></div>
        </text>
        <identifier>
          <use value="official"/>
          <system value="https://spor.ema.europa.eu/pmswi"/>
          <value value="EU/1/18/1289/001"/>
        </identifier>
        <name value="Biktarvy 50 mg/200 mg/25 mg film-coated tabletsmg powder for concentrate for solution for infusion 90"/>
        <type>
          <coding>
            <system value="https://spor.ema.europa.eu/rmswi"/>
            <code value="100000155527"/>
            <display value="Chemical Medicinal Product"/>
          </coding>
        </type>
        <packageFor>
          <reference value="MedicinalProductDefinition/mp2a9c4333cfd126f2e7b73ad3cafd6949"/>
        </packageFor>
        <status>
          <coding>
            <system value="http://hl7.org/fhir/publication-status"/>
            <code value="active"/>
            <display value="Active"/>
          </coding>
        </status>
        <statusDate value="2012-02-07T13:28:17Z"/>
        <packaging>
          <type>
            <coding>
              <system value="https://spor.ema.europa.eu/rmswi"/>
              <code value="100000073498"/>
              <display value="Box"/>
            </coding>
          </type>
          <quantity value="1"/>
          <material>
            <coding>
              <system value="https://spor.ema.europa.eu/rmswi"/>
              <code value="200000003529"/>
              <display value="Cardboard"/>
            </coding>
          </material>
          <packaging>
            <identifier>
              <system value="https://spor.ema.europa.eu/pmswi"/>
              <value value="654321"/>
            </identifier>
            <type>
              <coding>
                <system value="https://spor.ema.europa.eu/rmswi"/>
                <code value="100000073504"/>
                <display value="Child-resistant closure"/>
              </coding>
            </type>
            <quantity value="90"/>
            <material>
              <coding>
                <system value="https://spor.ema.europa.eu/rmswi"/>
                <code value="200000003222"/>
                <display value="PolyVinyl Chloride"/>
              </coding>
            </material>
            <containedItem>
              <item>
                <reference>
                  <reference value="ManufacturedItemDefinition/mid-94a96e39cfdcd8b378d12dd4063065f9"/>
                </reference>
              </item>
            </containedItem>
          </packaging>
        </packaging>
      </PackagedProductDefinition>
    </resource>
  </entry>
  <entry>
    <fullUrl value="http://hl7.eu/fhir/ig/gravitate-health/PackagedProductDefinition/ppd-6d93344139a7793e7b9bd0f5e32b6c91"/>
    <resource>
      <PackagedProductDefinition>
        <id value="ppd-6d93344139a7793e7b9bd0f5e32b6c91"/>
        <meta>
          <profile value="http://hl7.org/fhir/uv/emedicinal-product-info/StructureDefinition/PackagedProductDefinition-uv-epi"/>
        </meta>
        <text>
          <status value="generated"/><div xmlns="http://www.w3.org/1999/xhtml"><p><b>Generated Narrative: PackagedProductDefinition</b><a name="ppd-6d93344139a7793e7b9bd0f5e32b6c91"> </a></p><div style="display: inline-block; background-color: #d9e0e7; padding: 6px; margin: 4px; border: 1px solid #8da1b4; border-radius: 5px; line-height: 60%"><p style="margin-bottom: 0px">Resource PackagedProductDefinition &quot;ppd-6d93344139a7793e7b9bd0f5e32b6c91&quot; </p><p style="margin-bottom: 0px">Profile: <a href="https://build.fhir.org/ig/HL7/emedicinal-product-info//StructureDefinition-PackagedProductDefinition-uv-epi.html">PackagedProductDefinition (ePI)</a></p></div><p><b>identifier</b>: id: EU/1/18/1289/001 (use: OFFICIAL)</p><p><b>name</b>: Biktarvy 50 mg/200 mg/25 mg film-coated tabletsmg powder for concentrate for solution for infusion 30</p><p><b>type</b>: Chemical Medicinal Product <span style="background: LightGoldenRodYellow; margin: 4px; border: 1px solid khaki"> (rmswi#100000155527)</span></p><p><b>packageFor</b>: <a href="#MedicinalProductDefinition_mp2a9c4333cfd126f2e7b73ad3cafd6949">See above (MedicinalProductDefinition/mp2a9c4333cfd126f2e7b73ad3cafd6949)</a></p><p><b>status</b>: Active <span style="background: LightGoldenRodYellow; margin: 4px; border: 1px solid khaki"> (<a href="http://hl7.org/fhir/R5/codesystem-publication-status.html">PublicationStatus</a>#active)</span></p><p><b>statusDate</b>: 2012-02-07 13:28:17+0000</p><blockquote><p><b>packaging</b></p><p><b>type</b>: Box <span style="background: LightGoldenRodYellow; margin: 4px; border: 1px solid khaki"> (rmswi#100000073498)</span></p><p><b>quantity</b>: 1</p><p><b>material</b>: Cardboard <span style="background: LightGoldenRodYellow; margin: 4px; border: 1px solid khaki"> (rmswi#200000003529)</span></p><blockquote><p><b>packaging</b></p><p><b>identifier</b>: id: 654321</p><p><b>type</b>: Child-resistant closure <span style="background: LightGoldenRodYellow; margin: 4px; border: 1px solid khaki"> (rmswi#100000073504)</span></p><p><b>quantity</b>: 30</p><p><b>material</b>: PolyVinyl Chloride <span style="background: LightGoldenRodYellow; margin: 4px; border: 1px solid khaki"> (rmswi#200000003222)</span></p><blockquote><p><b>containedItem</b></p></blockquote></blockquote></blockquote></div>
        </text>
        <identifier>
          <use value="official"/>
          <system value="https://spor.ema.europa.eu/pmswi"/>
          <value value="EU/1/18/1289/001"/>
        </identifier>
        <name value="Biktarvy 50 mg/200 mg/25 mg film-coated tabletsmg powder for concentrate for solution for infusion 30"/>
        <type>
          <coding>
            <system value="https://spor.ema.europa.eu/rmswi"/>
            <code value="100000155527"/>
            <display value="Chemical Medicinal Product"/>
          </coding>
        </type>
        <packageFor>
          <reference value="MedicinalProductDefinition/mp2a9c4333cfd126f2e7b73ad3cafd6949"/>
        </packageFor>
        <status>
          <coding>
            <system value="http://hl7.org/fhir/publication-status"/>
            <code value="active"/>
            <display value="Active"/>
          </coding>
        </status>
        <statusDate value="2012-02-07T13:28:17Z"/>
        <packaging>
          <type>
            <coding>
              <system value="https://spor.ema.europa.eu/rmswi"/>
              <code value="100000073498"/>
              <display value="Box"/>
            </coding>
          </type>
          <quantity value="1"/>
          <material>
            <coding>
              <system value="https://spor.ema.europa.eu/rmswi"/>
              <code value="200000003529"/>
              <display value="Cardboard"/>
            </coding>
          </material>
          <packaging>
            <identifier>
              <system value="https://spor.ema.europa.eu/pmswi"/>
              <value value="654321"/>
            </identifier>
            <type>
              <coding>
                <system value="https://spor.ema.europa.eu/rmswi"/>
                <code value="100000073504"/>
                <display value="Child-resistant closure"/>
              </coding>
            </type>
            <quantity value="30"/>
            <material>
              <coding>
                <system value="https://spor.ema.europa.eu/rmswi"/>
                <code value="200000003222"/>
                <display value="PolyVinyl Chloride"/>
              </coding>
            </material>
            <containedItem>
              <item>
                <reference>
                  <reference value="ManufacturedItemDefinition/mid-94a96e39cfdcd8b378d12dd4063065f9"/>
                </reference>
              </item>
            </containedItem>
          </packaging>
        </packaging>
      </PackagedProductDefinition>
    </resource>
  </entry>
  <entry>
    <fullUrl value="http://hl7.eu/fhir/ig/gravitate-health/MedicinalProductDefinition/mp2a9c4333cfd126f2e7b73ad3cafd6949"/>
    <resource>
      <MedicinalProductDefinition>
        <id value="mp2a9c4333cfd126f2e7b73ad3cafd6949"/>
        <meta>
          <profile value="http://hl7.org/fhir/uv/emedicinal-product-info/StructureDefinition/MedicinalProductDefinition-uv-epi"/>
        </meta>
        <text>
          <status value="generated"/><div xmlns="http://www.w3.org/1999/xhtml"><p><b>Generated Narrative: MedicinalProductDefinition</b><a name="mp2a9c4333cfd126f2e7b73ad3cafd6949"> </a></p><div style="display: inline-block; background-color: #d9e0e7; padding: 6px; margin: 4px; border: 1px solid #8da1b4; border-radius: 5px; line-height: 60%"><p style="margin-bottom: 0px">Resource MedicinalProductDefinition &quot;mp2a9c4333cfd126f2e7b73ad3cafd6949&quot; </p><p style="margin-bottom: 0px">Profile: <a href="https://build.fhir.org/ig/HL7/emedicinal-product-info//StructureDefinition-MedicinalProductDefinition-uv-epi.html">MedicinalProductDefinition (ePI)</a></p></div><p><b>identifier</b>: id: EU/1/18/1289/001, id: 0xF79CABF272B6A7EEF104DDDA44E827gy</p><p><b>type</b>: Medicinal Product <span style="background: LightGoldenRodYellow; margin: 4px; border: 1px solid khaki"> (<a href="http://hl7.org/fhir/R5/codesystem-medicinal-product-type.html">Medicinal Product Type</a>#MedicinalProduct)</span></p><p><b>domain</b>: Human use <span style="background: LightGoldenRodYellow; margin: 4px; border: 1px solid khaki"> (<a href="http://hl7.org/fhir/R5/codesystem-medicinal-product-domain.html">Medicinal Product Domain</a>#Human)</span></p><p><b>status</b>: active <span style="background: LightGoldenRodYellow; margin: 4px; border: 1px solid khaki"> (<a href="http://hl7.org/fhir/R5/codesystem-publication-status.html">PublicationStatus</a>#active)</span></p><p><b>legalStatusOfSupply</b>: Medicinal product subject to medical prescription <span style="background: LightGoldenRodYellow; margin: 4px; border: 1px solid khaki"> (rmswi#100000072084)</span></p><blockquote><p><b>name</b></p><p><b>productName</b>: Biktarvy 50 mg/200 mg/25 mg film-coated tabletsmg powder for concentrate for solution for infusion</p><p><b>type</b>: Full name <span style="background: LightGoldenRodYellow; margin: 4px; border: 1px solid khaki"> (220000000000#220000000001)</span></p><blockquote><p><b>part</b></p><p><b>part</b>: Biktarvy</p><p><b>type</b>: Invented name part <span style="background: LightGoldenRodYellow; margin: 4px; border: 1px solid khaki"> (220000000000#220000000002)</span></p></blockquote><blockquote><p><b>part</b></p><p><b>part</b>: bictegravir/emtricitabine/tenofovir alafenamide</p><p><b>type</b>: Scientific name part <span style="background: LightGoldenRodYellow; margin: 4px; border: 1px solid khaki"> (220000000000#220000000003)</span></p></blockquote><blockquote><p><b>part</b></p><p><b>part</b>: 50 mg/200 mg/25 mg</p><p><b>type</b>: Strength part <span style="background: LightGoldenRodYellow; margin: 4px; border: 1px solid khaki"> (220000000000#220000000004)</span></p></blockquote><blockquote><p><b>part</b></p><p><b>part</b>: film-coated tablets</p><p><b>type</b>: Pharmaceutical dose form part <span style="background: LightGoldenRodYellow; margin: 4px; border: 1px solid khaki"> (220000000000#220000000005)</span></p></blockquote><h3>Usages</h3><table class="grid"><tr><td style="display: none">-</td><td><b>Country</b></td><td><b>Jurisdiction</b></td><td><b>Language</b></td></tr><tr><td style="display: none">*</td><td>United Kingdom <span style="background: LightGoldenRodYellow; margin: 4px; border: 1px solid khaki"> (<a href="http://terminology.hl7.org/5.3.0/CodeSystem-ISO3166Part1.html">ISO 3166-1 Codes for the representation of names of countries and their subdivisions — Part 1: Country code</a>#GBR)</span></td><td>United Kingdom <span style="background: LightGoldenRodYellow; margin: 4px; border: 1px solid khaki"> (<a href="http://terminology.hl7.org/5.3.0/CodeSystem-ISO3166Part1.html">ISO 3166-1 Codes for the representation of names of countries and their subdivisions — Part 1: Country code</a>#GBR)</span></td><td>English <span style="background: LightGoldenRodYellow; margin: 4px; border: 1px solid khaki"> (<a href="http://terminology.hl7.org/5.3.0/CodeSystem-v3-ietf3066.html">Tags for the Identification of Languages</a>#en)</span></td></tr></table></blockquote></div>
        </text>
        <identifier>
          <system value="https://spor.ema.europa.eu/pmswi"/>
          <value value="EU/1/18/1289/001"/>
        </identifier>
        <identifier>
          <system value="https://www.who-umc.org/phpid"/>
          <value value="0xF79CABF272B6A7EEF104DDDA44E827gy"/>
        </identifier>
        <type>
          <coding>
            <system value="http://hl7.org/fhir/medicinal-product-type"/>
            <code value="MedicinalProduct"/>
            <display value="Medicinal Product"/>
          </coding>
        </type>
        <domain>
          <coding>
            <system value="http://hl7.org/fhir/medicinal-product-domain"/>
            <code value="Human"/>
            <display value="Human use"/>
          </coding>
        </domain>
        <status>
          <coding>
            <system value="http://hl7.org/fhir/publication-status"/>
            <code value="active"/>
            <display value="active"/>
          </coding>
        </status>
        <legalStatusOfSupply>
          <coding>
            <system value="https://spor.ema.europa.eu/rmswi"/>
            <code value="100000072084"/>
            <display value="Medicinal product subject to medical prescription"/>
          </coding>
        </legalStatusOfSupply>
        <name>
          <productName value="Biktarvy 50 mg/200 mg/25 mg film-coated tabletsmg powder for concentrate for solution for infusion"/>
          <type>
            <coding>
              <system value="https://spor.ema.europa.eu/lists/220000000000"/>
              <code value="220000000001"/>
              <display value="Full name"/>
            </coding>
          </type>
          <part>
            <part value="Biktarvy"/>
            <type>
              <coding>
                <system value="https://spor.ema.europa.eu/lists/220000000000"/>
                <code value="220000000002"/>
                <display value="Invented name part"/>
              </coding>
            </type>
          </part>
          <part>
            <part value="bictegravir/emtricitabine/tenofovir alafenamide"/>
            <type>
              <coding>
                <system value="https://spor.ema.europa.eu/lists/220000000000"/>
                <code value="220000000003"/>
                <display value="Scientific name part"/>
              </coding>
            </type>
          </part>
          <part>
            <part value="50 mg/200 mg/25 mg"/>
            <type>
              <coding>
                <system value="https://spor.ema.europa.eu/lists/220000000000"/>
                <code value="220000000004"/>
                <display value="Strength part"/>
              </coding>
            </type>
          </part>
          <part>
            <part value="film-coated tablets"/>
            <type>
              <coding>
                <system value="https://spor.ema.europa.eu/lists/220000000000"/>
                <code value="220000000005"/>
                <display value="Pharmaceutical dose form part"/>
              </coding>
            </type>
          </part>
          <usage>
            <country>
              <coding>
                <system value="urn:iso:std:iso:3166"/>
                <code value="GBR"/>
                <display value="United Kingdom"/>
              </coding>
            </country>
            <jurisdiction>
              <coding>
                <system value="urn:iso:std:iso:3166"/>
                <code value="GBR"/>
                <display value="United Kingdom"/>
              </coding>
            </jurisdiction>
            <language>
              <coding>
                <system value="urn:ietf:bcp:47"/>
                <code value="en"/>
                <display value="English"/>
              </coding>
            </language>
          </usage>
        </name>
      </MedicinalProductDefinition>
    </resource>
  </entry>
  <entry>
    <fullUrl value="http://hl7.eu/fhir/ig/gravitate-health/ManufacturedItemDefinition/mid-94a96e39cfdcd8b378d12dd4063065f9"/>
    <resource>
      <ManufacturedItemDefinition>
        <id value="mid-94a96e39cfdcd8b378d12dd4063065f9"/>
        <meta>
          <profile value="http://hl7.org/fhir/uv/emedicinal-product-info/StructureDefinition/ManufacturedItemDefinition-uv-epi"/>
        </meta>
        <text>
          <status value="generated"/><div xmlns="http://www.w3.org/1999/xhtml"><p><b>Generated Narrative: ManufacturedItemDefinition</b><a name="mid-94a96e39cfdcd8b378d12dd4063065f9"> </a></p><div style="display: inline-block; background-color: #d9e0e7; padding: 6px; margin: 4px; border: 1px solid #8da1b4; border-radius: 5px; line-height: 60%"><p style="margin-bottom: 0px">Resource ManufacturedItemDefinition &quot;mid-94a96e39cfdcd8b378d12dd4063065f9&quot; </p><p style="margin-bottom: 0px">Profile: <a href="https://build.fhir.org/ig/HL7/emedicinal-product-info//StructureDefinition-ManufacturedItemDefinition-uv-epi.html">ManufacturedItemDefinition (ePI)</a></p></div><p><b>identifier</b>: id: EU/1/18/1289/001 (use: OFFICIAL)</p><p><b>status</b>: active</p><p><b>manufacturedDoseForm</b>: Tablet <span style="background: LightGoldenRodYellow; margin: 4px; border: 1px solid khaki"> (#100000073664)</span></p><p><b>unitOfPresentation</b>: Tablet <span style="background: LightGoldenRodYellow; margin: 4px; border: 1px solid khaki"> (rmswi#200000002152)</span></p></div>
        </text>
        <identifier>
          <use value="official"/>
          <system value="https://spor.ema.europa.eu/pmswi"/>
          <value value="EU/1/18/1289/001"/>
        </identifier>
        <status value="active"/>
        <manufacturedDoseForm>
          <coding>
            <system value="https://spor.ema.europa.eu/rmswi/"/>
            <code value="100000073664"/>
            <display value="Tablet"/>
          </coding>
        </manufacturedDoseForm>
        <unitOfPresentation>
          <coding>
            <system value="https://spor.ema.europa.eu/rmswi"/>
            <code value="200000002152"/>
            <display value="Tablet"/>
          </coding>
        </unitOfPresentation>
      </ManufacturedItemDefinition>
    </resource>
  </entry>
</Bundle>