<?xml version="1.0" encoding="UTF-8"?>

<Composition xmlns="http://hl7.org/fhir">
  <id value="composition-en-534e209eb0a3ff60437639cb2015316f"/>
  <meta>
    <profile value="http://hl7.org/fhir/uv/emedicinal-product-info/StructureDefinition/Composition-uv-epi"/>
  </meta>
  <language value="en"/>
  <text>
    <status value="generated"/><div xmlns="http://www.w3.org/1999/xhtml" xml:lang="en" lang="en"><p><b>Generated Narrative: Composition</b><a name="composition-en-534e209eb0a3ff60437639cb2015316f"> </a></p><div style="display: inline-block; background-color: #d9e0e7; padding: 6px; margin: 4px; border: 1px solid #8da1b4; border-radius: 5px; line-height: 60%"><p style="margin-bottom: 0px">Resource Composition &quot;composition-en-534e209eb0a3ff60437639cb2015316f&quot;  (Language &quot;en&quot;) </p><p style="margin-bottom: 0px">Profile: <a href="https://build.fhir.org/ig/HL7/emedicinal-product-info//StructureDefinition-Composition-uv-epi.html">Composition (ePI)</a></p></div><p><b>identifier</b>: id: c5848bd9bdfc9ac72d12e6dc6dcddf4a</p><p><b>status</b>: final</p><p><b>type</b>: Package Leaflet <span style="background: LightGoldenRodYellow; margin: 4px; border: 1px solid khaki"> (#100000155538)</span></p><p><b>category</b>: Raw <span style="background: LightGoldenRodYellow; margin: 4px; border: 1px solid khaki"> (<a href="CodeSystem-epicategory-cs.html">Category of EPI</a>#R)</span></p><p><b>date</b>: 2022-02-16 13:28:17+0000</p><p><b>author</b>: <a href="Organization-mah-2aff7154a8d952c895e8a03849a25108.html">Organization/mah-2aff7154a8d952c895e8a03849a25108</a> &quot;ACME industry&quot;</p><p><b>title</b>: TEST PURPOSES ONLY - acmedrug-man</p><h3>Attesters</h3><table class="grid"><tr><td style="display: none">-</td><td><b>Mode</b></td><td><b>Time</b></td></tr><tr><td style="display: none">*</td><td>Official <span style="background: LightGoldenRodYellow; margin: 4px; border: 1px solid khaki"> (<a href="http://hl7.org/fhir/R5/codesystem-composition-attestation-mode.html">Composition Attestation Mode</a>#official)</span></td><td>2022-02-16 13:28:17+0000</td></tr></table></div>
  </text>
  <identifier>
    <system value="https://spor.ema.europa.eu/rmswi/"/>
    <value value="c5848bd9bdfc9ac72d12e6dc6dcddf4a"/>
  </identifier>
  <status value="final"/>
  <type>
    <coding>
      <system value="https://spor.ema.europa.eu/rmswi/"/>
      <code value="100000155538"/>
    </coding>
    <text value="Package Leaflet"/>
  </type>
  <category>
    <coding>
      <system value="http://hl7.eu/fhir/ig/gravitate-health/CodeSystem/epicategory-cs"/>
      <code value="R"/>
      <display value="Raw"/>
    </coding>
  </category>
  <subject>
    <reference value="MedicinalProductDefinition/mp534e209eb0a3ff60437639cb2015316f"/>
  </subject>
  <date value="2022-02-16T13:28:17Z"/>
  <author>
    <reference value="Organization/mah-2aff7154a8d952c895e8a03849a25108"/>
  </author>
  <title value="TEST PURPOSES ONLY - acmedrug-man"/>
  <attester>
    <mode>
      <coding>
        <system value="http://hl7.org/fhir/composition-attestation-mode"/>
        <code value="official"/>
      </coding>
    </mode>
    <time value="2022-02-16T13:28:17Z"/>
  </attester>
  <section>
    <title value="B. Package Leaflet"/>
    <code>
      <coding>
        <system value="https://spor.ema.europa.eu/rmswi/"/>
        <code value="100000155538"/>
      </coding>
      <text value="B. PACKAGE LEAFLET"/>
    </code>
    <text>
      <status value="additional"/><div xmlns="http://www.w3.org/1999/xhtml">unavailable</div>
    </text>
    <emptyReason>
      <coding>
        <system value="http://terminology.hl7.org/CodeSystem/list-empty-reason"/>
        <code value="unavailable"/>
      </coding>
    </emptyReason>
    <section>
      <title value="Package leaflet: Information for the user"/>
      <code>
        <coding>
          <system value="https://spor.ema.europa.eu/rmswi/"/>
          <code value="100000155538"/>
        </coding>
        <text value="Package leaflet: Information for the user"/>
      </code>
      <text>
        <status value="additional"/><div xmlns="http://www.w3.org/1999/xhtml">unavailable</div>
      </text>
      <emptyReason>
        <coding>
          <system value="http://terminology.hl7.org/CodeSystem/list-empty-reason"/>
          <code value="unavailable"/>
        </coding>
      </emptyReason>
    </section>
    <section>
      <title value="What is in this leaflet"/>
      <code>
        <coding>
          <system value="https://spor.ema.europa.eu/rmswi/"/>
          <code value="100000155538"/>
        </coding>
        <text value="What is in this leaflet"/>
      </code>
      <text>
        <status value="additional"/><div xmlns="http://www.w3.org/1999/xhtml">unavailable</div>
      </text>
      <emptyReason>
        <coding>
          <system value="http://terminology.hl7.org/CodeSystem/list-empty-reason"/>
          <code value="unavailable"/>
        </coding>
      </emptyReason>
    </section>
    <section>
      <title value="1. What 0 is and what it is used for"/>
      <code>
        <coding>
          <system value="https://spor.ema.europa.eu/rmswi/"/>
          <code value="100000155538"/>
        </coding>
        <text value="1. What 0 is and what it is used for"/>
      </code>
      <text>
        <status value="additional"/><div xmlns="http://www.w3.org/1999/xhtml">unavailable</div>
      </text>
      <emptyReason>
        <coding>
          <system value="http://terminology.hl7.org/CodeSystem/list-empty-reason"/>
          <code value="unavailable"/>
        </coding>
      </emptyReason>
    </section>
    <section>
      <title value="2. What you need to know before you take 0"/>
      <code>
        <coding>
          <system value="https://spor.ema.europa.eu/rmswi/"/>
          <code value="100000155538"/>
        </coding>
        <text value="2. What you need to know before you take 0"/>
      </code>
      <text>
        <status value="additional"/><div xmlns="http://www.w3.org/1999/xhtml">unavailable</div>
      </text>
      <emptyReason>
        <coding>
          <system value="http://terminology.hl7.org/CodeSystem/list-empty-reason"/>
          <code value="unavailable"/>
        </coding>
      </emptyReason>
    </section>
    <section>
      <title value="3. How to take 0"/>
      <code>
        <coding>
          <system value="https://spor.ema.europa.eu/rmswi/"/>
          <code value="100000155538"/>
        </coding>
        <text value="3. How to take 0"/>
      </code>
      <text>
        <status value="additional"/><div xmlns="http://www.w3.org/1999/xhtml">unavailable</div>
      </text>
      <emptyReason>
        <coding>
          <system value="http://terminology.hl7.org/CodeSystem/list-empty-reason"/>
          <code value="unavailable"/>
        </coding>
      </emptyReason>
    </section>
    <section>
      <title value="4. Possible side effects"/>
      <code>
        <coding>
          <system value="https://spor.ema.europa.eu/rmswi/"/>
          <code value="100000155538"/>
        </coding>
        <text value="4. Possible side effects"/>
      </code>
      <text>
        <status value="additional"/><div xmlns="http://www.w3.org/1999/xhtml">unavailable</div>
      </text>
      <emptyReason>
        <coding>
          <system value="http://terminology.hl7.org/CodeSystem/list-empty-reason"/>
          <code value="unavailable"/>
        </coding>
      </emptyReason>
    </section>
    <section>
      <title value="5. How to store 0"/>
      <code>
        <coding>
          <system value="https://spor.ema.europa.eu/rmswi/"/>
          <code value="100000155538"/>
        </coding>
        <text value="5. How to store 0"/>
      </code>
      <text>
        <status value="additional"/><div xmlns="http://www.w3.org/1999/xhtml">unavailable</div>
      </text>
      <emptyReason>
        <coding>
          <system value="http://terminology.hl7.org/CodeSystem/list-empty-reason"/>
          <code value="unavailable"/>
        </coding>
      </emptyReason>
    </section>
    <section>
      <title value="6. Contents of the pack and other information"/>
      <code>
        <coding>
          <system value="https://spor.ema.europa.eu/rmswi/"/>
          <code value="100000155538"/>
        </coding>
        <text value="6. Contents of the pack and other information"/>
      </code>
      <text>
        <status value="additional"/><div xmlns="http://www.w3.org/1999/xhtml">unavailable</div>
      </text>
      <emptyReason>
        <coding>
          <system value="http://terminology.hl7.org/CodeSystem/list-empty-reason"/>
          <code value="unavailable"/>
        </coding>
      </emptyReason>
    </section>
  </section>
</Composition>