<?xml version="1.0" encoding="UTF-8"?>

<Ingredient xmlns="http://hl7.org/fhir">
  <id value="ingredient-for-flucelvax-potassiumdihydrogenphosphate"/>
  <meta>
    <profile value="http://hl7.org/fhir/uv/emedicinal-product-info/StructureDefinition/Ingredient-uv-epi"/>
  </meta>
  <text>
    <status value="generated"/><div xmlns="http://www.w3.org/1999/xhtml"><p><b>Generated Narrative: Ingredient</b><a name="ingredient-for-flucelvax-potassiumdihydrogenphosphate"> </a></p><div style="display: inline-block; background-color: #d9e0e7; padding: 6px; margin: 4px; border: 1px solid #8da1b4; border-radius: 5px; line-height: 60%"><p style="margin-bottom: 0px">Resource Ingredient &quot;ingredient-for-flucelvax-potassiumdihydrogenphosphate&quot; </p><p style="margin-bottom: 0px">Profile: <a href="https://build.fhir.org/ig/HL7/emedicinal-product-info//StructureDefinition-Ingredient-uv-epi.html">Ingredient (ePI)</a></p></div><p><b>identifier</b>: id: 4J9FJ0HL51 (use: OFFICIAL)</p><p><b>status</b>: active</p><p><b>for</b>: </p><ul><li><a href="ManufacturedItemDefinition-mid-04c9bd6fb89d38b2d83eced2460c4dc1.html">ManufacturedItemDefinition/mid-04c9bd6fb89d38b2d83eced2460c4dc1</a></li><li><a href="MedicinalProductDefinition-mpb6ced64d25ea2c8da6c6099386f14db1.html">MedicinalProductDefinition/mpb6ced64d25ea2c8da6c6099386f14db1</a></li><li><a href="AdministrableProductDefinition-ap-04c9bd6fb89d38b2d83eced2460c4dc1.html">AdministrableProductDefinition/ap-04c9bd6fb89d38b2d83eced2460c4dc1</a></li></ul><p><b>role</b>: Excipient <span style="background: LightGoldenRodYellow; margin: 4px; border: 1px solid khaki"> (rmswi#100000072082)</span></p><blockquote><p><b>substance</b></p><h3>Codes</h3><table class="grid"><tr><td style="display: none">-</td><td><b>Concept</b></td></tr><tr><td style="display: none">*</td><td>Potassium dihydrogen phosphate <span style="background: LightGoldenRodYellow; margin: 4px; border: 1px solid khaki"> (beta#4J9FJ0HL51)</span></td></tr></table></blockquote></div>
  </text>
  <identifier>
    <use value="official"/>
    <system value="https://gsrs.ncats.nih.gov/ginas/app/beta"/>
    <value value="4J9FJ0HL51"/>
  </identifier>
  <status value="active"/>
  <for>
    <reference value="ManufacturedItemDefinition/mid-04c9bd6fb89d38b2d83eced2460c4dc1"/>
  </for>
  <for>
    <reference value="MedicinalProductDefinition/mpb6ced64d25ea2c8da6c6099386f14db1"/>
  </for>
  <for>
    <reference value="AdministrableProductDefinition/ap-04c9bd6fb89d38b2d83eced2460c4dc1"/>
  </for>
  <role>
    <coding>
      <system value="https://spor.ema.europa.eu/rmswi"/>
      <code value="100000072082"/>
      <display value="Excipient"/>
    </coding>
  </role>
  <substance>
    <code>
      <concept>
        <coding>
          <system value="https://gsrs.ncats.nih.gov/ginas/app/beta"/>
          <code value="4J9FJ0HL51"/>
          <display value="Potassium dihydrogen phosphate"/>
        </coding>
      </concept>
    </code>
  </substance>
</Ingredient>