<?xml version="1.0" encoding="UTF-8"?>

<RegulatedAuthorization xmlns="http://hl7.org/fhir">
  <id value="authorizatione2464a7d3d627b9df9bef5bc3b263fb40"/>
  <meta>
    <profile value="http://hl7.org/fhir/uv/emedicinal-product-info/StructureDefinition/RegulatedAuthorization-uv-epi"/>
  </meta>
  <text>
    <status value="generated"/><div xmlns="http://www.w3.org/1999/xhtml"><p><b>Generated Narrative: RegulatedAuthorization</b><a name="authorizatione2464a7d3d627b9df9bef5bc3b263fb40"> </a></p><div style="display: inline-block; background-color: #d9e0e7; padding: 6px; margin: 4px; border: 1px solid #8da1b4; border-radius: 5px; line-height: 60%"><p style="margin-bottom: 0px">Resource RegulatedAuthorization &quot;authorizatione2464a7d3d627b9df9bef5bc3b263fb40&quot; </p><p style="margin-bottom: 0px">Profile: <a href="https://build.fhir.org/ig/HL7/emedicinal-product-info//StructureDefinition-RegulatedAuthorization-uv-epi.html">RegulatedAuthorization (ePI)</a></p></div><p><b>identifier</b>: id: EU/1/16/1157/001 (use: OFFICIAL)</p><p><b>subject</b>: <a href="PackagedProductDefinition-ppd-f1cc049dd00785b744b0e0fb928c8569.html">PackagedProductDefinition/ppd-f1cc049dd00785b744b0e0fb928c8569</a> &quot;Suliqua 100 units/ml + 50 micrograms/ml solution for injection in a pre-filled pen 3&quot;</p><p><b>type</b>: Marketing Authorisation <span style="background: LightGoldenRodYellow; margin: 4px; border: 1px solid khaki"> (rmswi#220000000061)</span></p><p><b>status</b>: Active <span style="background: LightGoldenRodYellow; margin: 4px; border: 1px solid khaki"> (<a href="http://hl7.org/fhir/R5/codesystem-publication-status.html">PublicationStatus</a>#active)</span></p><p><b>statusDate</b>: 2017-01-11 13:28:17+0000</p><p><b>holder</b>: <a href="Organization-mah-16019cea3a857659d2c5a2018c2260df.html">Organization/mah-16019cea3a857659d2c5a2018c2260df</a> &quot;Sanofi-Aventis Groupe&quot;</p></div>
  </text>
  <identifier>
    <use value="official"/>
    <system value="https://spor.ema.europa.eu/pmswi"/>
    <value value="EU/1/16/1157/001"/>
  </identifier>
  <subject>
    <reference value="PackagedProductDefinition/ppd-f1cc049dd00785b744b0e0fb928c8569"/>
  </subject>
  <type>
    <coding>
      <system value="https://spor.ema.europa.eu/rmswi"/>
      <code value="220000000061"/>
      <display value="Marketing Authorisation"/>
    </coding>
  </type>
  <status>
    <coding>
      <system value="http://hl7.org/fhir/publication-status"/>
      <code value="active"/>
      <display value="Active"/>
    </coding>
  </status>
  <statusDate value="2017-01-11T13:28:17Z"/>
  <holder>
    <reference value="Organization/mah-16019cea3a857659d2c5a2018c2260df"/>
  </holder>
</RegulatedAuthorization>