<?xml version="1.0" encoding="UTF-8"?>

<SubstanceDefinition xmlns="http://hl7.org/fhir">
  <id value="substance-insulinlispro"/>
  <meta>
    <profile value="http://hl7.org/fhir/uv/emedicinal-product-info/StructureDefinition/SubstanceDefinition-uv-epi"/>
  </meta>
  <text>
    <status value="generated"/><div xmlns="http://www.w3.org/1999/xhtml"><p><b>Generated Narrative: SubstanceDefinition</b><a name="substance-insulinlispro"> </a></p><div style="display: inline-block; background-color: #d9e0e7; padding: 6px; margin: 4px; border: 1px solid #8da1b4; border-radius: 5px; line-height: 60%"><p style="margin-bottom: 0px">Resource SubstanceDefinition &quot;substance-insulinlispro&quot; </p><p style="margin-bottom: 0px">Profile: <a href="https://build.fhir.org/ig/HL7/emedicinal-product-info//StructureDefinition-SubstanceDefinition-uv-epi.html">SubstanceDefinition (ePI)</a></p></div><p><b>identifier</b>: id: GFX7QIS1II (use: OFFICIAL)</p><p><b>version</b>: 1</p><p><b>status</b>: Active <span style="background: LightGoldenRodYellow; margin: 4px; border: 1px solid khaki"> (<a href="http://hl7.org/fhir/R5/codesystem-publication-status.html">PublicationStatus</a>#active)</span></p><p><b>manufacturer</b>: <a href="Organization-mah-3fdc76794516d7826890ab9f893e99c1.html">Organization/mah-3fdc76794516d7826890ab9f893e99c1</a> &quot;Eli Lilly Nederland B.V.&quot;</p><h3>Structures</h3><table class="grid"><tr><td style="display: none">-</td><td><b>MolecularFormula</b></td></tr><tr><td style="display: none">*</td><td>C257H382O75N65S6</td></tr></table><h3>Names</h3><table class="grid"><tr><td style="display: none">-</td><td><b>Name</b></td></tr><tr><td style="display: none">*</td><td>28(SUP B)-L-LYSINE-29(SUP B)-L-PROLINEINSULIN (HUMAN)</td></tr></table></div>
  </text>
  <identifier>
    <use value="official"/>
    <system value="https://gsrs.ncats.nih.gov/ginas/app/beta/"/>
    <value value="GFX7QIS1II"/>
  </identifier>
  <version value="1"/>
  <status>
    <coding>
      <system value="http://hl7.org/fhir/publication-status"/>
      <code value="active"/>
    </coding>
  </status>
  <manufacturer>
    <reference value="Organization/mah-3fdc76794516d7826890ab9f893e99c1"/>
  </manufacturer>
  <structure>
    <molecularFormula value="C257H382O75N65S6"/>
  </structure>
  <name>
    <name value="28(SUP B)-L-LYSINE-29(SUP B)-L-PROLINEINSULIN (HUMAN)"/>
  </name>
</SubstanceDefinition>