{
  "resourceType" : "ClinicalUseDefinition",
  "id" : "cud-4fce9d5258f70f7d605059f97c24efa8",
  "meta" : {
    "profile" : ["http://hl7.org/fhir/uv/emedicinal-product-info/StructureDefinition/ClinicalUseDefinition-interaction-uv-epi"]
  },
  "text" : {
    "status" : "generated",
    "div" : "<div xmlns=\"http://www.w3.org/1999/xhtml\"><p><b>Generated Narrative: ClinicalUseDefinition</b><a name=\"cud-4fce9d5258f70f7d605059f97c24efa8\"> </a></p><div style=\"display: inline-block; background-color: #d9e0e7; padding: 6px; margin: 4px; border: 1px solid #8da1b4; border-radius: 5px; line-height: 60%\"><p style=\"margin-bottom: 0px\">Resource ClinicalUseDefinition &quot;cud-4fce9d5258f70f7d605059f97c24efa8&quot; </p><p style=\"margin-bottom: 0px\">Profile: <a href=\"https://build.fhir.org/ig/HL7/emedicinal-product-info//StructureDefinition-ClinicalUseDefinition-interaction-uv-epi.html\">ClinicalUseDefinition Interaction (ePI)</a></p></div><p><b>type</b>: interaction</p><p><b>subject</b>: <a href=\"MedicinalProductDefinition-mp873a1a47330e628770640f9c96c0761e.html\">MedicinalProductDefinition/mp873a1a47330e628770640f9c96c0761e</a></p><blockquote><p><b>interaction</b></p><h3>Interactants</h3><table class=\"grid\"><tr><td style=\"display: none\">-</td><td><b>Item[x]</b></td></tr><tr><td style=\"display: none\">*</td><td>METHOTREXATE <span style=\"background: LightGoldenRodYellow; margin: 4px; border: 1px solid khaki\"> (#YL5FZ2Y5U1)</span></td></tr></table></blockquote></div>"
  },
  "type" : "interaction",
  "subject" : [{
    "reference" : "MedicinalProductDefinition/mp873a1a47330e628770640f9c96c0761e"
  }],
  "interaction" : {
    "interactant" : [{
      "itemCodeableConcept" : {
        "coding" : [{
          "system" : "https://gsrs.ncats.nih.gov/ginas/app/beta/",
          "code" : "YL5FZ2Y5U1",
          "display" : "METHOTREXATE"
        }]
      }
    }]
  }
}