{
  "resourceType" : "ClinicalUseDefinition",
  "id" : "cud-42659cd40ce761bcf6d15bd28423e45f",
  "meta" : {
    "profile" : ["http://hl7.org/fhir/uv/emedicinal-product-info/StructureDefinition/ClinicalUseDefinition-indication-uv-epi"]
  },
  "text" : {
    "status" : "generated",
    "div" : "<div xmlns=\"http://www.w3.org/1999/xhtml\"><p><b>Generated Narrative: ClinicalUseDefinition</b><a name=\"cud-42659cd40ce761bcf6d15bd28423e45f\"> </a></p><div style=\"display: inline-block; background-color: #d9e0e7; padding: 6px; margin: 4px; border: 1px solid #8da1b4; border-radius: 5px; line-height: 60%\"><p style=\"margin-bottom: 0px\">Resource ClinicalUseDefinition &quot;cud-42659cd40ce761bcf6d15bd28423e45f&quot; </p><p style=\"margin-bottom: 0px\">Profile: <a href=\"https://build.fhir.org/ig/HL7/emedicinal-product-info//StructureDefinition-ClinicalUseDefinition-indication-uv-epi.html\">ClinicalUseDefinition Indication (ePI)</a></p></div><p><b>identifier</b>: id:\u00a0Hypertension\u00a0(use:\u00a0OFFICIAL)</p><p><b>type</b>: indication</p><p><b>subject</b>: <a href=\"MedicinalProductDefinition-mp367b9089c0743a2330f4c6e82b40ee41.html\">MedicinalProductDefinition/mp367b9089c0743a2330f4c6e82b40ee41</a></p><blockquote><p><b>indication</b></p><h3>DiseaseSymptomProcedures</h3><table class=\"grid\"><tr><td style=\"display: none\">-</td><td><b>Concept</b></td></tr><tr><td style=\"display: none\">*</td><td>Hypertension <span style=\"background: LightGoldenRodYellow; margin: 4px; border: 1px solid khaki\"> (mdr#10020772)</span></td></tr></table></blockquote></div>"
  },
  "identifier" : [{
    "use" : "official",
    "system" : "https://spor.ema.europa.eu/rmswi/#/",
    "value" : "Hypertension"
  }],
  "type" : "indication",
  "subject" : [{
    "reference" : "MedicinalProductDefinition/mp367b9089c0743a2330f4c6e82b40ee41"
  }],
  "indication" : {
    "diseaseSymptomProcedure" : {
      "concept" : {
        "coding" : [{
          "system" : "http://terminology.hl7.org/CodeSystem/mdr",
          "code" : "10020772",
          "display" : "Hypertension"
        }]
      }
    }
  }
}