{
  "resourceType" : "Composition",
  "id" : "composition-es-b6ced64d25ea2c8da6c6099386f14db1",
  "meta" : {
    "profile" : ["http://hl7.org/fhir/uv/emedicinal-product-info/StructureDefinition/Composition-uv-epi"]
  },
  "language" : "es",
  "text" : {
    "status" : "generated",
    "div" : "<div xmlns=\"http://www.w3.org/1999/xhtml\" xml:lang=\"es\" lang=\"es\"><p><b>Generated Narrative: Composition</b><a name=\"composition-es-b6ced64d25ea2c8da6c6099386f14db1\"> </a></p><div style=\"display: inline-block; background-color: #d9e0e7; padding: 6px; margin: 4px; border: 1px solid #8da1b4; border-radius: 5px; line-height: 60%\"><p style=\"margin-bottom: 0px\">Resource Composition &quot;composition-es-b6ced64d25ea2c8da6c6099386f14db1&quot;  (Language &quot;es&quot;) </p><p style=\"margin-bottom: 0px\">Profile: <a href=\"https://build.fhir.org/ig/HL7/emedicinal-product-info//StructureDefinition-Composition-uv-epi.html\">Composition (ePI)</a></p></div><p><b>identifier</b>: id:\u00a0c9572598c41e29b90725676aab503d61</p><p><b>status</b>: final</p><p><b>type</b>: Package Leaflet <span style=\"background: LightGoldenRodYellow; margin: 4px; border: 1px solid khaki\"> (#100000155538)</span></p><p><b>category</b>: Raw <span style=\"background: LightGoldenRodYellow; margin: 4px; border: 1px solid khaki\"> (<a href=\"CodeSystem-epicategory-cs.html\">Category of EPI</a>#R)</span></p><p><b>date</b>: 2023-04-22 15:15:46+0000</p><p><b>author</b>: <a href=\"Organization-mah-45fe50eae508b5755dd140ab2093eb5e.html\">Organization/mah-45fe50eae508b5755dd140ab2093eb5e</a> &quot;Seqirus Netherlands B.V.&quot;</p><p><b>title</b>: TEST PURPOSES ONLY - Flucelvax Tetra - suspension for injection in pre-filled syringe\nInfluenza vaccine (surface antigen, inactivated, prepared in cell cultures)</p><h3>Attesters</h3><table class=\"grid\"><tr><td style=\"display: none\">-</td><td><b>Mode</b></td><td><b>Time</b></td></tr><tr><td style=\"display: none\">*</td><td>Official <span style=\"background: LightGoldenRodYellow; margin: 4px; border: 1px solid khaki\"> (<a href=\"http://hl7.org/fhir/R5/codesystem-composition-attestation-mode.html\">Composition Attestation Mode</a>#official)</span></td><td>2023-04-22 15:15:46+0000</td></tr></table></div>"
  },
  "identifier" : [{
    "system" : "https://spor.ema.europa.eu/rmswi/",
    "value" : "c9572598c41e29b90725676aab503d61"
  }],
  "status" : "final",
  "type" : {
    "coding" : [{
      "system" : "https://spor.ema.europa.eu/rmswi/",
      "code" : "100000155538"
    }],
    "text" : "Package Leaflet"
  },
  "category" : [{
    "coding" : [{
      "system" : "http://hl7.eu/fhir/ig/gravitate-health/CodeSystem/epicategory-cs",
      "code" : "R",
      "display" : "Raw"
    }]
  }],
  "subject" : [{
    "reference" : "MedicinalProductDefinition/mpb6ced64d25ea2c8da6c6099386f14db1"
  }],
  "date" : "2023-04-22T15:15:46Z",
  "author" : [{
    "reference" : "Organization/mah-45fe50eae508b5755dd140ab2093eb5e"
  }],
  "title" : "TEST PURPOSES ONLY - Flucelvax Tetra - suspension for injection in pre-filled syringe\nInfluenza vaccine (surface antigen, inactivated, prepared in cell cultures)",
  "attester" : [{
    "mode" : {
      "coding" : [{
        "system" : "http://hl7.org/fhir/composition-attestation-mode",
        "code" : "official"
      }]
    },
    "time" : "2023-04-22T15:15:46Z"
  }],
  "section" : [{
    "title" : "B. Package Leaflet",
    "code" : {
      "coding" : [{
        "system" : "https://spor.ema.europa.eu/rmswi/",
        "code" : "100000155538"
      }],
      "text" : "B. PACKAGE LEAFLET"
    },
    "text" : {
      "status" : "additional",
      "div" : "<div xmlns=\"http://www.w3.org/1999/xhtml\">unavailable</div>"
    },
    "emptyReason" : {
      "coding" : [{
        "system" : "http://terminology.hl7.org/CodeSystem/list-empty-reason",
        "code" : "unavailable"
      }]
    },
    "section" : [{
      "title" : "Package leaflet: Information for the user",
      "code" : {
        "coding" : [{
          "system" : "https://spor.ema.europa.eu/rmswi/",
          "code" : "100000155538"
        }],
        "text" : "Package leaflet: Information for the user"
      },
      "text" : {
        "status" : "additional",
        "div" : "<div xmlns=\"http://www.w3.org/1999/xhtml\"><p style=\"margin:3.5pt 0pt 0pt 7.1pt; text-align:center; line-height:115%; font-size:11pt\"><strong><span style=\"font-family:Times New Roman; font-size:11pt;\">Prospecto: informaci&#243;n para el usuario</span></strong></p><p style=\"margin:0.4pt 0pt 0pt 7.1pt; text-align:center; line-height:5pt\"><span style=\"font-family:Times New Roman; font-size:5pt\">&#xa0;</span></p><p style=\"margin:0pt 0pt 0pt 7.1pt; text-align:center; line-height:10pt\"><span style=\"font-family:Times New Roman; font-size:11pt\">&#xa0;</span></p><p style=\"margin:0pt 0pt 0pt 7.1pt; text-align:center; line-height:10pt\"><span style=\"font-family:Times New Roman; font-size:11pt\">&#xa0;</span></p><p style=\"margin:0pt 0pt 0pt 7.1pt; text-align:center; line-height:115%; font-size:11pt\"><strong><span style=\"font-family:Times New Roman; font-size:11pt;\">Flucelvax Tetra - suspensi&#243;n inyectable en jeringa precargada</span></strong></p><p style=\"margin:0pt 0pt 0pt 7.1pt; text-align:center\"><span style=\"font-family:Times New Roman; font-size:11pt\">Vacuna contra la gripe (ant&#237;geno de superficie, inactivado, preparada en cultivos celulares)</span></p><p style=\"margin:0.4pt 0pt 0pt\"><span style=\"font-family:Times New Roman; font-size:11pt\">&#xa0;</span></p><p style=\"margin:0.8pt 0pt 0pt\"><span style=\"font-family:Times New Roman; font-size:11pt\">&#xa0;</span></p><p style=\"margin:0pt 31.2pt 0pt 5.9pt; text-align:justify\"><strong><span style=\"font-family:Times New Roman; font-size:11pt;\">Lea todo el prospecto detenidamente antes de empezar a recibir este medicamento, porque contiene</span></strong> <strong><span style=\"font-family:Times New Roman; font-size:11pt;\">informaci&#243;n importante para usted.</span></strong></p><p style=\"margin:0pt 0pt 0pt 5.9pt; text-align:justify\"><span style=\"font-family:Times New Roman; font-size:11pt\">-&#160;&#160;&#160;&#160;&#160;&#160;</span> <span style=\"font-family:Times New Roman; font-size:11pt\">Conserve este prospecto, ya que puede tener que volver a leerlo.</span></p><p style=\"margin:0.05pt 0pt 0pt 5.9pt; text-align:justify\"><span style=\"font-family:Times New Roman; font-size:11pt\">-&#160;&#160;&#160;&#160;&#160;</span> <span style=\"font-family:Times New Roman; font-size:11pt\">Si tiene alguna duda, consulte a su m&#233;dico, farmac&#233;utico o enfermero.</span></p><p style=\"margin:0.1pt 14.1pt 0pt 5.95pt; text-indent:-22.4pt; text-align:justify; padding-left:22.4pt\"><span style=\"font-family:Times New Roman; font-size:11pt\">-</span><span style=\"font-family:Times New Roman; font-size:11pt\">&#160;&#160;&#160;&#160;&#160;&#160;&#160;&#160;&#160;&#160;&#160;&#160;&#160;</span> <span style=\"font-family:Times New Roman; font-size:11pt\">Si experimenta efectos adversos, consulte a su m&#233;dico, farmac&#233;utico o enfermero, incluso si se trata de efectos adversos que no aparecen en este prospecto. Ver secci&#243;n 4.</span></p><p style=\"margin:0pt; text-align:justify\"><span style=\"font-family:Times New Roman; font-size:11pt\">&#xa0;</span></p><p style=\"margin:0pt; text-align:justify\"><span style=\"font-family:Times New Roman; font-size:11pt\">&#xa0;</span></p></div>"
      }
    },
    {
      "title" : "What is in this leaflet",
      "code" : {
        "coding" : [{
          "system" : "https://spor.ema.europa.eu/rmswi/",
          "code" : "100000155538"
        }],
        "text" : "What is in this leaflet"
      },
      "text" : {
        "status" : "additional",
        "div" : "<div xmlns=\"http://www.w3.org/1999/xhtml\"><p style=\"margin:0pt 0pt 0pt 5.95pt; text-align:justify\"><strong><span style=\"font-family:Times New Roman; font-size:11pt;\">Contenido del prospecto</span></strong></p><p style=\"margin:0.45pt 0pt 0pt; text-align:justify\"><span style=\"font-family:Times New Roman; font-size:12pt\">&#xa0;</span></p><p style=\"margin:0pt 0pt 0pt 6.3pt; text-align:justify\"><span style=\"font-family:Times New Roman; font-size:11pt\">1.&#160;&#160;&#160; Qu&#233; es Flucelvax Tetra y para qu&#233; se utiliza</span></p><p style=\"margin:0pt 0pt 0pt 6.3pt; text-align:justify\"><span style=\"font-family:Times New Roman; font-size:11pt\">2.&#160;&#160;&#160; Qu&#233; necesita saber antes de empezar a recibir Flucelvax Tetra</span></p><p style=\"margin:0pt 0pt 0pt 6.3pt; text-align:justify\"><span style=\"font-family:Times New Roman; font-size:11pt\">3.&#160;&#160;&#160; C&#243;mo se administra Flucelvax Tetra</span></p><p style=\"margin:0.05pt 0pt 0pt 6.3pt; text-align:justify\"><span style=\"font-family:Times New Roman; font-size:11pt\">4.&#160;&#160;&#160; Posibles efectos adversos</span></p><p style=\"margin:0pt 0pt 0pt 6.3pt; text-align:justify\"><span style=\"font-family:Times New Roman; font-size:11pt\">5.&#160;&#160;&#160; Conservaci&#243;n de Flucelvax Tetra</span></p><p style=\"margin:0.05pt 0pt 0pt 6.3pt; text-align:justify\"><span style=\"font-family:Times New Roman; font-size:11pt\">6.&#160;&#160;&#160; Contenido del envase e informaci&#243;n adicional</span></p></div>"
      }
    },
    {
      "title" : "1. What Flucelvax is and what it is used for",
      "code" : {
        "coding" : [{
          "system" : "https://spor.ema.europa.eu/rmswi/",
          "code" : "100000155538"
        }],
        "text" : "1. What Flucelvax is and what it is used for"
      },
      "text" : {
        "status" : "additional",
        "div" : "<div xmlns=\"http://www.w3.org/1999/xhtml\"><p style=\"margin:0.6pt 0pt 0pt; line-height:12pt\"><span style=\"font-family:Times New Roman; font-size:12pt\">&#xa0;</span></p><p style=\"margin:0pt 11.85pt 0pt 5.95pt; text-align:justify; line-height:115%; font-size:11pt\"><span style=\"font-family:Times New Roman; font-size:11pt\">Flucelvax Tetra es una vacuna contra la gripe. Flucelvax Tetra se prepara en cultivos celulares y, por lo tanto, no contiene huevo.</span></p><p style=\"margin:0pt 0pt 0pt 5.95pt; text-align:justify; line-height:115%; font-size:11pt\"><span style=\"font-family:Times New Roman; font-size:11pt\">Cuando una persona recibe la vacuna, el sistema inmunitario (el sistema de defensa natural del organismo) producir&#225; su propia protecci&#243;n frente al virus de la gripe. Ninguno de los componentes de la vacuna puede causar la gripe.</span></p><p style=\"margin:0pt 0pt 0pt 5.95pt; text-align:justify; line-height:115%; font-size:11pt\"><span style=\"font-family:Times New Roman; font-size:11pt\">&#xa0;</span></p><p style=\"margin:2.55pt 14.1pt 0pt 5.95pt; text-align:justify; line-height:115%; font-size:11pt\"><span style=\"font-family:Times New Roman; font-size:11pt\">Flucelvax Tetra se usa para prevenir la gripe en adultos y ni&#241;os a partir de los 2 a&#241;os de edad.</span></p><p style=\"margin:2.55pt 41.05pt 0pt 5.95pt; text-align:justify; line-height:115%; font-size:11pt\"><span style=\"font-family:Times New Roman; font-size:11pt\">&#xa0;</span></p><p style=\"margin:0pt; line-height:115%; font-size:11pt\"><span style=\"font-family:Times New Roman; font-size:11pt\">La vacuna va dirigida a cuatro cepas del virus de la gripe siguiendo las recomendaciones de la</span> <span style=\"font-family:Times New Roman; font-size:11pt; vertical-align:0.5pt\">Organizaci&#243;n Mundial de la Salud para la campa&#241;a</span> <span style=\"font-family:Times New Roman; font-size:11pt\">2023/2024.</span></p></div>"
      }
    },
    {
      "title" : "2. What you need to know before you take Flucelvax",
      "code" : {
        "coding" : [{
          "system" : "https://spor.ema.europa.eu/rmswi/",
          "code" : "100000155538"
        }],
        "text" : "2. What you need to know before you take Flucelvax"
      },
      "text" : {
        "status" : "additional",
        "div" : "<div xmlns=\"http://www.w3.org/1999/xhtml\"><p style=\"margin:0.65pt 0pt 0pt; line-height:12pt\"><span style=\"font-family:Times New Roman; font-size:12pt\">&#xa0;</span></p><p style=\"margin:0pt 0pt 0pt 5.95pt; text-align:justify; line-height:115%; font-size:11pt\"><strong><span style=\"font-family:Times New Roman; font-size:11pt;\">No debe recibir Flucelvax Tetra:</span></strong></p><p style=\"margin:0pt 0pt 0pt 5.95pt; text-align:justify; line-height:115%; font-size:11pt\"><span style=\"font-family:Times New Roman; font-size:11pt\">Si es al&#233;rgico a:</span></p><ul style=\"margin:0pt; padding-left:0pt\"><li style=\"margin:0.05pt 16.9pt 0pt 23.05pt; text-indent:0pt; text-align:justify; padding-left:19.5pt; font-family:serif; font-size:11pt\"><span style=\"font-family:Times New Roman; font-size:11pt\">los principios activos o alguno de los dem&#225;s componentes de esta vacuna (incluidos en la secci&#243;n 6).</span></li><li style=\"margin:0pt 0pt 0pt 23.05pt; text-indent:0pt; text-align:justify; padding-left:19.5pt; font-family:serif; font-size:11pt\"><span style=\"font-family:Times New Roman; font-size:11pt\">la beta-propiolactona, al bromuro de cetiltrimetilamonio o al polisorbato 80, que son residuos del proceso de fabricaci&#243;n que pueden estar presentes en cantidades m&#237;nimas.</span></li></ul><p style=\"margin:0.9pt 0pt 0pt; text-align:justify; line-height:115%; font-size:12pt\"><span style=\"font-family:Times New Roman; font-size:12pt\">&#xa0;</span></p><p style=\"margin:0pt 0pt 0pt 5.95pt; text-align:justify; line-height:115%; font-size:11pt\"><strong><span style=\"font-family:Times New Roman; font-size:11pt;\">Advertencias y precauciones</span></strong></p><p style=\"margin:0pt 0pt 0pt 5.95pt; text-align:justify; line-height:115%; font-size:11pt\"><span style=\"font-family:Times New Roman; font-size:11pt\">Consulte a su m&#233;dico, farmac&#233;utico o enfermero antes de empezar a recibir Flucelvax Tetra.</span></p><p style=\"margin:0pt 0pt 0pt 5.95pt; text-align:justify; line-height:115%; font-size:11pt\"><span style=\"font-family:Times New Roman; font-size:11pt\">&#xa0;</span></p><p style=\"margin:0pt 0pt 0pt 5.95pt; text-align:justify; line-height:115%; font-size:11pt\"><span style=\"font-family:Times New Roman; font-size:11pt;\">ANTES DE vacunarse</span></p><ul style=\"margin:0pt; padding-left:0pt\"><li style=\"margin:0.9pt 5pt 0pt 13.36pt; text-indent:0pt; text-align:justify; padding-left:7.94pt; font-family:serif; font-size:11pt\"><span style=\"font-family:Times New Roman; font-size:11pt\">su m&#233;dico o enfermero comprobar&#225; la f&#225;cil disponibilidad de tratamiento m&#233;dico y supervisi&#243;n adecuados en el caso raro de que se produjera una reacci&#243;n anafil&#225;ctica (una reacci&#243;n al&#233;rgica muy grave con s&#237;ntomas como dificultad para respirar, mareos, pulso d&#233;bil y r&#225;pido y erupci&#243;n cut&#225;nea) despu&#233;s de la administraci&#243;n. Esta reacci&#243;n puede presentarse con Flucelvax Tetra, al igual que con todas las vacunas que se inyectan.</span></li><li style=\"margin:0pt 25.35pt 0pt 13.36pt; text-indent:0pt; text-align:justify; padding-left:7.94pt; font-family:serif; font-size:11pt\"><span style=\"font-family:Times New Roman; font-size:11pt\">debe informar a su m&#233;dico si tiene una enfermedad aguda que cursa con fiebre. Su m&#233;dico puede decidir retrasar su vacunaci&#243;n hasta que la fiebre haya desaparecido.</span></li><li style=\"list-style: none; display: inline\"><ul style=\"margin:0pt; padding-left:0pt\"><li style=\"margin:0pt 5.45pt 0pt 13.36pt; text-indent:0pt; text-align:justify; padding-left:7.94pt; font-family:serif; font-size:11pt\"><span style=\"font-family:Times New Roman; font-size:11pt\">debe informar a su m&#233;dico si su sistema inmunitario est&#225; comprometido o si est&#225; recibiendo un tratamiento que afecte al mismo, por ejemplo, medicamento contra el c&#225;ncer (quimioterapia) o corticoides (ver secci&#243;n &#8220;Otros medicamentos y Flucelvax Tetra&#8221;).</span></li></ul></li><li style=\"margin:0pt 0pt 0pt 13.36pt; text-indent:0pt; text-align:justify; padding-left:7.94pt; font-family:serif; font-size:11pt\"><span style=\"font-family:Times New Roman; font-size:11pt\">debe informar a su m&#233;dico si tiene un problema de sangrado o le salen moretones&#160;&#160;&#160;&#160; f&#225;cilmente.</span></li><li style=\"margin:0pt 4.6pt 0pt 13.36pt; text-indent:0pt; text-align:justify; padding-left:7.94pt; font-family:serif; font-size:11pt\"><span style=\"font-family:Times New Roman; font-size:11pt\">puede desmayarse despu&#233;s de la inyecci&#243;n con una aguja, o incluso antes, por lo tanto, informe a su m&#233;dico o enfermero si se ha desmayado anteriormente con alguna inyecci&#243;n.</span></li></ul><p style=\"margin:0.7pt 0pt 0pt; text-align:justify; line-height:115%; font-size:12pt\"><span style=\"font-family:Times New Roman; font-size:12pt\">&#xa0;</span></p><p style=\"margin:0pt 20.05pt 0pt 5.95pt; text-align:justify; line-height:115%; font-size:11pt\"><span style=\"font-family:Times New Roman; font-size:11pt\">Como ocurre con todas las vacunas, Flucelvax Tetra puede no proteger completamente a todas las personas que son vacunadas.</span></p><p style=\"margin:0.75pt 0pt 0pt; text-align:justify; line-height:115%; font-size:12pt\"><span style=\"font-family:Times New Roman; font-size:12pt\">&#xa0;</span></p><p style=\"margin:0pt 0pt 0pt 5.95pt; text-align:justify; line-height:115%; font-size:11pt\"><strong><span style=\"font-family:Times New Roman; font-size:11pt;\">Otros medicamentos y Flucelvax Tetra</span></strong></p><p style=\"margin:0pt 0pt 0pt 5.95pt; text-align:justify; line-height:115%; font-size:11pt\"><span style=\"font-family:Times New Roman; font-size:11pt\">Informe a su m&#233;dico o enfermero si est&#225; utilizando, ha utilizado recientemente o pudiera tener que utilizar cualquier otro medicamento, incluso los adquiridos sin receta, o si ha recibido recientemente alguna otra vacuna.</span></p><p style=\"margin:0.55pt 0pt 0pt; text-align:justify; line-height:115%; font-size:12pt\"><span style=\"font-family:Times New Roman; font-size:12pt\">&#xa0;</span></p><p style=\"margin:0pt 0pt 0pt 5.95pt; text-align:justify; line-height:115%; font-size:11pt\"><span style=\"font-family:Times New Roman; font-size:11pt\">Flucelvax Tetra se puede administrar al mismo tiempo que otras vacunas.</span></p><p style=\"margin:0.9pt 0pt 0pt; text-align:justify; line-height:115%; font-size:12pt\"><span style=\"font-family:Times New Roman; font-size:12pt\">&#xa0;</span></p><p style=\"margin:0pt 0pt 0pt 5.95pt; text-align:justify; line-height:115%; font-size:11pt\"><strong><span style=\"font-family:Times New Roman; font-size:11pt;\">Embarazo y lactancia</span></strong></p><p style=\"margin:0pt 0pt 0pt 5.9pt; text-align:justify; line-height:115%; font-size:11pt\"><span style=\"font-family:Times New Roman; font-size:11pt;\">Embarazo:</span></p><p style=\"margin:0.05pt 14.1pt 0pt 5.9pt; text-align:justify; line-height:115%; font-size:11pt\"><span style=\"font-family:Times New Roman; font-size:11pt\">Si est&#225; embarazada, cree que podr&#237;a estar embarazada o tiene intenci&#243;n de quedarse embarazada, consulte a su m&#233;dico. Las vacunas antigripales se pueden administrar en cualquier trimestre del embarazo.</span></p><p style=\"margin:0.5pt 0pt 0pt; text-align:justify; line-height:115%; font-size:12pt\"><span style=\"font-family:Times New Roman; font-size:12pt\">&#xa0;</span></p><p style=\"margin:0pt 0pt 0pt 5.9pt; text-align:justify; line-height:115%; font-size:11pt\"><span style=\"font-family:Times New Roman; font-size:11pt;\">Lactancia:</span></p><p style=\"margin:0.15pt 7.5pt 0pt 5.95pt; text-align:justify; line-height:115%; font-size:11pt\"><span style=\"font-family:Times New Roman; font-size:11pt\">El uso de Flucelvax Tetra durante la lactancia no ha sido estudiado. Flucelvax Tetra se puede administrar durante la lactancia.</span></p><p style=\"margin:0.75pt 0pt 0pt; text-align:justify; line-height:115%; font-size:12pt\"><span style=\"font-family:Times New Roman; font-size:12pt\">&#xa0;</span></p><p style=\"margin:0pt 0pt 0pt 5.95pt; text-align:justify; line-height:115%; font-size:11pt\"><strong><span style=\"font-family:Times New Roman; font-size:11pt;\">Conducci&#243;n y uso de m&#225;quinas</span></strong></p><p style=\"margin:0pt 14.1pt 0pt 5.95pt; text-align:justify; line-height:115%; font-size:11pt\"><span style=\"font-family:Times New Roman; font-size:11pt\">La influencia de Flucelvax Tetra sobre la capacidad para conducir y utilizar m&#225;quinas es nula o insignificante.</span></p><p style=\"margin:0.75pt 0pt 0pt; text-align:justify; line-height:115%; font-size:12pt\"><span style=\"font-family:Times New Roman; font-size:12pt\">&#xa0;</span></p><p style=\"margin:0pt 0pt 0pt 5.95pt; text-align:justify; line-height:115%; font-size:11pt\"><strong><span style=\"font-family:Times New Roman; font-size:11pt;\">Flucelvax Tetra contiene cloruro de sodio y cloruro de potasio</span></strong></p><p style=\"margin:0pt 0pt 0pt 5.95pt; text-align:justify; line-height:115%; font-size:11pt\"><span style=\"font-family:Times New Roman; font-size:11pt\">Esta vacuna contiene menos de 1 mmol de sodio (23 mg) por dosis; esto es, esencialmente &#8220;exento de sodio&#8221;.</span></p><p style=\"margin:0pt; line-height:115%; font-size:11pt\"><span style=\"font-family:Times New Roman; font-size:11pt\">Esta vacuna contiene potasio, menos de 1 mmol (39 mg) por dosis; esto es, esencialmente &#8220;exento de potasio&#8221;.</span></p></div>"
      }
    },
    {
      "title" : "3. How to take Flucelvax",
      "code" : {
        "coding" : [{
          "system" : "https://spor.ema.europa.eu/rmswi/",
          "code" : "100000155538"
        }],
        "text" : "3. How to take Flucelvax"
      },
      "text" : {
        "status" : "additional",
        "div" : "<div xmlns=\"http://www.w3.org/1999/xhtml\"><p style=\"margin:0.6pt 0pt 0pt; line-height:12pt\"><a name=\"_Hlk142925114\"><span style=\"font-family:Times New Roman; font-size:12pt\">&#xa0;</span></a></p><p style=\"margin:0pt 14.1pt 0pt 5.95pt; text-align:justify; line-height:115%; font-size:11pt\"><span style=\"font-family:Times New Roman; font-size:11pt\">Su m&#233;dico o enfermero le administrar&#225; Flucelvax Tetra en forma de inyecci&#243;n en el m&#250;sculo de la parte superior del brazo (m&#250;sculo deltoides).</span></p><p style=\"margin:0.95pt 0pt 0pt; text-align:justify; line-height:115%; font-size:11pt\"><span style=\"font-family:Times New Roman; font-size:11pt\">&#xa0;</span></p><p style=\"margin:1.6pt 0pt 0pt 5.9pt; text-align:justify; line-height:115%; font-size:11pt\"><span style=\"font-family:Times New Roman; font-size:11pt; vertical-align:-0.5pt\">Adultos y ni&#241;os a partir de 2 a&#241;os de edad:</span></p><p style=\"margin:0.3pt 0pt 0pt; text-align:justify; line-height:115%; font-size:11pt\"><span style=\"font-family:Times New Roman; font-size:11pt\">&#xa0;</span></p><p style=\"margin:0pt; line-height:115%; font-size:11pt\"><span style=\"font-family:Times New Roman; font-size:11pt\">Una dosis de 0,5 ml</span></p><p style=\"margin:0pt; line-height:115%; font-size:11pt\"><span style=\"font-family:Times New Roman; font-size:11pt; background-color:#ffff00\">&#xa0;</span></p><p style=\"margin:0pt; line-height:115%; font-size:11pt\"><span style=\"font-family:Times New Roman; font-size:11pt\">Si su hijo es menor de 9 a&#241;os y nunca ha sido vacunado contra la gripe, se le debe administrar una segunda dosis despu&#233;s, de al menos, 4 semanas.</span></p><p style=\"margin:0pt; line-height:115%; font-size:11pt\"><span style=\"font-family:Times New Roman; font-size:11pt\">&#xa0;</span></p></div>"
      }
    },
    {
      "title" : "4. Possible side effects",
      "code" : {
        "coding" : [{
          "system" : "https://spor.ema.europa.eu/rmswi/",
          "code" : "100000155538"
        }],
        "text" : "4. Possible side effects"
      },
      "text" : {
        "status" : "additional",
        "div" : "<div xmlns=\"http://www.w3.org/1999/xhtml\"><p style=\"margin:0.4pt 0pt 0pt; text-align:justify; line-height:115%; font-size:12pt\"><span style=\"font-family:Times New Roman; font-size:12pt\">&#xa0;</span></p><p style=\"margin:0pt 13.75pt 0pt 7.9pt; text-align:justify; line-height:115%; font-size:11pt\"><span style=\"font-family:Times New Roman; font-size:11pt\">Al igual que todos los medicamentos, este medicamento puede producir efectos adversos, aunque no todas las personas los sufran.</span></p><p style=\"margin:0pt 0pt 0pt 7.9pt; text-align:justify; line-height:115%; font-size:11pt\"><span style=\"font-family:Times New Roman; font-size:11pt\">Los siguientes efectos adversos se han notificado durante los ensayos cl&#237;nicos y durante el uso general:</span></p><p style=\"margin:0.9pt 0pt 0pt; text-align:justify; line-height:115%; font-size:12pt\"><span style=\"font-family:Times New Roman; font-size:12pt\">&#xa0;</span></p><p style=\"margin:0pt 0pt 0pt 7.9pt; text-align:justify; line-height:115%; font-size:11pt\"><strong><span style=\"font-family:Times New Roman; font-size:11pt;\">Efectos adversos muy graves</span></strong></p><p style=\"margin:0pt 0pt 0pt 7.9pt; text-align:justify; line-height:115%; font-size:11pt\"><span style=\"font-family:Times New Roman; font-size:11pt\">Consulte inmediatamente con su m&#233;dico o acuda al servicio de urgencias del hospital m&#225;s cercano si presenta el siguiente efecto adverso &#8211; puede necesitar urgentemente atenci&#243;n m&#233;dica u hospitalizaci&#243;n:</span></p><p style=\"margin:0.85pt 0pt 0pt; text-align:justify; line-height:115%; font-size:12pt\"><span style=\"font-family:Times New Roman; font-size:12pt\">&#xa0;</span></p><p style=\"margin:0pt 20.75pt 0pt 7.95pt; text-indent:-20.4pt; text-align:justify; line-height:115%; padding-left:20.4pt; font-size:11pt\"><span style=\"font-family:Times New Roman; font-size:11pt\">&#8226;</span><span style=\"font-family:Times New Roman; font-size:11pt\">&#160;&#160;&#160;&#160;&#160;&#160;&#160;&#160;&#160;&#160;&#160;&#160;&#160;</span> <span style=\"font-family:Times New Roman; font-size:11pt\">Dificultad para respirar, mareos, pulso d&#233;bil y r&#225;pido junto con erupci&#243;n cut&#225;nea, que son los s&#237;ntomas de una reacci&#243;n anafil&#225;ctica (una reacci&#243;n al&#233;rgica muy grave)</span></p><p style=\"margin:0.75pt 0pt 0pt; text-align:justify; line-height:115%; font-size:12pt\"><span style=\"font-family:Times New Roman; font-size:12pt\">&#xa0;</span></p><p style=\"margin:0pt 0pt 0pt 7.9pt; text-align:justify; line-height:115%; font-size:11pt\"><strong><span style=\"font-family:Times New Roman; font-size:11pt;\">Efectos adversos graves</span></strong></p><p style=\"margin:0pt 0pt 0pt 7.9pt; text-align:justify; line-height:115%; font-size:11pt\"><span style=\"font-family:Times New Roman; font-size:11pt\">Informe inmediatamente a su m&#233;dico si presenta cualquiera de los efectos adversos siguientes &#8211; puede necesitar atenci&#243;n m&#233;dica:</span></p><p style=\"margin:0pt; text-align:justify; line-height:115%; font-size:11pt\"><span style=\"font-family:Times New Roman; font-size:11pt\">&#xa0;</span></p><ul style=\"margin:0pt; padding-left:0pt\"><li style=\"margin:0pt 0pt 0pt 15.95pt; text-indent:0pt; text-align:justify; padding-left:12.4pt; font-family:serif; font-size:11pt\"><span style=\"font-family:Times New Roman; font-size:11pt\">Se siente d&#233;bil, tiene dificultades para moverse o presenta entumecimiento u hormigueo en las extremidades. Estos pueden ser s&#237;ntomas del s&#237;ndrome de Guillain-Barr&#233; (SGB), una enfermedad autoinmune causada por el propio sistema inmunitario del organismo</span></li><li style=\"margin:0pt 0pt 0pt 15.95pt; text-indent:0pt; text-align:justify; padding-left:12.4pt; font-family:serif; font-size:11pt\"><span style=\"font-family:Times New Roman; font-size:11pt\">Hinchaz&#243;n extensa del miembro en el que se ha inyectado</span></li></ul><p style=\"margin:0.45pt 0pt 0pt; text-align:justify; line-height:115%; font-size:14pt\"><span style=\"font-family:Times New Roman; font-size:14pt\">&#xa0;</span></p><p style=\"margin:0pt 0pt 0pt 7.9pt; text-align:justify; line-height:115%; font-size:11pt\"><strong><span style=\"font-family:Times New Roman; font-size:11pt;\">Efectos adversos leves</span></strong></p><p style=\"margin:0pt 0pt 0pt 7.9pt; text-align:justify; line-height:115%; font-size:11pt\"><span style=\"font-family:Times New Roman; font-size:11pt;\">Muy frecuentes</span> <span style=\"font-family:Times New Roman; font-size:11pt\">(pueden afectar a m&#225;s de 1 de cada 10 personas):</span></p><ul style=\"margin:0pt; padding-left:0pt\"><li style=\"margin:1.1pt 11.75pt 0pt 15.95pt; text-indent:0pt; text-align:justify; padding-left:12.4pt; font-family:serif; font-size:11pt\"><span style=\"font-family:Times New Roman; font-size:11pt\">Dolor en la zona de inyecci&#243;n, cardenales, enrojecimiento y endurecimiento o hinchaz&#243;n en la zona de inyecci&#243;n</span></li><li style=\"margin:0pt 11.75pt 0pt 15.95pt; text-indent:0pt; text-align:justify; padding-left:12.4pt; font-family:serif; font-size:11pt\"><span style=\"font-family:Times New Roman; font-size:11pt\">Dolor de cabeza</span></li><li style=\"margin:0pt 11.75pt 0pt 15.95pt; text-indent:0pt; text-align:justify; padding-left:12.4pt; font-family:serif; font-size:11pt\"><span style=\"font-family:Times New Roman; font-size:11pt\">Dolor muscular</span></li><li style=\"margin:0pt 11.75pt 0pt 15.95pt; text-indent:0pt; text-align:justify; padding-left:12.4pt; font-family:serif; font-size:11pt\"><span style=\"font-family:Times New Roman; font-size:11pt\">Cansancio</span></li><li style=\"margin:0pt 11.75pt 0pt 15.95pt; text-indent:0pt; text-align:justify; padding-left:12.4pt; font-family:serif; font-size:11pt\"><span style=\"font-family:Times New Roman; font-size:11pt\">P&#233;rdida de apetito</span></li><li style=\"margin:0pt 11.75pt 0pt 15.95pt; text-indent:0pt; text-align:justify; padding-left:12.4pt; font-family:serif; font-size:11pt\"><span style=\"font-family:Times New Roman; font-size:11pt\">Irritabilidad (notificada solo en ni&#241;os de 2 a &#60; 6 a&#241;os)</span></li><li style=\"margin:0pt 11.75pt 0pt 15.95pt; text-indent:0pt; text-align:justify; padding-left:12.4pt; font-family:serif; font-size:11pt\"><span style=\"font-family:Times New Roman; font-size:11pt\">Somnolencia (notificada solo en ni&#241;os de 2 a &#60; 6 a&#241;os)</span></li></ul><p style=\"margin:0.1pt 3.2pt 0pt 7.95pt; text-align:justify; line-height:115%; font-size:11pt\"><span style=\"font-family:Times New Roman; font-size:11pt\">En los pacientes de edad avanzada fueron frecuentes el endurecimiento o la hinchaz&#243;n en el lugar de la inyecci&#243;n, el dolor de cabeza, el dolor muscular y la fatiga.</span></p><p style=\"margin:0.95pt 0pt 0pt 7.1pt; text-align:justify; line-height:115%; font-size:11pt\"><span style=\"font-family:Times New Roman; font-size:11pt\">Los cardenales en el lugar de la inyecci&#243;n fueron frecuentes en adultos, ancianos y ni&#241;os de 9 a &#60; 18 a&#241;os.</span></p><p style=\"margin:0.95pt 0pt 0pt 7.1pt; text-align:justify; line-height:115%; font-size:11pt\"><span style=\"font-family:Times New Roman; font-size:11pt\">El dolor de cabeza fue frecuente en ancianos.</span></p><p style=\"margin:0.95pt 0pt 0pt 7.1pt; text-align:justify; line-height:115%; font-size:11pt\"><span style=\"font-family:Times New Roman; font-size:11pt\">La p&#233;rdida de apetito fue frecuente en adultos, ancianos y ni&#241;os de 9 a &#60; 18 a&#241;os.</span></p><p style=\"margin:1.6pt 0pt 0pt 7.9pt; text-align:justify; line-height:115%; font-size:11pt\"><span style=\"font-family:Times New Roman; font-size:11pt\">&#xa0;</span></p><p style=\"margin:1.6pt 0pt 0pt 7.9pt; text-align:justify; line-height:115%; font-size:11pt\"><span style=\"font-family:Times New Roman; font-size:11pt;\">Frecuentes</span> <span style=\"font-family:Times New Roman; font-size:11pt\">(pueden afectar hasta 1 de cada 10 personas):</span></p><ul style=\"margin:0pt; padding-left:0pt\"><li style=\"margin:0.55pt 0pt 0pt 15.95pt; text-indent:0pt; text-align:justify; padding-left:12.4pt; font-family:serif; font-size:11pt\"><span style=\"font-family:Times New Roman; font-size:11pt\">N&#225;useas, v&#243;mitos, diarrea</span></li><li style=\"margin:0pt 0pt 0pt 15.95pt; text-indent:0pt; text-align:justify; padding-left:12.4pt; font-family:serif; font-size:11pt\"><span style=\"font-family:Times New Roman; font-size:11pt\">Dolor articular</span></li><li style=\"margin:0pt 0pt 0pt 15.95pt; text-indent:0pt; text-align:justify; padding-left:12.4pt; font-family:serif; font-size:11pt\"><span style=\"font-family:Times New Roman; font-size:11pt\">Tiritona</span></li><li style=\"margin:0pt 0pt 0pt 15.95pt; text-indent:0pt; text-align:justify; padding-left:12.4pt; font-family:serif; font-size:11pt\"><span style=\"font-family:Times New Roman; font-size:11pt\">Cambios en los h&#225;bitos alimenticios (notificados solo en ni&#241;os de 2 a &#60; 6 a&#241;os)</span></li><li style=\"margin:0pt 0pt 0pt 15.95pt; text-indent:0pt; text-align:justify; padding-left:12.4pt; font-family:serif; font-size:11pt\"><span style=\"font-family:Times New Roman; font-size:11pt\">Fiebre (&#62; 38 &#176;C)</span></li></ul><p style=\"margin:0.55pt 0pt 0pt 7.95pt; text-align:justify; line-height:115%; font-size:11pt\"><span style=\"font-family:Times New Roman; font-size:11pt\">Los v&#243;mitos fueron poco frecuentes en los pacientes de edad avanzada</span></p><p style=\"margin:0.55pt 0pt 0pt 7.95pt; text-align:justify; line-height:115%; font-size:11pt\"><span style=\"font-family:Times New Roman; font-size:11pt\">La fiebre fue infrecuente en adultos y ancianos</span></p><p style=\"margin:0.55pt 0pt 0pt 7.95pt; text-align:justify; line-height:115%; font-size:11pt\"><span style=\"font-family:Times New Roman; font-size:11pt\">&#xa0;</span></p><p style=\"margin:0pt 0pt 0pt 7.95pt; text-align:justify; line-height:115%; font-size:11pt\"><span style=\"font-family:Times New Roman; font-size:11pt;\">Frecuencia no conocida</span> <span style=\"font-family:Times New Roman; font-size:11pt\">(no puede estimarse a partir de los datos disponibles):</span></p><ul style=\"margin:0pt; padding-left:0pt\"><li style=\"margin:0.7pt 0pt 0pt 15.95pt; text-indent:0pt; text-align:justify; padding-left:12.4pt; font-family:serif; font-size:11pt\"><span style=\"font-family:Times New Roman; font-size:11pt\">Sensaci&#243;n de hormigueo y</span> <span style=\"font-family:Times New Roman; font-size:11pt\">entumecimiento (parestesia)</span></li><li style=\"margin:0pt 0pt 0pt 15.95pt; text-indent:0pt; text-align:justify; padding-left:12.4pt; font-family:serif; font-size:11pt\"><span style=\"font-family:Times New Roman; font-size:11pt\">Reacciones cut&#225;neas generalizadas incluyendo picor, ampollas en la piel (prurito, urticaria) o erupci&#243;n cut&#225;nea inespec&#237;fica</span></li></ul><p style=\"margin:0.7pt 0pt 0pt 7.95pt; text-align:justify; line-height:115%; font-size:12pt\"><span style=\"font-family:Times New Roman; font-size:12pt\">&#xa0;</span></p><p style=\"margin:1.6pt 0pt 0pt 7.95pt; text-align:justify; line-height:115%; font-size:11pt\"><strong><span style=\"font-family:Times New Roman; font-size:11pt;\">Comunicaci&#243;n de efectos adversos</span></strong></p><p style=\"margin:0pt; line-height:115%; font-size:11pt\"><span style=\"font-family:Times New Roman; font-size:11pt\">Si experimenta cualquier tipo de efecto adverso, consulte a su profesional sanitario, incluso si se trata de posibles efectos adversos que no aparecen en este prospecto.</span> <span style=\"font-family:Times New Roman; font-size:11pt\">Tambi&#233;n puede comunicarlos directamente a trav&#233;s del Sistema Espa&#241;ol de Farmacovigilancia de Medicamentos de Uso Humano en</span> <a href=\"http://www.notificaRAM.es\"><span style=\"font-family:Times New Roman; font-size:11pt; color:#0000ff; background-color:#ffffff\">www.notificaRAM.es</span></a><span style=\"font-family:Times New Roman; font-size:11pt\">.</span> <span style=\"font-family:Times New Roman; font-size:11pt\">M</span><span style=\"font-family:Times New Roman; font-size:11pt\">ediante la comunicaci&#243;n de efectos adversos usted puede contribuir a proporcionar m&#225;s informaci&#243;n sobre la seguridad de este medicamento.</span></p></div>"
      }
    },
    {
      "title" : "5. How to store Flucelvax",
      "code" : {
        "coding" : [{
          "system" : "https://spor.ema.europa.eu/rmswi/",
          "code" : "100000155538"
        }],
        "text" : "5. How to store Flucelvax"
      },
      "text" : {
        "status" : "additional",
        "div" : "<div xmlns=\"http://www.w3.org/1999/xhtml\"><p style=\"margin:2.45pt 14.1pt 0pt 5.9pt; text-align:justify; line-height:115%; font-size:11pt\"><span style=\"font-family:Times New Roman; font-size:11pt\">Mantener este medicamento fuera de la vista y del alcance de los ni&#241;os.</span></p><p style=\"margin:2.45pt 14.1pt 0pt 5.9pt; text-align:justify; line-height:115%; font-size:11pt\"><span style=\"font-family:Times New Roman; font-size:11pt\">&#xa0;</span></p><p style=\"margin:2.45pt 14.1pt 0pt 5.9pt; text-align:justify; line-height:115%; font-size:11pt\"><span style=\"font-family:Times New Roman; font-size:11pt\">Conservar en nevera (entre 2 &#176;C y 8 &#176;C). No congelar.</span></p><p style=\"margin:0pt 0pt 0pt 5.9pt; text-align:justify; line-height:115%; font-size:11pt\"><span style=\"font-family:Times New Roman; font-size:11pt; vertical-align:0.5pt\">Mantener la jeringa precargada en el embalaje exterior para protegerla de la luz.</span></p><p style=\"margin:0.55pt 0pt 0pt; text-align:justify; line-height:115%; font-size:12pt\"><span style=\"font-family:Times New Roman; font-size:12pt\">&#xa0;</span></p><p style=\"margin:0pt 3.15pt 0pt 5.9pt; text-align:justify; line-height:115%; font-size:11pt\"><span style=\"font-family:Times New Roman; font-size:11pt\">No utilice esta vacuna despu&#233;s de la fecha de caducidad que aparece en la etiqueta y en la caja despu&#233;s de EXP/CAD. La fecha de caducidad es el &#250;ltimo d&#237;a del mes que se indica.</span></p><p style=\"margin:0.8pt 0pt 0pt; text-align:justify; line-height:115%; font-size:12pt\"><span style=\"font-family:Times New Roman; font-size:12pt\">&#xa0;</span></p><p style=\"margin:0pt 8.2pt 0pt 5.9pt; text-align:justify; line-height:115%; font-size:11pt\"><span style=\"font-family:Times New Roman; font-size:11pt\">Los medicamentos no se deben tirar por los desag&#252;es ni a la basura. Pregunte a su farmac&#233;utico c&#243;mo deshacerse de los envases y de los medicamentos que ya no necesita. De esta forma, ayudar&#225; a proteger el medio ambiente.</span></p><p style=\"margin:0pt; line-height:115%; font-size:11pt\"><span style=\"font-family:Times New Roman; font-size:11pt\">&#xa0;</span></p></div>"
      }
    },
    {
      "title" : "6. Contents of the pack and other information",
      "code" : {
        "coding" : [{
          "system" : "https://spor.ema.europa.eu/rmswi/",
          "code" : "100000155538"
        }],
        "text" : "6. Contents of the pack and other information"
      },
      "text" : {
        "status" : "additional",
        "div" : "<div xmlns=\"http://www.w3.org/1999/xhtml\"><p style=\"margin:0.55pt 0pt 0pt; line-height:12pt\"><span style=\"font-family:Times New Roman; font-size:12pt\">&#xa0;</span></p><p style=\"margin:0pt 0pt 0pt 5.9pt; text-align:justify; line-height:115%; font-size:11pt\"><strong><span style=\"font-family:Times New Roman; font-size:11pt;\">Composici&#243;n de Flucelvax Tetra</span></strong></p><p style=\"margin:0.4pt 0pt 0pt; text-align:justify; line-height:115%; font-size:12pt\"><span style=\"font-family:Times New Roman; font-size:12pt\">&#xa0;</span></p><ul style=\"margin:0pt; padding-left:0pt\"><li style=\"margin:0pt 14.1pt 0pt 11.96pt; text-indent:0pt; text-align:justify; line-height:115%; padding-left:9.34pt; font-family:serif; font-size:11pt\"><span style=\"font-family:Times New Roman; font-size:11pt\">Los principios activos son ant&#237;genos de superficie del virus de la gripe (hemaglutinina y neuraminidasa), inactivados, de las siguientes cepas*:</span></li></ul><p style=\"margin:0.5pt 0pt 0pt; text-align:justify; line-height:115%; font-size:12pt\"><span style=\"font-family:Times New Roman; font-size:12pt\">&#xa0;</span></p><p style=\"margin:0pt 0pt 0pt 21.3pt; text-align:justify; line-height:115%; font-size:11pt\"><a name=\"_Hlk66283421\"></a><a name=\"_Hlk66283267\"><span style=\"font-family:Times New Roman; font-size:11pt\">Cepa similar a</span> <span style=\"font-family:Times New Roman; font-size:11pt\">A/Wisconsin/67/2022 (H1N1)pdm09</span> <span style=\"font-family:Times New Roman; font-size:11pt\">(A/Georgia/12/2022 CVR-167)</span></a></p><p style=\"margin:0pt 0pt 0pt 21.3pt; text-align:justify; line-height:115%; font-size:11pt\"><span style=\"font-family:Times New Roman; font-size:11pt\">15 microgramos HA**</span></p><p style=\"margin:0pt 0pt 0pt 21.3pt; text-align:justify; line-height:115%; font-size:11pt\"><a name=\"_Hlk66283440\"></a><a name=\"_Hlk66283292\"><span style=\"font-family:Times New Roman; font-size:11pt\">Cepa similar a</span> <span style=\"font-family:Times New Roman; font-size:11pt\">A/Darwin/6/2021 (H3N2)</span> <span style=\"font-family:Times New Roman; font-size:11pt\">(A/Darwin/11/2021, wild type)</span></a></p><p style=\"margin:0pt 0pt 0pt 21.3pt; text-align:justify; line-height:115%; font-size:11pt\"><span style=\"font-family:Times New Roman; font-size:11pt\">15 microgramos HA**</span></p><p style=\"margin:0pt 0pt 0pt 21.3pt; text-align:justify; line-height:115%; font-size:11pt\"><span style=\"font-family:Times New Roman; font-size:11pt\">Cepa similar a B/Austria/1359417/2021</span> <span style=\"font-family:Times New Roman; font-size:11pt\">(</span><span style=\"font-family:Times New Roman; font-size:11pt\">Singapore/WUH4618/2021</span><span style=\"font-family:Times New Roman; font-size:11pt\">, wild type</span><span style=\"font-family:Times New Roman; font-size:11pt\">)</span> <span style=\"font-family:Times New Roman; font-size:11pt\">15 microgramos HA**</span></p><p style=\"margin:0.55pt 0pt 0pt 21.3pt; text-align:justify; line-height:115%; font-size:11pt\"><span style=\"font-family:Times New Roman; font-size:11pt\">Cepa similar a B/Phuket/3073/2013 (B/Singapore/INFTT-16-0610/2016, wild type)</span></p><p style=\"margin:0.55pt 0pt 0pt 21.3pt; text-align:justify; line-height:115%; font-size:11pt\"><span style=\"font-family:Times New Roman; font-size:11pt\">15 microgramos HA**</span></p><p style=\"margin:0.55pt 0pt 0pt 21.3pt; text-align:justify; line-height:115%; font-size:12pt\"><span style=\"font-family:Times New Roman; font-size:12pt\">&#xa0;</span></p><p style=\"margin:0pt 0pt 0pt 21.3pt; text-align:justify; line-height:115%; font-size:11pt\"><span style=\"font-family:Times New Roman; font-size:11pt\">por dosis de 0,5 ml</span></p><p style=\"margin:0.05pt 0pt 0pt 21.3pt; text-align:justify; line-height:115%; font-size:11pt\"><span style=\"font-family:Times New Roman; font-size:11pt\">&#8230;&#8230;&#8230;&#8230;&#8230;&#8230;&#8230;&#8230;&#8230;&#8230;&#8230;&#8230;&#8230;&#8230;&#8230;.</span></p><p style=\"margin:0.05pt 26.05pt 0pt 21.3pt; text-align:justify; line-height:115%; font-size:11pt\"><span style=\"font-family:Times New Roman; font-size:11pt\">*</span><span style=\"font-family:Times New Roman; font-size:11pt\">&#160;&#160;&#160;&#160;&#160;&#160;&#160;&#160;&#160;&#160;&#160;&#160;&#160;</span> <span style=\"font-family:Times New Roman; font-size:11pt\">propagadas en c&#233;lulas Madin Darby Canine Kidney (MDCK) (se trata de un cultivo celular especial en el que crece el virus de la gripe)</span></p><p style=\"margin:0pt 0pt 0pt 21.3pt; text-align:justify; line-height:115%; font-size:11pt\"><span style=\"font-family:Times New Roman; font-size:11pt\">** hemaglutinina</span></p><p style=\"margin:0.85pt 0pt 0pt; text-align:justify; line-height:115%; font-size:12pt\"><span style=\"font-family:Times New Roman; font-size:12pt\">&#xa0;</span></p><p style=\"margin:0pt 3.3pt 0pt 5.9pt; text-align:justify; line-height:115%; font-size:11pt\"><span style=\"font-family:Times New Roman; font-size:11pt\">Esta vacuna cumple con la recomendaci&#243;n de la Organizaci&#243;n Mundial de la Salud (OMS) (hemisferio norte) y con la recomendaci&#243;n de la UE para la CAMPA&#209;A 2023/2024.</span></p><p style=\"margin:0.7pt 0pt 0pt; text-align:justify; line-height:115%; font-size:12pt\"><span style=\"font-family:Times New Roman; font-size:12pt\">&#xa0;</span></p><ul style=\"margin:0pt; padding-left:0pt\"><li style=\"margin:0pt 14.25pt 0pt 15.76pt; text-indent:0pt; text-align:justify; line-height:115%; padding-left:12.59pt; font-family:serif; font-size:11pt\"><span style=\"font-family:Times New Roman; font-size:11pt\">Los dem&#225;s componentes son: cloruro de sodio, cloruro de potasio, cloruro de magnesio hexahidrato, fosfato dis&#243;dico dihidrato, dihidrogenofosfato de potasio y agua para preparaciones inyectables.</span></li></ul><p style=\"margin:0.75pt 0pt 0pt; text-align:justify; line-height:115%; font-size:12pt\"><span style=\"font-family:Times New Roman; font-size:12pt\">&#xa0;</span></p><p style=\"margin:0pt 0pt 0pt 5.9pt; text-align:justify; line-height:115%; font-size:11pt\"><strong><span style=\"font-family:Times New Roman; font-size:11pt;\">Aspecto del producto y contenido del envase</span></strong></p><p style=\"margin:0.6pt 0pt 0pt; text-align:justify; line-height:115%; font-size:12pt\"><span style=\"font-family:Times New Roman; font-size:12pt\">&#xa0;</span></p><p style=\"margin:0pt 14.1pt 0pt 5.9pt; text-align:justify; line-height:115%; font-size:11pt\"><span style=\"font-family:Times New Roman; font-size:11pt\">Flucelvax Tetra es una suspensi&#243;n inyectable en jeringa precargada (jeringa lista para usar). Flucelvax Tetra es una suspensi&#243;n de transparente a ligeramente opalescente.</span></p><p style=\"margin:0pt 0pt 0pt 5.9pt; text-align:justify; line-height:115%; font-size:11pt\"><span style=\"font-family:Times New Roman; font-size:11pt\">Cada jeringa individual contiene 0,5 ml de suspensi&#243;n inyectable.</span></p><p style=\"margin:0pt 0pt 0pt 7.1pt; text-align:justify; line-height:115%; font-size:11pt\"><span style=\"font-family:Times New Roman; font-size:11pt\">Flucelvax Tetra est&#225; disponible en envases de 1 jeringa precargada con o sin aguja o 10 jeringas</span></p><p style=\"margin:0pt 0pt 0pt 7.1pt; text-align:justify; line-height:115%; font-size:11pt\"><span style=\"font-family:Times New Roman; font-size:11pt\">precargadas con o sin agujas.</span></p><p style=\"margin:0pt 0pt 0pt 5.9pt; text-align:justify; line-height:115%; font-size:11pt\"><span style=\"font-family:Times New Roman; font-size:11pt\">Puede que solamente est&#233;n comercializados algunos tama&#241;os de envases.</span></p><p style=\"margin:0.9pt 0pt 0pt; text-align:justify; line-height:115%; font-size:12pt\"><span style=\"font-family:Times New Roman; font-size:12pt\">&#xa0;</span></p><p style=\"margin:0pt 0pt 0pt 5.9pt; text-align:justify; line-height:115%; font-size:11pt\"><strong><span style=\"font-family:Times New Roman; font-size:11pt;\">Titular de la autorizaci&#243;n de comercializaci&#243;n y responsable de la fabricaci&#243;n</span></strong></p><p style=\"margin:0pt 14.1pt 0pt 5.9pt; text-align:justify; line-height:115%; font-size:11pt\"><span style=\"font-family:Times New Roman; font-size:11pt\">Seqirus Netherlands B.V.</span></p><p style=\"margin:0pt 0pt 0pt 5.9pt; text-align:justify; line-height:115%; font-size:11pt\"><span style=\"font-family:Times New Roman; font-size:11pt\">Paasheuvelweg 28</span></p><p style=\"margin:0pt 0pt 0pt 5.9pt; text-align:justify; line-height:115%; font-size:11pt\"><span style=\"font-family:Times New Roman; font-size:11pt\">1105BJ Amsterdam</span></p><p style=\"margin:0pt 0pt 0pt 5.9pt; text-align:justify; line-height:115%; font-size:11pt\"><span style=\"font-family:Times New Roman; font-size:11pt\">Pa&#237;ses Bajos</span></p><p style=\"margin:0.85pt 0pt 0pt; text-align:justify; line-height:115%; font-size:12pt\"><span style=\"font-family:Times New Roman; font-size:12pt\">&#xa0;</span></p><p style=\"margin:0pt 11.4pt 0pt 0pt; text-align:justify; line-height:115%; font-size:11pt\"><span style=\"font-family:Times New Roman; font-size:11pt\">Pueden solicitar m&#225;s informaci&#243;n respecto a este medicamento dirigi&#233;ndose al representante local del titular de la autorizaci&#243;n de comercializaci&#243;n:</span></p><p style=\"margin:0pt 11.4pt 0pt 6.9pt; text-align:justify; line-height:115%; font-size:11pt\"><span style=\"font-family:Times New Roman; font-size:11pt\">&#xa0;</span></p><p style=\"margin:0pt; line-height:115%; font-size:11pt\"><span style=\"font-family:Times New Roman; font-size:11pt\">Seqirus Spain, S.L., Barcelona</span></p><p style=\"margin:0pt; line-height:115%; font-size:11pt\"><span style=\"font-family:Times New Roman; font-size:11pt\">Tel: 937 817 884</span></p><p style=\"margin:0.75pt 0pt 0pt; text-align:justify; line-height:115%; font-size:12pt\"><span style=\"font-family:Times New Roman; font-size:12pt\">&#xa0;</span></p><p style=\"margin:0pt; text-align:justify; line-height:115%; font-size:11pt\"><strong><span style=\"font-family:Times New Roman; font-size:11pt;\">Fecha de la &#250;ltima revisi&#243;n de este prospecto: 07/2023</span></strong></p><p style=\"margin:0pt; text-align:justify; line-height:115%; font-size:11pt\"><span style=\"font-family:Times New Roman; font-size:11pt\">&#xa0;</span></p><p style=\"margin:0pt; text-align:justify; line-height:115%; font-size:11pt\"><span style=\"font-family:Times New Roman; font-size:11pt\">&#xa0;</span></p><p style=\"margin:0pt; text-align:justify; line-height:115%; font-size:11pt\"><strong><span style=\"font-family:Times New Roman; font-size:11pt;\">Otras fuentes de informaci&#243;n</span></strong></p><p style=\"margin:0.6pt 0pt 0pt; text-align:justify; line-height:115%; font-size:12pt\"><span style=\"font-family:Times New Roman; font-size:12pt\">&#xa0;</span></p><p style=\"margin:0pt 3.8pt 0pt 0pt; text-align:justify; line-height:115%; font-size:11pt\"><span style=\"font-family:Times New Roman; font-size:11pt\">La informaci&#243;n detallada de este medicamento est&#225; disponible en la p&#225;gina web de la Agencia Europea de Medicamentos:</span> <a href=\"http://www.ema.europa.eu/\"><span style=\"font-family:Times New Roman; font-size:11pt;\">http://www.ema.europa.eu/.</span></a></p><p style=\"margin:0.55pt 0pt 0pt; text-align:justify; line-height:115%; font-size:12pt\"><span style=\"font-family:Times New Roman; font-size:12pt\">&#xa0;</span></p><p style=\"margin:0pt 18.1pt 0pt 0pt; text-align:justify; line-height:115%; font-size:11pt\"><span style=\"font-family:Times New Roman; font-size:11pt\">------------------------------------------------------------------------------------------------------------- Esta informaci&#243;n est&#225; destinada &#250;nicamente a profesionales del sector sanitario:</span></p><p style=\"margin:0.5pt 0pt 0pt; text-align:justify; line-height:115%; font-size:12pt\"><span style=\"font-family:Times New Roman; font-size:12pt\">&#xa0;</span></p><p style=\"margin:0pt 4.75pt 0pt 0pt; text-align:justify; line-height:115%; font-size:11pt\"><span style=\"font-family:Times New Roman; font-size:11pt\">Debe estar siempre f&#225;cilmente disponible el tratamiento m&#233;dico y la supervisi&#243;n apropiados en caso de un episodio anafil&#225;ctico, que puede aparecer raramente despu&#233;s de administrar la vacuna.</span></p><p style=\"margin:0.8pt 0pt 0pt; text-align:justify; line-height:115%; font-size:12pt\"><span style=\"font-family:Times New Roman; font-size:12pt\">&#xa0;</span></p><p style=\"margin:0pt 50.45pt 0pt 0pt; text-align:justify; line-height:115%; font-size:11pt\"><span style=\"font-family:Times New Roman; font-size:11pt\">Agitar antes de usar. Despu&#233;s de agitar, el aspecto normal de la vacuna es una suspensi&#243;n de transparente a ligeramente opalescente.</span></p><p style=\"margin:0.55pt 0pt 0pt; text-align:justify; line-height:115%; font-size:12pt\"><span style=\"font-family:Times New Roman; font-size:12pt\">&#xa0;</span></p><p style=\"margin:0pt; line-height:115%; font-size:11pt\"><span style=\"font-family:Times New Roman; font-size:11pt\">Se debe inspeccionar visualmente la vacuna en busca de part&#237;culas extra&#241;as o cambios de color antes de la administraci&#243;n. Si se observan part&#237;culas extra&#241;as y/o cualquier variaci&#243;n del aspecto f&#237;sico, no administre la vacuna.</span></p></div>"
      }
    }]
  }]
}