{
  "resourceType" : "ManufacturedItemDefinition",
  "id" : "mid-635d47ee543a5a9e15fcd321ee5fe6bb",
  "meta" : {
    "profile" : ["http://hl7.org/fhir/uv/emedicinal-product-info/StructureDefinition/ManufacturedItemDefinition-uv-epi"]
  },
  "text" : {
    "status" : "generated",
    "div" : "<div xmlns=\"http://www.w3.org/1999/xhtml\"><p><b>Generated Narrative: ManufacturedItemDefinition</b><a name=\"mid-635d47ee543a5a9e15fcd321ee5fe6bb\"> </a></p><div style=\"display: inline-block; background-color: #d9e0e7; padding: 6px; margin: 4px; border: 1px solid #8da1b4; border-radius: 5px; line-height: 60%\"><p style=\"margin-bottom: 0px\">Resource ManufacturedItemDefinition &quot;mid-635d47ee543a5a9e15fcd321ee5fe6bb&quot; </p><p style=\"margin-bottom: 0px\">Profile: <a href=\"https://build.fhir.org/ig/HL7/emedicinal-product-info//StructureDefinition-ManufacturedItemDefinition-uv-epi.html\">ManufacturedItemDefinition (ePI)</a></p></div><p><b>identifier</b>: id:\u00a0nan\u00a0(use:\u00a0OFFICIAL)</p><p><b>status</b>: active</p><p><b>manufacturedDoseForm</b>: Nasal spray <span style=\"background: LightGoldenRodYellow; margin: 4px; border: 1px solid khaki\"> (#200000016474)</span></p><p><b>unitOfPresentation</b>: Spray <span style=\"background: LightGoldenRodYellow; margin: 4px; border: 1px solid khaki\"> (rmswi#200000016451)</span></p><p><b>manufacturer</b>: <a href=\"Organization-man-05de1a64764c002add42fbfd49b6a38d.html\">Organization/man-05de1a64764c002add42fbfd49b6a38d</a> &quot;MedImmune, UK Limited&quot;</p></div>"
  },
  "identifier" : [{
    "use" : "official",
    "system" : "https://spor.ema.europa.eu/pmswi",
    "value" : "nan"
  }],
  "status" : "active",
  "manufacturedDoseForm" : {
    "coding" : [{
      "system" : "https://spor.ema.europa.eu/rmswi/",
      "code" : "200000016474",
      "display" : "Nasal spray"
    }]
  },
  "unitOfPresentation" : {
    "coding" : [{
      "system" : "https://spor.ema.europa.eu/rmswi",
      "code" : "200000016451",
      "display" : "Spray"
    }]
  },
  "manufacturer" : [{
    "reference" : "Organization/man-05de1a64764c002add42fbfd49b6a38d"
  }]
}