{
  "resourceType" : "ManufacturedItemDefinition",
  "id" : "manitemherceptin150",
  "meta" : {
    "profile" : ["http://hl7.org/fhir/uv/emedicinal-product-info/StructureDefinition/ManufacturedItemDefinition-uv-epi"]
  },
  "text" : {
    "status" : "generated",
    "div" : "<div xmlns=\"http://www.w3.org/1999/xhtml\"><p><b>Generated Narrative: ManufacturedItemDefinition</b><a name=\"manitemherceptin150\"> </a></p><div style=\"display: inline-block; background-color: #d9e0e7; padding: 6px; margin: 4px; border: 1px solid #8da1b4; border-radius: 5px; line-height: 60%\"><p style=\"margin-bottom: 0px\">Resource ManufacturedItemDefinition &quot;manitemherceptin150&quot; </p><p style=\"margin-bottom: 0px\">Profile: <a href=\"https://build.fhir.org/ig/HL7/emedicinal-product-info//StructureDefinition-ManufacturedItemDefinition-uv-epi.html\">ManufacturedItemDefinition (ePI)</a></p></div><p><b>identifier</b>: id:\u00a0874291\u00a0(use:\u00a0OFFICIAL)</p><p><b>status</b>: active</p><p><b>manufacturedDoseForm</b>: Tablet <span style=\"background: LightGoldenRodYellow; margin: 4px; border: 1px solid khaki\"> (#10219000)</span></p><p><b>unitOfPresentation</b>: 15054000 <span style=\"background: LightGoldenRodYellow; margin: 4px; border: 1px solid khaki\"> (#15054000)</span></p><p><b>manufacturer</b>: <a href=\"Organization-orgchugai.html\">Organization/orgchugai</a> &quot;Chugai Pharmaceutical Co., Ltd.&quot;</p></div>"
  },
  "identifier" : [{
    "use" : "official",
    "system" : "https://pmda-sccj",
    "value" : "874291"
  }],
  "status" : "active",
  "manufacturedDoseForm" : {
    "coding" : [{
      "system" : "https://standardterms.edqm.eu/browse/get_concepts_by/SOM/SOM/",
      "code" : "10219000"
    }],
    "text" : "Tablet"
  },
  "unitOfPresentation" : {
    "coding" : [{
      "system" : "https://standardterms.edqm.eu/browse/get_concepts/UOP/",
      "code" : "15054000"
    }]
  },
  "manufacturer" : [{
    "reference" : "Organization/orgchugai"
  }]
}