{
  "resourceType" : "Organization",
  "id" : "mra-7c9b97127f73ff3605a10eb1c2cc24d1",
  "meta" : {
    "profile" : ["http://hl7.org/fhir/uv/emedicinal-product-info/StructureDefinition/Organization-uv-epi"]
  },
  "text" : {
    "status" : "generated",
    "div" : "<div xmlns=\"http://www.w3.org/1999/xhtml\"><p><b>Generated Narrative: Organization</b><a name=\"mra-7c9b97127f73ff3605a10eb1c2cc24d1\"> </a></p><div style=\"display: inline-block; background-color: #d9e0e7; padding: 6px; margin: 4px; border: 1px solid #8da1b4; border-radius: 5px; line-height: 60%\"><p style=\"margin-bottom: 0px\">Resource Organization &quot;mra-7c9b97127f73ff3605a10eb1c2cc24d1&quot; </p><p style=\"margin-bottom: 0px\">Profile: <a href=\"https://build.fhir.org/ig/HL7/emedicinal-product-info//StructureDefinition-Organization-uv-epi.html\">Organization (ePI)</a></p></div><p><b>identifier</b>: id:\u00a0ORG-100013412\u00a0(use:\u00a0OFFICIAL)</p><p><b>active</b>: true</p><p><b>type</b>: Medicines Regulatory Authority <span style=\"background: LightGoldenRodYellow; margin: 4px; border: 1px solid khaki\"> (rmswi#220000000032)</span></p><p><b>name</b>: European Medicines Agency</p><h3>Contacts</h3><table class=\"grid\"><tr><td style=\"display: none\">-</td><td><b>Address</b></td></tr><tr><td style=\"display: none\">*</td><td>Carretera De Martorell 41 61, Poligono Industrial Nord-Est Amsterdam NL(WORK)</td></tr></table></div>"
  },
  "identifier" : [{
    "use" : "official",
    "system" : "https://spor.ema.europa.eu/omswi",
    "value" : "ORG-100013412"
  }],
  "active" : true,
  "type" : [{
    "coding" : [{
      "system" : "https://spor.ema.europa.eu/rmswi",
      "code" : "220000000032",
      "display" : "Medicines Regulatory Authority"
    }]
  }],
  "name" : "European Medicines Agency",
  "contact" : [{
    "address" : {
      "use" : "work",
      "type" : "physical",
      "text" : "Carretera De Martorell 41 61, Poligono Industrial Nord-Est Amsterdam NL",
      "line" : ["Carretera De Martorell 41 61, Poligono Industrial Nord-Est"],
      "city" : "Amsterdam",
      "postalCode" : "1083 HS",
      "country" : "NL"
    }
  }]
}