{
  "resourceType" : "PackagedProductDefinition",
  "id" : "ppd-29436a85dac3ea374adb3fa64cfd2578",
  "meta" : {
    "profile" : ["http://hl7.org/fhir/uv/emedicinal-product-info/StructureDefinition/PackagedProductDefinition-uv-epi"]
  },
  "text" : {
    "status" : "generated",
    "div" : "<div xmlns=\"http://www.w3.org/1999/xhtml\"><p><b>Generated Narrative: PackagedProductDefinition</b><a name=\"ppd-29436a85dac3ea374adb3fa64cfd2578\"> </a></p><div style=\"display: inline-block; background-color: #d9e0e7; padding: 6px; margin: 4px; border: 1px solid #8da1b4; border-radius: 5px; line-height: 60%\"><p style=\"margin-bottom: 0px\">Resource PackagedProductDefinition &quot;ppd-29436a85dac3ea374adb3fa64cfd2578&quot; </p><p style=\"margin-bottom: 0px\">Profile: <a href=\"https://build.fhir.org/ig/HL7/emedicinal-product-info//StructureDefinition-PackagedProductDefinition-uv-epi.html\">PackagedProductDefinition (ePI)</a></p></div><p><b>identifier</b>: id:\u00a0x\u00a0(use:\u00a0OFFICIAL)</p><p><b>name</b>: HIPÉRICO ARKOPHARMA cápsulas duras</p><p><b>type</b>: Chemical Medicinal Prodcut <span style=\"background: LightGoldenRodYellow; margin: 4px; border: 1px solid khaki\"> (rmswi#100000155527)</span></p><p><b>packageFor</b>: <a href=\"MedicinalProductDefinition-mpaf8d2f6e4772c29a8ef9fbb165e80d28.html\">MedicinalProductDefinition/mpaf8d2f6e4772c29a8ef9fbb165e80d28</a></p><p><b>status</b>: Active <span style=\"background: LightGoldenRodYellow; margin: 4px; border: 1px solid khaki\"> (<a href=\"http://hl7.org/fhir/R5/codesystem-publication-status.html\">PublicationStatus</a>#active)</span></p><p><b>statusDate</b>: 2015-01-03</p><p><b>containedItemQuantity</b>: 175 mg<span style=\"background: LightGoldenRodYellow\"> (Details: UCUM code mg = 'mg')</span></p><p><b>copackagedIndicator</b>: false</p><blockquote><p><b>packaging</b></p><p><b>type</b>: Box <span style=\"background: LightGoldenRodYellow; margin: 4px; border: 1px solid khaki\"> (rmswi#100000073498)</span></p><p><b>quantity</b>: 1</p><p><b>material</b>: Cardboard <span style=\"background: LightGoldenRodYellow; margin: 4px; border: 1px solid khaki\"> (rmswi#200000003529)</span></p><blockquote><p><b>packaging</b></p><p><b>identifier</b>: id:\u00a0123456</p><p><b>type</b>: Blister <span style=\"background: LightGoldenRodYellow; margin: 4px; border: 1px solid khaki\"> (rmswi#100000073496)</span></p><p><b>quantity</b>: 30</p><p><b>material</b>: cardboard <span style=\"background: LightGoldenRodYellow; margin: 4px; border: 1px solid khaki\"> (rmswi#xxx)</span></p><blockquote><p><b>containedItem</b></p></blockquote></blockquote></blockquote></div>"
  },
  "identifier" : [{
    "use" : "official",
    "system" : "https://spor.ema.europa.eu/pmswi",
    "value" : "x"
  }],
  "name" : "HIPÉRICO ARKOPHARMA cápsulas duras",
  "type" : {
    "coding" : [{
      "system" : "https://spor.ema.europa.eu/rmswi",
      "code" : "100000155527",
      "display" : "Chemical Medicinal Prodcut"
    }]
  },
  "packageFor" : [{
    "reference" : "MedicinalProductDefinition/mpaf8d2f6e4772c29a8ef9fbb165e80d28"
  }],
  "status" : {
    "coding" : [{
      "system" : "http://hl7.org/fhir/publication-status",
      "code" : "active",
      "display" : "Active"
    }]
  },
  "statusDate" : "2015-01-03",
  "containedItemQuantity" : [{
    "value" : 175,
    "system" : "http://unitsofmeasure.org",
    "code" : "mg"
  }],
  "copackagedIndicator" : false,
  "packaging" : {
    "type" : {
      "coding" : [{
        "system" : "https://spor.ema.europa.eu/rmswi",
        "code" : "100000073498",
        "display" : "Box"
      }]
    },
    "quantity" : 1,
    "material" : [{
      "coding" : [{
        "system" : "https://spor.ema.europa.eu/rmswi",
        "code" : "200000003529",
        "display" : "Cardboard"
      }]
    }],
    "packaging" : [{
      "identifier" : [{
        "system" : "https://spor.ema.europa.eu/pmswi",
        "value" : "123456"
      }],
      "type" : {
        "coding" : [{
          "system" : "https://spor.ema.europa.eu/rmswi",
          "code" : "100000073496",
          "display" : "Blister"
        }]
      },
      "quantity" : 30,
      "material" : [{
        "coding" : [{
          "system" : "https://spor.ema.europa.eu/rmswi",
          "code" : "xxx",
          "display" : "cardboard"
        }]
      }],
      "containedItem" : [{
        "item" : {
          "reference" : {
            "reference" : "ManufacturedItemDefinition/mid-29436a85dac3ea374adb3fa64cfd2578"
          }
        }
      }]
    }]
  }
}