{
  "resourceType" : "PackagedProductDefinition",
  "id" : "ppd-a854b6fee6a8536c78c604a4b9f6c395",
  "meta" : {
    "profile" : ["http://hl7.org/fhir/uv/emedicinal-product-info/StructureDefinition/PackagedProductDefinition-uv-epi"]
  },
  "text" : {
    "status" : "generated",
    "div" : "<div xmlns=\"http://www.w3.org/1999/xhtml\"><p><b>Generated Narrative: PackagedProductDefinition</b><a name=\"ppd-a854b6fee6a8536c78c604a4b9f6c395\"> </a></p><div style=\"display: inline-block; background-color: #d9e0e7; padding: 6px; margin: 4px; border: 1px solid #8da1b4; border-radius: 5px; line-height: 60%\"><p style=\"margin-bottom: 0px\">Resource PackagedProductDefinition &quot;ppd-a854b6fee6a8536c78c604a4b9f6c395&quot; </p><p style=\"margin-bottom: 0px\">Profile: <a href=\"https://build.fhir.org/ig/HL7/emedicinal-product-info//StructureDefinition-PackagedProductDefinition-uv-epi.html\">PackagedProductDefinition (ePI)</a></p></div><p><b>name</b>: Flucelvax Tetra - suspension for injection in pre-filled syringe\nInfluenza vaccine (surface antigen, inactivated, prepared in cell cultures) 1</p><p><b>type</b>: 100000155527 <span style=\"background: LightGoldenRodYellow; margin: 4px; border: 1px solid khaki\"> (rmswi#100000155527)</span></p><p><b>packageFor</b>: <a href=\"MedicinalProductDefinition-mpb6ced64d25ea2c8da6c6099386f14db1.html\">MedicinalProductDefinition/mpb6ced64d25ea2c8da6c6099386f14db1</a></p><p><b>status</b>: Active <span style=\"background: LightGoldenRodYellow; margin: 4px; border: 1px solid khaki\"> (<a href=\"http://hl7.org/fhir/R5/codesystem-publication-status.html\">PublicationStatus</a>#active)</span></p><p><b>statusDate</b>: 2019-01-01</p><p><b>containedItemQuantity</b>: 15 ug<span style=\"background: LightGoldenRodYellow\"> (Details: UCUM code ug = 'ug')</span></p><p><b>copackagedIndicator</b>: true</p><blockquote><p><b>packaging</b></p><p><b>type</b>: Box <span style=\"background: LightGoldenRodYellow; margin: 4px; border: 1px solid khaki\"> (rmswi#100000073498)</span></p><p><b>quantity</b>: 1</p><p><b>material</b>: Cardboard <span style=\"background: LightGoldenRodYellow; margin: 4px; border: 1px solid khaki\"> (rmswi#200000003529)</span></p><blockquote><p><b>packaging</b></p><p><b>identifier</b>: id:\u00a0xxxx</p><p><b>type</b>: 100000073498 <span style=\"background: LightGoldenRodYellow; margin: 4px; border: 1px solid khaki\"> (rmswi#100000073498)</span></p><p><b>quantity</b>: 1</p><p><b>material</b>: Cardboard <span style=\"background: LightGoldenRodYellow; margin: 4px; border: 1px solid khaki\"> (rmswi#200000003529)</span></p><blockquote><p><b>containedItem</b></p></blockquote></blockquote></blockquote></div>"
  },
  "name" : "Flucelvax Tetra - suspension for injection in pre-filled syringe\nInfluenza vaccine (surface antigen, inactivated, prepared in cell cultures) 1",
  "type" : {
    "coding" : [{
      "system" : "https://spor.ema.europa.eu/rmswi",
      "code" : "100000155527"
    }]
  },
  "packageFor" : [{
    "reference" : "MedicinalProductDefinition/mpb6ced64d25ea2c8da6c6099386f14db1"
  }],
  "status" : {
    "coding" : [{
      "system" : "http://hl7.org/fhir/publication-status",
      "code" : "active",
      "display" : "Active"
    }]
  },
  "statusDate" : "2019-01-01",
  "containedItemQuantity" : [{
    "value" : 15,
    "system" : "http://unitsofmeasure.org",
    "code" : "ug"
  }],
  "copackagedIndicator" : true,
  "packaging" : {
    "type" : {
      "coding" : [{
        "system" : "https://spor.ema.europa.eu/rmswi",
        "code" : "100000073498",
        "display" : "Box"
      }]
    },
    "quantity" : 1,
    "material" : [{
      "coding" : [{
        "system" : "https://spor.ema.europa.eu/rmswi",
        "code" : "200000003529",
        "display" : "Cardboard"
      }]
    }],
    "packaging" : [{
      "identifier" : [{
        "system" : "https://spor.ema.europa.eu/pmswi",
        "value" : "xxxx"
      }],
      "type" : {
        "coding" : [{
          "system" : "https://spor.ema.europa.eu/rmswi",
          "code" : "100000073498",
          "display" : "100000073498"
        }]
      },
      "quantity" : 1,
      "material" : [{
        "coding" : [{
          "system" : "https://spor.ema.europa.eu/rmswi",
          "code" : "200000003529",
          "display" : "Cardboard"
        }]
      }],
      "containedItem" : [{
        "item" : {
          "reference" : {
            "reference" : "ManufacturedItemDefinition/mid-04c9bd6fb89d38b2d83eced2460c4dc1"
          }
        }
      }]
    }]
  }
}