{
  "resourceType" : "RegulatedAuthorization",
  "id" : "authorizatione0d9ad275c19f6e91c9365529421d5a8",
  "meta" : {
    "profile" : ["http://hl7.org/fhir/uv/emedicinal-product-info/StructureDefinition/RegulatedAuthorization-uv-epi"]
  },
  "text" : {
    "status" : "generated",
    "div" : "<div xmlns=\"http://www.w3.org/1999/xhtml\"><p><b>Generated Narrative: RegulatedAuthorization</b><a name=\"authorizatione0d9ad275c19f6e91c9365529421d5a8\"> </a></p><div style=\"display: inline-block; background-color: #d9e0e7; padding: 6px; margin: 4px; border: 1px solid #8da1b4; border-radius: 5px; line-height: 60%\"><p style=\"margin-bottom: 0px\">Resource RegulatedAuthorization &quot;authorizatione0d9ad275c19f6e91c9365529421d5a8&quot; </p><p style=\"margin-bottom: 0px\">Profile: <a href=\"https://build.fhir.org/ig/HL7/emedicinal-product-info//StructureDefinition-RegulatedAuthorization-uv-epi.html\">RegulatedAuthorization (ePI)</a></p></div><p><b>identifier</b>: id:\u00a0pt-xxx\u00a0(use:\u00a0OFFICIAL)</p><p><b>subject</b>: <a href=\"MedicinalProductDefinition-mp01eaaf0a81574efda98a52449788e7a2.html\">MedicinalProductDefinition/mp01eaaf0a81574efda98a52449788e7a2</a></p><p><b>type</b>: Marketing Authorisation <span style=\"background: LightGoldenRodYellow; margin: 4px; border: 1px solid khaki\"> (rmswi#220000000061)</span></p><p><b>status</b>: Active <span style=\"background: LightGoldenRodYellow; margin: 4px; border: 1px solid khaki\"> (<a href=\"http://hl7.org/fhir/R5/codesystem-publication-status.html\">PublicationStatus</a>#active)</span></p><p><b>statusDate</b>: 2022-05-10 00:00:00+0000</p><p><b>holder</b>: <a href=\"Organization-mah-fe6b7ee8886997a3f2098e16b925984d.html\">Organization/mah-fe6b7ee8886997a3f2098e16b925984d</a> &quot;Reckitt Benckiser Healthcare, Lda.&quot;</p></div>"
  },
  "identifier" : [{
    "use" : "official",
    "system" : "https://spor.ema.europa.eu/pmswi",
    "value" : "pt-xxx"
  }],
  "subject" : [{
    "reference" : "MedicinalProductDefinition/mp01eaaf0a81574efda98a52449788e7a2"
  }],
  "type" : {
    "coding" : [{
      "system" : "https://spor.ema.europa.eu/rmswi",
      "code" : "220000000061",
      "display" : "Marketing Authorisation"
    }]
  },
  "status" : {
    "coding" : [{
      "system" : "http://hl7.org/fhir/publication-status",
      "code" : "active",
      "display" : "Active"
    }]
  },
  "statusDate" : "2022-05-10T00:00:00Z",
  "holder" : {
    "reference" : "Organization/mah-fe6b7ee8886997a3f2098e16b925984d"
  }
}