{
  "resourceType" : "RegulatedAuthorization",
  "id" : "authorization635d47ee543a5a9e15fcd321ee5fe6bb1",
  "meta" : {
    "profile" : ["http://hl7.org/fhir/uv/emedicinal-product-info/StructureDefinition/RegulatedAuthorization-uv-epi"]
  },
  "text" : {
    "status" : "generated",
    "div" : "<div xmlns=\"http://www.w3.org/1999/xhtml\"><p><b>Generated Narrative: RegulatedAuthorization</b><a name=\"authorization635d47ee543a5a9e15fcd321ee5fe6bb1\"> </a></p><div style=\"display: inline-block; background-color: #d9e0e7; padding: 6px; margin: 4px; border: 1px solid #8da1b4; border-radius: 5px; line-height: 60%\"><p style=\"margin-bottom: 0px\">Resource RegulatedAuthorization &quot;authorization635d47ee543a5a9e15fcd321ee5fe6bb1&quot; </p><p style=\"margin-bottom: 0px\">Profile: <a href=\"https://build.fhir.org/ig/HL7/emedicinal-product-info//StructureDefinition-RegulatedAuthorization-uv-epi.html\">RegulatedAuthorization (ePI)</a></p></div><p><b>identifier</b>: id:\u00a0EU/1/13/887/004\u00a0(use:\u00a0OFFICIAL)</p><p><b>subject</b>: <a href=\"PackagedProductDefinition-ppd-533038a0a634e664ced4f999f6a95f85.html\">PackagedProductDefinition/ppd-533038a0a634e664ced4f999f6a95f85</a> &quot;Fluenz Tetra nasal spray suspension 10&quot;</p><p><b>type</b>: Marketing Authorisation <span style=\"background: LightGoldenRodYellow; margin: 4px; border: 1px solid khaki\"> (rmswi#220000000061)</span></p><p><b>status</b>: Active <span style=\"background: LightGoldenRodYellow; margin: 4px; border: 1px solid khaki\"> (<a href=\"http://hl7.org/fhir/R5/codesystem-publication-status.html\">PublicationStatus</a>#active)</span></p><p><b>statusDate</b>: 2015-02-07 13:28:17+0000</p><p><b>holder</b>: <a href=\"Organization-mah-46a3afc149c080384b82a9e476e79f76.html\">Organization/mah-46a3afc149c080384b82a9e476e79f76</a> &quot;AstraZeneca AB&quot;</p></div>"
  },
  "identifier" : [{
    "use" : "official",
    "system" : "https://spor.ema.europa.eu/pmswi",
    "value" : "EU/1/13/887/004"
  }],
  "subject" : [{
    "reference" : "PackagedProductDefinition/ppd-533038a0a634e664ced4f999f6a95f85"
  }],
  "type" : {
    "coding" : [{
      "system" : "https://spor.ema.europa.eu/rmswi",
      "code" : "220000000061",
      "display" : "Marketing Authorisation"
    }]
  },
  "status" : {
    "coding" : [{
      "system" : "http://hl7.org/fhir/publication-status",
      "code" : "active",
      "display" : "Active"
    }]
  },
  "statusDate" : "2015-02-07T13:28:17Z",
  "holder" : {
    "reference" : "Organization/mah-46a3afc149c080384b82a9e476e79f76"
  }
}