{
  "resourceType" : "SubstanceDefinition",
  "id" : "substance-ibuprofen",
  "meta" : {
    "profile" : ["http://hl7.org/fhir/uv/emedicinal-product-info/StructureDefinition/SubstanceDefinition-uv-epi"]
  },
  "text" : {
    "status" : "generated",
    "div" : "<div xmlns=\"http://www.w3.org/1999/xhtml\"><p><b>Generated Narrative: SubstanceDefinition</b><a name=\"substance-ibuprofen\"> </a></p><div style=\"display: inline-block; background-color: #d9e0e7; padding: 6px; margin: 4px; border: 1px solid #8da1b4; border-radius: 5px; line-height: 60%\"><p style=\"margin-bottom: 0px\">Resource SubstanceDefinition &quot;substance-ibuprofen&quot; </p><p style=\"margin-bottom: 0px\">Profile: <a href=\"https://build.fhir.org/ig/HL7/emedicinal-product-info//StructureDefinition-SubstanceDefinition-uv-epi.html\">SubstanceDefinition (ePI)</a></p></div><p><b>identifier</b>: id:\u00a0WK2XYI10QM\u00a0(use:\u00a0OFFICIAL)</p><p><b>status</b>: Active <span style=\"background: LightGoldenRodYellow; margin: 4px; border: 1px solid khaki\"> (<a href=\"http://hl7.org/fhir/R5/codesystem-publication-status.html\">PublicationStatus</a>#active)</span></p><p><b>manufacturer</b>: <a href=\"Organization-mah-fe6b7ee8886997a3f2098e16b925984d.html\">Organization/mah-fe6b7ee8886997a3f2098e16b925984d</a> &quot;Reckitt Benckiser Healthcare, Lda.&quot;</p></div>"
  },
  "identifier" : [{
    "use" : "official",
    "system" : "https://gsrs.ncats.nih.gov/ginas/app/beta/",
    "value" : "WK2XYI10QM"
  }],
  "status" : {
    "coding" : [{
      "system" : "http://hl7.org/fhir/publication-status",
      "code" : "active"
    }]
  },
  "manufacturer" : [{
    "reference" : "Organization/mah-fe6b7ee8886997a3f2098e16b925984d"
  }]
}