{
  "resourceType" : "SubstanceDefinition",
  "id" : "subsimvastatin20",
  "meta" : {
    "profile" : ["http://hl7.org/fhir/uv/emedicinal-product-info/StructureDefinition/SubstanceDefinition-uv-epi"]
  },
  "text" : {
    "status" : "generated",
    "div" : "<div xmlns=\"http://www.w3.org/1999/xhtml\"><p><b>Generated Narrative: SubstanceDefinition</b><a name=\"subsimvastatin20\"> </a></p><div style=\"display: inline-block; background-color: #d9e0e7; padding: 6px; margin: 4px; border: 1px solid #8da1b4; border-radius: 5px; line-height: 60%\"><p style=\"margin-bottom: 0px\">Resource SubstanceDefinition &quot;subsimvastatin20&quot; </p><p style=\"margin-bottom: 0px\">Profile: <a href=\"https://build.fhir.org/ig/HL7/emedicinal-product-info//StructureDefinition-SubstanceDefinition-uv-epi.html\">SubstanceDefinition (ePI)</a></p></div><p><b>identifier</b>: id:\u00a0AGG2FN16EV\u00a0(use:\u00a0OFFICIAL)</p><p><b>version</b>: 39</p><p><b>status</b>: Validated (UNII) <span style=\"background: LightGoldenRodYellow; margin: 4px; border: 1px solid khaki\"> (#1)</span></p><p><b>description</b>: White to pale yellow</p><p><b>manufacturer</b>: <a href=\"Organization-orgohara.html\">Organization/orgohara</a> &quot;Ohara Pharmaceutical Co., Ltd.&quot;</p><h3>Structures</h3><table class=\"grid\"><tr><td style=\"display: none\">-</td><td><b>MolecularFormula</b></td></tr><tr><td style=\"display: none\">*</td><td>C25H38O5</td></tr></table><h3>Names</h3><table class=\"grid\"><tr><td style=\"display: none\">-</td><td><b>Name</b></td><td><b>Type</b></td></tr><tr><td style=\"display: none\">*</td><td>simvastatin</td><td>Chemical Name <span style=\"background: LightGoldenRodYellow; margin: 4px; border: 1px solid khaki\"> (#1)</span></td></tr></table></div>"
  },
  "identifier" : [{
    "use" : "official",
    "system" : "https://gsrs.ncats.nih.gov/ginas/app/beta/",
    "value" : "AGG2FN16EV"
  }],
  "version" : "39",
  "status" : {
    "coding" : [{
      "system" : "https://gsrs.ncats.nih.gov/ginas/app/beta/",
      "code" : "1"
    }],
    "text" : "Validated (UNII)"
  },
  "description" : "White to pale yellow",
  "manufacturer" : [{
    "reference" : "Organization/orgohara"
  }],
  "structure" : {
    "molecularFormula" : "C25H38O5"
  },
  "name" : [{
    "name" : "simvastatin",
    "type" : {
      "coding" : [{
        "system" : "https://gsrs.ncats.nih.gov/ginas/app/beta/",
        "code" : "1"
      }],
      "text" : "Chemical Name"
    }
  }]
}