URL,Version,Status,OIDs,Name,Title,Descriptino,Used
http://hl7.eu/fhir/ig/gravitate-health/CodeSystem/epicategory-cs,0.1.0,active,,EpicategoryCS,Category of EPI,"Category of EPI",
http://hl7.eu/fhir/ig/gravitate-health/CodeSystem/icpc-2-cs,0.1.0,active,,ICPC2CS,Example ICPC2 CS,"Example ICPC2 CS",
http://hl7.eu/fhir/ig/gravitate-health/CodeSystem/pd-category-cs,0.1.0,active,,PDcategoryCS,Persona Vector Dimensions categories,"Persona Vector Dimensions categories",
http://hl7.eu/fhir/ig/gravitate-health/CodeSystem/pd-type-cs,0.1.0,active,,PDtypeCS,Persona Vector Dimensions Code,"Persona Vector Dimensions Code",
http://hl7.eu/fhir/ig/gravitate-health/CodeSystem/questi-dimens-cs,0.1.0,active,,QuestionnaireDimensionCS,Questionnaire example Dimensions,"Questionnaire example Dimensions",
