<?xml version="1.0" encoding="UTF-8"?><CodeSystem xmlns="http://hl7.org/fhir"><id value="pd-category-cs"/><text><status value="generated"/><div xmlns="http://www.w3.org/1999/xhtml"><p>This case-sensitive code system <code>http://hl7.eu/fhir/ig/gravitate-health/CodeSystem/pd-category-cs</code> defines the following codes:</p><table class="codes"><tr><td style="white-space:nowrap"><b>Code</b></td></tr></table></div></text><url value="http://hl7.eu/fhir/ig/gravitate-health/CodeSystem/pd-category-cs"/><version value="0.1.0"/><name value="PDcategoryCS"/><title value="Persona Vector Dimensions categories"/><status value="active"/><experimental value="true"/><date value="2024-01-21T22:55:49+00:00"/><publisher value="Gravitate Health Project"/><contact><name value="Gravitate Health Project"/><telecom><system value="url"/><value value="https://www.gravitatehealth.eu/"/></telecom></contact><contact><name value="Gravitate Health Project"/><telecom><system value="url"/><value value="https://www.gravitatehealth.eu/"/></telecom></contact><description value="Persona Vector Dimensions categories"/><caseSensitive value="true"/><content value="complete"/></CodeSystem>