<?xml version="1.0" encoding="UTF-8"?><Library xmlns="http://hl7.org/fhir"><id value="mock-lib"/><url value="http://hl7.eu/fhir/ig/gravitate-health/Library/mock-lib"/><version value="0.1.0"/><status value="draft"/><experimental value="true"/><type><coding><code value="logic-library"/></coding></type><date value="2024-01-21T22:55:49+00:00"/><publisher value="Gravitate Health Project"/><contact><name value="Gravitate Health Project"/><telecom><system value="url"/><value value="https://www.gravitatehealth.eu/"/></telecom></contact><contact><name value="Gravitate Health Project"/><telecom><system value="url"/><value value="https://www.gravitatehealth.eu/"/></telecom></contact><content><contentType value="application/javascript"/><data value="Y29kZSBkdW1teQ=="/></content></Library>