<?xml version="1.0" encoding="UTF-8"?>

<Bundle xmlns="http://hl7.org/fhir">
  <id value="40963"/>
  <meta>
    <profile value="http://hl7.org/fhir/uv/emedicinal-product-info/StructureDefinition/Bundle-uv-epi"/>
  </meta>
  <language value="da"/>
  <identifier>
    <system value="https://www.indlaegssedler.dk/Indlaegssedler/Indlaegsseddel/"/>
    <value value="40963"/>
  </identifier>
  <type value="document"/>
  <timestamp value="2022-07-26T01:01:01Z"/>
  <entry>
    <fullUrl value="https://gravitatehealth.eu/fhir/nordic-epi/Composition/40963"/>
    <resource>
      <Composition>
        <id value="40963"/>
        <meta>
          <profile value="http://hl7.org/fhir/uv/emedicinal-product-info/StructureDefinition/Composition-uv-epi"/>
          <profile value="https://gravitatehealth.eu/fhir/nordic-epi-ig/StructureDefinition/Nordic-ePI-Composition-PIL"/>
        </meta>
        <language value="da"/>
        <text>
          <status value="generated"/><div xmlns="http://www.w3.org/1999/xhtml" xml:lang="da" lang="da"><a name="Composition_40963"> </a><p><b>Generated Narrative: Composition</b><a name="40963"> </a><a name="hc40963"> </a></p><div style="display: inline-block; background-color: #d9e0e7; padding: 6px; margin: 4px; border: 1px solid #8da1b4; border-radius: 5px; line-height: 60%"><p style="margin-bottom: 0px">Resource Composition &quot;40963&quot;  (Language &quot;da&quot;) </p><p style="margin-bottom: 0px">Profiles: <a href="https://build.fhir.org/ig/HL7/emedicinal-product-info//StructureDefinition-Composition-uv-epi.html">Composition (ePI)</a>, <code>https://gravitatehealth.eu/fhir/nordic-epi-ig/StructureDefinition/Nordic-ePI-Composition-PIL</code></p></div><p><b>identifier</b>: <code>https://www.indlaegssedler.dk/Indlaegssedler/Indlaegsseddel/</code>/40963</p><p><b>status</b>: final</p><p><b>type</b>: 100000155538 <span style="background: LightGoldenRodYellow; margin: 4px; border: 1px solid khaki"> (#100000155538)</span></p><p><b>date</b>: 2022-07-26</p><p><b>author</b>: <span><code>https://medicin.dk</code>/medicin.dk</span></p><p><b>title</b>: Entocort® 3 mg kapsler med modificeret udløsning</p></div>
        </text>
        <identifier>
          <system value="https://www.indlaegssedler.dk/Indlaegssedler/Indlaegsseddel/"/>
          <value value="40963"/>
        </identifier>
        <status value="final"/>
        <type>
          <coding>
            <system value="https://spor.ema.europa.eu/v1/lists/100000155531/terms/"/>
            <code value="100000155538"/>
          </coding>
        </type>
        <date value="2022-07-26"/>
        <author>
          <identifier>
            <system value="https://medicin.dk"/>
            <value value="medicin.dk"/>
          </identifier>
        </author>
        <title value="Entocort® 3 mg kapsler med modificeret udløsning"/>
        <section>
          <title value="Indlægsseddel: Information til patienten"/>
          <code>
            <coding>
              <system value="https://spor.ema.europa.eu/v1/lists/200000029659/terms/"/>
              <code value="200000029894"/>
            </coding>
          </code>
          <text>
            <status value="additional"/><div xmlns="http://www.w3.org/1999/xhtml">
                     <a name="Section0"/>
                     <h2>  Indlægsseddel: Information til brugeren </h2>
                     <h3>Entocort, hårde kapsler med modificeret udløsning 3 mg </h3>
                     <div class="paragraph">budesonid</div>
                     <h3>  Læs denne indlægsseddel grundigt, inden du begynder at tage dette lægemiddel, da den indeholder vigtige oplysninger. </h3>
                     <ul>
                        <li>Gem indlægssedlen. Du kan få brug for at læse den igen.</li>
                        <li>Spørg lægen eller apotekspersonalet, hvis der er mere, du vil vide.</li>
                        <li>Lægen har ordineret Entocort til dig personligt. Lad derfor være med at give det til andre. Det kan være skadeligt for andre, selvom de har de samme symptomer, som du har.</li>
                        <li>Tal med lægen eller apotekspersonalet, hvis en bivirkning bliver værre, eller du får bivirkninger, som ikke er nævnt her.</li>
                     </ul>
                     <div class="paragraph"> </div>
                     <div class="paragraph">Den nyeste indlægsseddel kan findes på <a href="https://www.indlaegsseddel.dk" title="null">www.indlaegsseddel.dk</a>.</div>
                     <h3>  Oversigt over indlægssedlen </h3>
                     <ol>
                        <li>Virkning og anvendelse</li>
                        <li>Det skal du vide, før du begynder at tage Entocort</li>
                        <li>Sådan skal du tage Entocort</li>
                        <li>Bivirkninger</li>
                        <li>Opbevaring</li>
                        <li>Pakningsstørrelser og yderligere oplysninger</li>
                     </ol>
                  </div>
          </text>
          <section>
            <title value="1. Virkning og anvendelse"/>
            <code>
              <coding>
                <system value="https://spor.ema.europa.eu/v1/lists/200000029659/terms/"/>
                <code value="200000029895"/>
              </coding>
            </code>
            <text>
              <status value="additional"/><div xmlns="http://www.w3.org/1999/xhtml">
                        <a name="Section1"/>
                        <div> </div>
                        <h2>1. Virkning og anvendelse</h2>
                        <div class="paragraph">Entocort, kapsler med modificeret udløsning, indeholder et binyrebarkhormon, der dæmper den betændelse, som forekommer ved Crohns sygdom.</div>
                        <div class="paragraph">Du kan bruge Entocort til behandling af Crohns sygdom i tyndtarmen og den øverste del af tyktarmen.</div>
                        <div class="paragraph"> </div>
                        <div class="paragraph">Mikroskopisk colitis: Entocort kapsler anvendes til behandling af mikroskopisk colitis (en sygdom med kronisk betændelse i tyktarmen der typisk er med kronisk vandig diarré).</div>
                        <div class="paragraph"> </div>
                        <div class="paragraph">Lægen kan have givet dig Entocort for noget andet. Følg altid lægens anvisning.</div>
                     </div>
            </text>
          </section>
          <section>
            <title value="2. Det skal du vide, før du begynder at tage Entocort"/>
            <code>
              <coding>
                <system value="https://spor.ema.europa.eu/v1/lists/200000029659/terms/"/>
                <code value="200000029896"/>
              </coding>
            </code>
            <text>
              <status value="additional"/><div xmlns="http://www.w3.org/1999/xhtml">
                        <a name="Section2"/>
                        <div> </div>
                        <h2>2. Det skal du vide, før du begynder at tage Entocort</h2>
                        <h3>  Tag ikke Entocort    </h3>
                        <ul>
                           <li>hvis du er allergisk over for budesonid eller et af de øvrige indholdsstoffer i Entocort (angivet i <a href="#Section6" title="Anchor link til afsnit - pkt. 6">pkt. 6</a>).</li>
                           <li>hvis du har betændelse i tarmen, som skyldes svamp, virus eller bakterier.</li>
                        </ul>
                        <h3>  Advarsler og forsigtighedsregler  </h3>
                        <div class="paragraph">Kontakt lægen eller apoteket, før du tager Entocort:</div>
                        <ul>
                           <li>hvis du har tuberkulose</li>
                           <li>hvis du har eller for nylig havde en infektion</li>
                           <li>hvis du har leversygdomme</li>
                           <li>hvis du har knogleskørhed</li>
                           <li>hvis du har mavesår</li>
                           <li>hvis du har for højt blodtryk</li>
                           <li>hvis du har sukkersyge</li>
                           <li>hvis du har grå eller grøn stær</li>
                           <li>hvis du samtidig er i behandling mod svamp (ketoconazol, itraconazol)</li>
                        </ul>
                        <div class="paragraph"> </div>
                        <div class="paragraph">Fortæl også lægen, hvis der er nogen i din familie, som har sukkersyge eller grøn stær.</div>
                        <div class="paragraph">
                           <br/>Skoldkopper og mæslinger kan få et mere alvorligt forløb når du er i behandling med Entocort. Kontakt lægen hvis du har været udsat for smitte og ikke tidligere har haft sygdommene eller ikke er blevet vaccineret mod dem.</div>
                        <div class="paragraph">
                           <br/>Sig det til lægen, hvis du oplever sløret syn eller andre synsforstyrrelser.</div>
                        <div class="paragraph">
                           <br/>Kontakt lægen hvis du skifter fra anden medicin med binyrebarkhormon til Entocort, eller når du slutter din behandling med Entocort. Du kan få udslæt, høfeber eller smerter i muskler og led, træthed, hovedpine, kvalme og opkastning.</div>
                        <div class="paragraph">
                           <br/>Hvis du skal opereres, skal du fortælle lægen, at du er i behandling med Entocort.</div>
                        <h3>  Børn og teenagere  </h3>
                        <div class="paragraph">Lægen vil regelmæssigt kontrollere højden hos børn, der behandles med Entocort i længere tid. Hvis væksten er nedsat, bør behandlingen overvejes påny.</div>
                        <h3>  Brug af anden medicin sammen med Entocort  </h3>
                        <div class="paragraph">Fortæl altid lægen eller på apoteket, hvis du bruger anden medicin eller har gjort det for nylig. Det gælder også medicin, som ikke er købt på recept, f.eks. naturlægemidler og vitaminer og mineraler.</div>
                        <div class="paragraph">
                           <br/>Entocort kan påvirke virkningen af anden medicin, ligesom anden medicin kan ændre virkningen af Entocort. Tal med din læge, hvis du tager:</div>
                        <ul>
                           <li>ketoconazol eller itrakonazol (svampemiddel)</li>
                           <li>østrogener og p-piller (kvindeligt kønshormon)</li>
                           <li>carbamazepin (mod epilepsi)</li>
                           <li>nogle lægemidler kan øge virkningen af Entocort, og din læge vil overvåge dig omhyggeligt, hvis du tager sådanne lægemidler (inklusive visse former for HIV-medicin, herunder ritonavir (eller andre HIV-proteasehæmmere) og cobicistat).</li>
                        </ul>
                        <div class="paragraph"> </div>
                        <div class="paragraph">På grund af hæmning af binyrebarkfunktionen kan diagnostiske test af hypofyse-aktiviteten vise fejlagtige lave værdier.</div>
                        <h3>  Brug af Entocort sammen med mad og drikke  </h3>
                        <div class="paragraph">Du kan tage Entocort sammen med mad og drikke, dog skal du ikke tage det sammen med grapefrugt eller grapefrugtjuice.</div>
                        <h3>  Graviditet, amning og fertilitet  </h3>
                        <div class="paragraph">Hvis du er gravid eller ammer, har mistanke om, at du er gravid, eller planlægger at blive gravid, skal du spørge din læge eller apoteket til råds, før du tager Entocort.</div>
                        <h3>  Trafik- og arbejdssikkerhed  </h3>
                        <div class="paragraph">Entocort påvirker ikke arbejdssikkerheden eller evnen til at færdes sikkert i trafikken.</div>
                        <h3>  Entocort indeholder saccharose  </h3>
                        <div class="paragraph">Entocort, kapsler med modificeret udløsning, indeholder saccharose. Kontakt lægen, før du tager denne medicin, hvis lægen har fortalt dig, at du ikke tåler visse sukkerarter.</div>
                     </div>
            </text>
          </section>
          <section>
            <title value="3. Sådan skal du tage Entocort"/>
            <code>
              <coding>
                <system value="https://spor.ema.europa.eu/v1/lists/200000029659/terms/"/>
                <code value="200000029905"/>
              </coding>
            </code>
            <text>
              <status value="additional"/><div xmlns="http://www.w3.org/1999/xhtml">
                        <a name="Section3"/>
                        <div> </div>
                        <h2>3. Sådan skal du tage Entocort</h2>
                        <div class="paragraph">Tag altid Entocort nøjagtigt efter lægens anvisning. Er du i tvivl, så spørg lægen eller på apoteket. Ændring eller stop af behandlingen bør kun ske i samråd med lægen.</div>
                        <div class="paragraph"> </div>
                        <div class="paragraph">
                           <b>Du skal synke kapslerne hele med vand. Du må ikke dele eller tygge kapslerne. </b>
                        </div>
                        <div class="paragraph"> </div>
                        <div class="paragraph">
                           <b>Crohns sygdom </b>
                        </div>
                        <div class="paragraph">
                           <b>Den sædvanlige dosering er:</b>
                        </div>
                        <div class="paragraph">
                           <b>Voksne:</b>
                        </div>
                        <div class="paragraph">
                           <b>Dosis ved aktiv sygdom:</b>
                        </div>
                        <div class="paragraph">3 kapsler (9 mg) én gang daglig om morgenen i op til 8 uger. </div>
                        <div class="paragraph">Det tager normalt 2-4 uger, inden Entocort giver fuld virkning.</div>
                        <div class="paragraph"> </div>
                        <div class="paragraph">
                           <b>Dosis til forhindring af tilbagefald af sygdommen:</b>
                        </div>
                        <div class="paragraph">2 kapsler (6 mg) én gang daglig om morgenen.</div>
                        <div class="paragraph">Tal med din læge, hvis du tager medicinen i længere tid. Dosis bør holdes så lav som muligt.</div>
                        <div class="paragraph"> </div>
                        <div class="paragraph">
                           <b>Dosis til patienter, der har været i behandling med medicin, der indeholder prednisolon:</b>
                        </div>
                        <div class="paragraph">2 kapsler (6 mg) én gang daglig om morgenen.</div>
                        <div class="paragraph">Når du starter med Entocort, skal du langsomt aftrappe prednisolonbehandlingen. Det skal altid ske i samråd med din læge.</div>
                        <div class="paragraph"> </div>
                        <div class="paragraph">
                           <b>Hvis du afbryder behandlingen, skal du nedtrappe dosis gradvist. Tal med lægen. </b>
                        </div>
                        <div class="paragraph"> </div>
                        <div class="paragraph">
                           <b>Mikroskopisk colitis </b>
                        </div>
                        <div class="paragraph">
                           <b>Voksne:<br/>Dosis ved aktiv sygdom:</b>
                        </div>
                        <div class="paragraph">3 kapsler (9 mg) én gang daglig om morgenen i op til 8 uger. Det tager normalt 2-4 uger, inden Entocort giver fuld virkning. Når behandlingen skal ophøre, bør dosis normalt reduceres <b>gradvist. Tal med lægen.</b>
                        </div>
                        <div class="paragraph"> </div>
                        <div class="paragraph">
                           <b>Dosis til forhindring af tilbagefald af sygdommen:</b>
                        </div>
                        <div class="paragraph">Individuelt, men dosis bør holdes så lavt som muligt. Tal med din læge, hvis du tager medicinen i længere tid.</div>
                        <div class="paragraph"> </div>
                        <div class="paragraph">
                           <b>Ældre:</b>
                        </div>
                        <div class="paragraph">Det er ikke nødvendigt at ændre dosis. Følg lægens anvisning.</div>
                        <div class="paragraph"> </div>
                        <div class="paragraph">
                           <b>Brug til børn:</b>
                        </div>
                        <div class="paragraph">Du må ikke give Entocort til børn. Følg lægens anvisning</div>
                        <h3>  Hvis du har taget for mange Entocort, kapsler med modificeret udløsning  </h3>
                        <div class="paragraph">Kontakt lægen, skadestuen eller apoteket, hvis du har taget flere Entocort, kapsler med modificeret udløsning, end der står i denne information, eller mere end lægen har foreskrevet, og du føler dig utilpas. Tag pakningen med.</div>
                        <div class="paragraph">
                           <b>Symptomer ved overdosering:</b>
                        </div>
                        <div class="paragraph">Hvis du gennem længere tid tager for mange kapsler, kan der opstå symptomer, der er nævnt under afsnittet om bivirkninger.</div>
                        <h3>  Hvis du har glemt at tage Entocort  </h3>
                        <div class="paragraph">Du må ikke tage en dobbeltdosis som erstatning for den glemte dosis. Fortsæt blot med den sædvanlige dosis.</div>
                     </div>
            </text>
          </section>
          <section>
            <title value="4. Bivirkninger"/>
            <code>
              <coding>
                <system value="https://spor.ema.europa.eu/v1/lists/200000029659/terms/"/>
                <code value="200000029910"/>
              </coding>
            </code>
            <text>
              <status value="additional"/><div xmlns="http://www.w3.org/1999/xhtml">
                        <a name="Section4"/>
                        <div> </div>
                        <h2>4. Bivirkninger</h2>
                        <div class="paragraph">Dette lægemiddel kan som al anden medicin give bivirkninger, men ikke alle får bivirkninger.</div>
                        <div class="paragraph"> </div>
                        <div class="paragraph">
                           <b>Almindelige bivirkninger</b> (forekommer hos mellem 1 og 10 ud af 100 behandlede):</div>
                        <ul>
                           <li>tendens til måneansigt (Cushing-lignende træk) </li>
                           <li>nervøsitet, søvnløshed, humørsvingninger og depression </li>
                           <li>hjertebanken </li>
                           <li>fordøjelsesbesvær </li>
                           <li>muskelkramper </li>
                           <li>menstruationsforstyrrelser </li>
                           <li>hududslæt og nældefeber </li>
                           <li>svaghed og nedsat kraft i musklerne pga. for lavt kalium i blodet. For lavt kalium i blodet kan i meget sjældne tilfælde blive alvorlig med lammelser og forstyrrelser i hjertets rytme (risiko for hjertestop). Tal med lægen. </li>
                        </ul>
                        <div class="paragraph"> </div>
                        <div class="paragraph">
                           <b>Ikke almindelige bivirkninger</b> (forekommer hos mellem 1 og 10 ud af 1000 behandlede):</div>
                        <ul>
                           <li>rysten </li>
                           <li>utilsigtede bevægelser eller ekstrem rastløshed eventuelt med muskelspasmer eller trækninger </li>
                           <li>angst </li>
                           <li>sår i mavesæk eller tolvfingertarm </li>
                        </ul>
                        <div class="paragraph"> </div>
                        <div class="paragraph">
                           <b>Sjældne bivirkninger </b>(forekommer hos mellem 1 og 10 ud af 10.000 behandlede):</div>
                        <ul>
                           <li>aggression </li>
                           <li>hovedpine, kvalme, synsnedsættelse og regnbuesyn pga. forhøjet tryk i øjet (grøn stær). Kontakt straks læge eller skadestue </li>
                           <li>uklarhed af øjets naturlige linse herunder bagsiden af linsen, sløret syn </li>
                           <li>misfarvning af huden, som følge af blødning under huden </li>
                           <li>betændt bugspytkirtel (forbundet med smerter i øvre maveregion og ryggen samt kvalme) </li>
                           <li>knoglevævsdød på grund af nedsat blodtilførsel til knoglen </li>
                        </ul>
                        <div class="paragraph"> </div>
                        <div class="paragraph">
                           <b>Meget sjældne bivirkninger</b> (forekommer hos færre end 1 ud af 10.000 behandlede):</div>
                        <ul>
                           <li>pludseligt hududslæt, åndedrætsbesvær og besvimelse (inden for minutter til timer) pga. overfølsomhed (anafylaktisk reaktion). <b>Kan være livsfarligt. Ring 112.</b>
                           </li>
                           <li>nedsat vækst hos børn. </li>
                        </ul>
                        <div class="paragraph"> </div>
                        <div class="paragraph">De fleste bivirkninger, nævnt i denne liste, kan også forventes for andre behandlinger med glukokortikoider.</div>
                        <h3>  Indberetning af bivirkninger  </h3>
                        <div class="paragraph">Hvis du oplever bivirkninger, bør du tale med din læge eller apoteket. Dette gælder også mulige bivirkninger, som ikke er medtaget i denne indlægsseddel. Du eller dine pårørende kan også indberette bivirkninger direkte til Lægemiddelstyrelsen via de oplysninger, der fremgår herunder.</div>
                        <div class="paragraph"> </div>
                        <div class="paragraph">Lægemiddelstyrelsen </div>
                        <div class="paragraph">Axel Heides Gade 1 </div>
                        <div class="paragraph">DK-2300 København S<br/>Websted: www.meldenbivirkning.dk</div>
                        <div class="paragraph"> </div>
                        <div class="paragraph">Ved at indrapportere bivirkninger kan du hjælpe med at fremskaffe mere information om sikkerheden af dette lægemiddel.</div>
                        <div class="paragraph">
                           <a href="https://www.meldenbivirkning.dk" title="Meld en bivirkning">
								Meld en bivirkning.
							</a>
                        </div>
                     </div>
            </text>
          </section>
          <section>
            <title value="5. Opbevaring"/>
            <code>
              <coding>
                <system value="https://spor.ema.europa.eu/v1/lists/200000029659/terms/"/>
                <code value="200000029913"/>
              </coding>
            </code>
            <text>
              <status value="additional"/><div xmlns="http://www.w3.org/1999/xhtml">
                        <a name="Section5"/>
                        <div> </div>
                        <h2>5. Opbevaring</h2>
                        <div class="paragraph">Opbevar Entocort utilgængeligt for børn.</div>
                        <div class="paragraph">Opbevar Entocort i original emballage, tæt tillukket, da medicinen er følsom over for fugt.</div>
                        <div class="paragraph">Brug ikke Entocort efter den udløbsdato, der står på pakningen. Udløbsdatoen er den sidste dag i den nævnte måned.</div>
                        <div class="paragraph">Spørg på apoteket, hvordan du skal bortskaffe medicinrester. Af hensyn til miljøet må du ikke smide medicinrester i afløbet, toilettet eller skraldespanden.</div>
                     </div>
            </text>
          </section>
          <section>
            <title value="6. Pakningsstørrelser og yderligere oplysninger"/>
            <code>
              <coding>
                <system value="https://spor.ema.europa.eu/v1/lists/200000029659/terms/"/>
                <code value="200000029914"/>
              </coding>
            </code>
            <text>
              <status value="additional"/><div xmlns="http://www.w3.org/1999/xhtml">
                        <a name="Section6"/>
                        <div> </div>
                        <h2>6. Pakningsstørrelser og yderligere oplysninger</h2>
                        <h3>  Entocort, hårde kapsler med modificeret udløsning 3 mg indeholder:    </h3>
                        <ul>
                           <li>Aktivt stof: Budesonid.</li>
                           <li>Øvrige indholdsstoffer: Ethylcellulose; tributylacetylcitrat; methacrylsyre copolymer; triethylcitrat (E1505); simeticon; polysorbat 80; talcum. Sukkerkugler (bestående af saccharose og majsstivelse).<br/>Kapsel: Gelatine; titandioxid (E171); rød jernoxid (E172).</li>
                        </ul>
                        <h3>  Udseende </h3>
                        <div class="paragraph">Entocort 3 mg, kapsler med modificeret udløsning er af hård gelatine med en ugennemskinnelig, lysegrå kerne og uigennemskinnelig lyserød kapsel. Kapslen er mærket CIR på den ene side og 3 mg på den anden.</div>
                        <h3>  Pakningsstørrelser </h3>
                        <div class="paragraph">50 kapsler, 100 kapsler.</div>
                        <div class="paragraph">Ikke alle pakningsstørrelser er nødvendigvis markedsført.</div>
                     </div>
            </text>
            <section>
              <title value="Indehaver af markedsføringstilladelsen og fremstiller"/>
              <code>
                <coding>
                  <system value="https://spor.ema.europa.eu/v1/lists/200000029659/terms/"/>
                  <code value="200000029917"/>
                </coding>
              </code>
              <text>
                <status value="additional"/><div xmlns="http://www.w3.org/1999/xhtml">
                           <h2>Indehaver af markedsføringstilladelsen og fremstiller</h2>
                           <h3>  Indehaver af markedsføringstilladelsen  </h3>
                           <div class="paragraph">Tillotts Pharma GmbH</div>
                           <div class="paragraph">Warmbacher Str. 80</div>
                           <div class="paragraph">79618 Rheinfelden </div>
                           <div class="paragraph">Tyskland</div>
                           <h3>  Lokal repræsentant for indehaveren af markedsføringstilladelsen:  </h3>
                           <div class="paragraph">Tillotts Pharma AB, Gustavslundsvägen 135, 167 51 Bromma, Sverige</div>
                           <h3>  Fremstiller  </h3>
                           <div class="paragraph">Astrea Fontaine SAS <br/>Rue des Prés Potets <br/>21121 Fontaine-les-Dijon <br/>Frankrig</div>
                        </div>
              </text>
            </section>
            <section>
              <title value="Denne indlægsseddel blev senest revideret maj 2022"/>
              <code>
                <coding>
                  <system value="https://spor.ema.europa.eu/v1/lists/200000029659/terms/"/>
                  <code value="200000029919"/>
                </coding>
              </code>
              <text>
                <status value="additional"/><div xmlns="http://www.w3.org/1999/xhtml">
                           <h2>Denne indlægsseddel blev senest revideret maj 2022</h2>
                        </div>
              </text>
            </section>
          </section>
        </section>
      </Composition>
    </resource>
  </entry>
</Bundle>