{
  "resourceType" : "Observation",
  "id" : "persona-dimension-4",
  "text" : {
    "status" : "generated",
    "div" : "<div xmlns=\"http://www.w3.org/1999/xhtml\"><p><b>Generated Narrative: Observation</b><a name=\"persona-dimension-4\"> </a><a name=\"hcpersona-dimension-4\"> </a></p><div style=\"display: inline-block; background-color: #d9e0e7; padding: 6px; margin: 4px; border: 1px solid #8da1b4; border-radius: 5px; line-height: 60%\"><p style=\"margin-bottom: 0px\">Resource Observation &quot;persona-dimension-4&quot; </p></div><p><b>status</b>: final</p><p><b>code</b>: Extrovert/introvert <span style=\"background: LightGoldenRodYellow; margin: 4px; border: 1px solid khaki\"> (<a href=\"CodeSystem-pd-type-cs.html\">Persona Vector Dimensions Code</a>#EVI)</span></p><p><b>subject</b>: <span>: IPS-4</span></p><p><b>effective</b>: 2019-01-01 00:00:00+0000</p><p><b>value</b>: Introvert</p></div>"
  },
  "status" : "final",
  "code" : {
    "coding" : [{
      "system" : "http://hl7.eu/fhir/ig/gravitate-health/CodeSystem/pd-type-cs",
      "code" : "EVI"
    }]
  },
  "subject" : {
    "display" : "IPS-4"
  },
  "effectiveDateTime" : "2019-01-01T00:00:00Z",
  "valueString" : "Introvert"
}