<?xml version="1.0" encoding="UTF-8"?>

<RegulatedAuthorization xmlns="http://hl7.org/fhir">
  <id value="authorizationda0fc2395ce219262dfd4f0c9a9f72e10"/>
  <meta>
    <profile value="http://hl7.org/fhir/uv/emedicinal-product-info/StructureDefinition/RegulatedAuthorization-uv-epi"/>
  </meta>
  <text>
    <status value="generated"/><div xmlns="http://www.w3.org/1999/xhtml"><p><b>Generated Narrative: RegulatedAuthorization</b><a name="authorizationda0fc2395ce219262dfd4f0c9a9f72e10"> </a><a name="hcauthorizationda0fc2395ce219262dfd4f0c9a9f72e10"> </a></p><div style="display: inline-block; background-color: #d9e0e7; padding: 6px; margin: 4px; border: 1px solid #8da1b4; border-radius: 5px; line-height: 60%"><p style="margin-bottom: 0px">Resource RegulatedAuthorization &quot;authorizationda0fc2395ce219262dfd4f0c9a9f72e10&quot; </p><p style="margin-bottom: 0px">Profile: <a href="https://build.fhir.org/ig/HL7/emedicinal-product-info//StructureDefinition-RegulatedAuthorization-uv-epi.html">RegulatedAuthorization (ePI)</a></p></div><p><b>identifier</b>: <code>https://spor.ema.europa.eu/pmswi</code>/59.032 (use: OFFICIAL)</p><p><b>subject</b>: <a href="MedicinalProductDefinition-mp1453e0f16ff6c1d3106ed737a7857578.html">MedicinalProductDefinition/mp1453e0f16ff6c1d3106ed737a7857578</a></p><p><b>type</b>: Marketing Authorisation <span style="background: LightGoldenRodYellow; margin: 4px; border: 1px solid khaki"> (rmswi#100000072062)</span></p><p><b>status</b>: Active <span style="background: LightGoldenRodYellow; margin: 4px; border: 1px solid khaki"> (<a href="http://hl7.org/fhir/R5/codesystem-publication-status.html">PublicationStatus</a>#active)</span></p><p><b>statusDate</b>: 2007-09-27</p><p><b>holder</b>: <a href="Organization-mah-94f8082c22713e050c3f2b55ea9d53ff.html">Organization/mah-94f8082c22713e050c3f2b55ea9d53ff</a> &quot;Lacer, S.A. - Boters, 5&quot;</p></div>
  </text>
  <identifier>
    <use value="official"/>
    <system value="https://spor.ema.europa.eu/pmswi"/>
    <value value="59.032"/>
  </identifier>
  <subject>
    <reference value="MedicinalProductDefinition/mp1453e0f16ff6c1d3106ed737a7857578"/>
  </subject>
  <type>
    <coding>
      <system value="https://spor.ema.europa.eu/rmswi"/>
      <code value="100000072062"/>
      <display value="Marketing Authorisation"/>
    </coding>
  </type>
  <status>
    <coding>
      <system value="http://hl7.org/fhir/publication-status"/>
      <code value="active"/>
      <display value="Active"/>
    </coding>
  </status>
  <statusDate value="2007-09-27"/>
  <holder>
    <reference value="Organization/mah-94f8082c22713e050c3f2b55ea9d53ff"/>
  </holder>
</RegulatedAuthorization>