{
  "codeSystems" : [
    {
      "url" : "http://hl7.eu/fhir/ig/gravitate-health/ValueSet/3point-category-vs",
      "version" : "0.1.0",
      "status" : "active",
      "name" : "ThreepointCategoryVS",
      "title" : null,
      "description" : null,
      "systems" : [
        "http://hl7.eu/fhir/ig/gravitate-health/CodeSystem/questi-dimens-cs"
      ],
      "uses" : {
      },
      "StructureDefinition-digital-literacy.html" : "Persona Dimension - Digital Literacy",
      "StructureDefinition-health-literacy.html" : "Persona Dimension - health Literacy"
    },
    {
      "url" : "http://hl7.eu/fhir/ig/gravitate-health/ValueSet/PDcategoryVS",
      "version" : "0.1.0",
      "status" : "active",
      "name" : "PDcategoryVS",
      "title" : null,
      "description" : null
    },
    {
      "url" : "http://hl7.eu/fhir/ig/gravitate-health/ValueSet/PDtypeVS",
      "version" : "0.1.0",
      "status" : "active",
      "name" : "PDtypeVS",
      "title" : null,
      "description" : null,
      "systems" : [
        "http://hl7.eu/fhir/ig/gravitate-health/CodeSystem/pd-type-cs"
      ]
    }
  ]
}
