<?xml version="1.0" encoding="UTF-8"?>

<AdministrableProductDefinition xmlns="http://hl7.org/fhir">
  <id value="adminprodcarbamazepine200"/>
  <meta>
    <profile value="http://hl7.org/fhir/uv/emedicinal-product-info/StructureDefinition/AdministrableProductDefinition-uv-epi"/>
  </meta>
  <text>
    <status value="generated"/><div xmlns="http://www.w3.org/1999/xhtml"><p><b>Generated Narrative: AdministrableProductDefinition</b><a name="adminprodcarbamazepine200"> </a></p><div style="display: inline-block; background-color: #d9e0e7; padding: 6px; margin: 4px; border: 1px solid #8da1b4; border-radius: 5px; line-height: 60%"><p style="margin-bottom: 0px">Resource AdministrableProductDefinition &quot;adminprodcarbamazepine200&quot; </p><p style="margin-bottom: 0px">Profile: <a href="https://build.fhir.org/ig/HL7/emedicinal-product-info//StructureDefinition-AdministrableProductDefinition-uv-epi.html">AdministrableProductDefinition (ePI)</a></p></div><p><b>identifier</b>: id: FB9808F4FED210183F412F9998622287</p><p><b>status</b>: active</p><p><b>formOf</b>: <a href="MedicinalProductDefinition-medprodcarbamazepine200.html">MedicinalProductDefinition/medprodcarbamazepine200</a></p><p><b>administrableDoseForm</b>: Tablet <span style="background: LightGoldenRodYellow; margin: 4px; border: 1px solid khaki"> (rmswi#10219000)</span></p><p><b>unitOfPresentation</b>: 15054000 <span style="background: LightGoldenRodYellow; margin: 4px; border: 1px solid khaki"> (rmswi#15054000)</span></p><p><b>producedFrom</b>: <a href="ManufacturedItemDefinition-manitemcarbamazepine200.html">ManufacturedItemDefinition/manitemcarbamazepine200</a></p><h3>RouteOfAdministrations</h3><table class="grid"><tr><td style="display: none">-</td><td><b>Code</b></td></tr><tr><td style="display: none">*</td><td>20053000 <span style="background: LightGoldenRodYellow; margin: 4px; border: 1px solid khaki"> (rmswi#20053000)</span></td></tr></table></div>
  </text>
  <identifier>
    <system value="https://www.who-umc.org/phpid"/>
    <value value="FB9808F4FED210183F412F9998622287"/>
  </identifier>
  <status value="active"/>
  <formOf>
    <reference value="MedicinalProductDefinition/medprodcarbamazepine200"/>
  </formOf>
  <administrableDoseForm>
    <coding>
      <system value="https://spor.ema.europa.eu/rmswi"/>
      <code value="10219000"/>
    </coding>
    <text value="Tablet"/>
  </administrableDoseForm>
  <unitOfPresentation>
    <coding>
      <system value="https://spor.ema.europa.eu/rmswi"/>
      <code value="15054000"/>
    </coding>
  </unitOfPresentation>
  <producedFrom>
    <reference value="ManufacturedItemDefinition/manitemcarbamazepine200"/>
  </producedFrom>
  <routeOfAdministration>
    <code>
      <coding>
        <system value="https://spor.ema.europa.eu/rmswi"/>
        <code value="20053000"/>
      </coding>
    </code>
  </routeOfAdministration>
</AdministrableProductDefinition>