<?xml version="1.0" encoding="UTF-8"?>

<AdministrableProductDefinition xmlns="http://hl7.org/fhir">
  <id value="ap-b5a6ac2496348cb06663deb81c55cb37"/>
  <meta>
    <profile value="http://hl7.org/fhir/uv/emedicinal-product-info/StructureDefinition/AdministrableProductDefinition-uv-epi"/>
  </meta>
  <text>
    <status value="generated"/><div xmlns="http://www.w3.org/1999/xhtml"><p><b>Generated Narrative: AdministrableProductDefinition</b><a name="ap-b5a6ac2496348cb06663deb81c55cb37"> </a></p><div style="display: inline-block; background-color: #d9e0e7; padding: 6px; margin: 4px; border: 1px solid #8da1b4; border-radius: 5px; line-height: 60%"><p style="margin-bottom: 0px">Resource AdministrableProductDefinition &quot;ap-b5a6ac2496348cb06663deb81c55cb37&quot; </p><p style="margin-bottom: 0px">Profile: <a href="https://build.fhir.org/ig/HL7/emedicinal-product-info//StructureDefinition-AdministrableProductDefinition-uv-epi.html">AdministrableProductDefinition (ePI)</a></p></div><p><b>identifier</b>: id: naturesplus-1</p><p><b>status</b>: active</p><p><b>formOf</b>: <a href="MedicinalProductDefinition-mp96d7b1b575aa8164c8c2b4cbe70f252a.html">MedicinalProductDefinition/mp96d7b1b575aa8164c8c2b4cbe70f252a</a></p><p><b>administrableDoseForm</b>: Powder for oral solution <span style="background: LightGoldenRodYellow; margin: 4px; border: 1px solid khaki"> (rmswi#100000073364)</span></p><p><b>unitOfPresentation</b>: Can <span style="background: LightGoldenRodYellow; margin: 4px; border: 1px solid khaki"> (rmswi#200000022800)</span></p><p><b>producedFrom</b>: <a href="ManufacturedItemDefinition-mid-b5a6ac2496348cb06663deb81c55cb37.html">ManufacturedItemDefinition/mid-b5a6ac2496348cb06663deb81c55cb37</a></p><blockquote><p><b>routeOfAdministration</b></p><p><b>code</b>: Oral use <span style="background: LightGoldenRodYellow; margin: 4px; border: 1px solid khaki"> (rmswi#100000073619)</span></p><h3>TargetSpecies</h3><table class="grid"><tr><td style="display: none">-</td><td><b>Code</b></td></tr><tr><td style="display: none">*</td><td>Human <span style="background: LightGoldenRodYellow; margin: 4px; border: 1px solid khaki"> (rmswi#100000109093)</span></td></tr></table></blockquote></div>
  </text>
  <identifier>
    <system value="https://spor.ema.europa.eu/pmswi"/>
    <value value="naturesplus-1"/>
  </identifier>
  <status value="active"/>
  <formOf>
    <reference value="MedicinalProductDefinition/mp96d7b1b575aa8164c8c2b4cbe70f252a"/>
  </formOf>
  <administrableDoseForm>
    <coding>
      <system value="https://spor.ema.europa.eu/rmswi"/>
      <code value="100000073364"/>
      <display value="Powder for oral solution"/>
    </coding>
  </administrableDoseForm>
  <unitOfPresentation>
    <coding>
      <system value="https://spor.ema.europa.eu/rmswi"/>
      <code value="200000022800"/>
      <display value="Can"/>
    </coding>
  </unitOfPresentation>
  <producedFrom>
    <reference value="ManufacturedItemDefinition/mid-b5a6ac2496348cb06663deb81c55cb37"/>
  </producedFrom>
  <routeOfAdministration>
    <code>
      <coding>
        <system value="https://spor.ema.europa.eu/rmswi"/>
        <code value="100000073619"/>
        <display value="Oral use"/>
      </coding>
    </code>
    <targetSpecies>
      <code>
        <coding>
          <system value="https://spor.ema.europa.eu/rmswi"/>
          <code value="100000109093"/>
          <display value="Human"/>
        </coding>
      </code>
    </targetSpecies>
  </routeOfAdministration>
</AdministrableProductDefinition>