<?xml version="1.0" encoding="UTF-8"?>

<ClinicalUseDefinition xmlns="http://hl7.org/fhir">
  <id value="83f4a22f-9e5e-4941-9fdb-339a0f1f2055"/>
  <meta>
    <profile value="http://hl7.org/fhir/uv/emedicinal-product-info/StructureDefinition/ClinicalUseDefinition-contraindication-uv-epi"/>
  </meta>
  <text>
    <status value="generated"/><div xmlns="http://www.w3.org/1999/xhtml"><p><b>Generated Narrative: ClinicalUseDefinition</b><a name="83f4a22f-9e5e-4941-9fdb-339a0f1f2055"> </a></p><div style="display: inline-block; background-color: #d9e0e7; padding: 6px; margin: 4px; border: 1px solid #8da1b4; border-radius: 5px; line-height: 60%"><p style="margin-bottom: 0px">Resource ClinicalUseDefinition &quot;83f4a22f-9e5e-4941-9fdb-339a0f1f2055&quot; </p><p style="margin-bottom: 0px">Profile: <a href="https://build.fhir.org/ig/HL7/emedicinal-product-info//StructureDefinition-ClinicalUseDefinition-contraindication-uv-epi.html">ClinicalUseDefinition Contraindication (ePI)</a></p></div><p><b>identifier</b>: id: Gastrointestinal disorders (use: OFFICIAL)</p><p><b>type</b>: contraindication</p><p><b>subject</b>: <a href="MedicinalProductDefinition-cava75mgblisterx28.html">MedicinalProductDefinition/cava75mgblisterx28</a></p><blockquote><p><b>contraindication</b></p><h3>DiseaseSymptomProcedures</h3><table class="grid"><tr><td style="display: none">-</td><td><b>Concept</b></td></tr><tr><td style="display: none">*</td><td>Diabetis Mellitus <span style="background: LightGoldenRodYellow; margin: 4px; border: 1px solid khaki"> (mdr#10012601)</span></td></tr></table></blockquote></div>
  </text>
  <identifier>
    <use value="official"/>
    <system value="https://spor.ema.europa.eu/rmswi#"/>
    <value value="Gastrointestinal disorders"/>
  </identifier>
  <type value="contraindication"/>
  <subject>
    <reference value="MedicinalProductDefinition/cava75mgblisterx28"/>
  </subject>
  <contraindication>
    <diseaseSymptomProcedure>
      <concept>
        <coding>
          <system value="http://terminology.hl7.org/CodeSystem/mdr"/>
          <code value="10012601"/>
          <display value="Diabetis Mellitus"/>
        </coding>
      </concept>
    </diseaseSymptomProcedure>
  </contraindication>
</ClinicalUseDefinition>