<?xml version="1.0" encoding="UTF-8"?>

<ClinicalUseDefinition xmlns="http://hl7.org/fhir">
  <id value="cud-585e364c14debe29f6c6b564138aa400"/>
  <meta>
    <profile value="http://hl7.org/fhir/uv/emedicinal-product-info/StructureDefinition/ClinicalUseDefinition-indication-uv-epi"/>
  </meta>
  <text>
    <status value="generated"/><div xmlns="http://www.w3.org/1999/xhtml"><p><b>Generated Narrative: ClinicalUseDefinition</b><a name="cud-585e364c14debe29f6c6b564138aa400"> </a></p><div style="display: inline-block; background-color: #d9e0e7; padding: 6px; margin: 4px; border: 1px solid #8da1b4; border-radius: 5px; line-height: 60%"><p style="margin-bottom: 0px">Resource ClinicalUseDefinition &quot;cud-585e364c14debe29f6c6b564138aa400&quot; </p><p style="margin-bottom: 0px">Profile: <a href="https://build.fhir.org/ig/HL7/emedicinal-product-info//StructureDefinition-ClinicalUseDefinition-indication-uv-epi.html">ClinicalUseDefinition Indication (ePI)</a></p></div><p><b>type</b>: indication</p><p><b>subject</b>: <a href="MedicinalProductDefinition-mp873a1a47330e628770640f9c96c0761e.html">MedicinalProductDefinition/mp873a1a47330e628770640f9c96c0761e</a></p><blockquote><p><b>indication</b></p><h3>DiseaseSymptomProcedures</h3><table class="grid"><tr><td style="display: none">-</td><td><b>Concept</b></td></tr><tr><td style="display: none">*</td><td>Hypertension <span style="background: LightGoldenRodYellow; margin: 4px; border: 1px solid khaki"> (mdr#10020772)</span></td></tr></table></blockquote></div>
  </text>
  <type value="indication"/>
  <subject>
    <reference value="MedicinalProductDefinition/mp873a1a47330e628770640f9c96c0761e"/>
  </subject>
  <indication>
    <diseaseSymptomProcedure>
      <concept>
        <coding>
          <system value="http://terminology.hl7.org/CodeSystem/mdr"/>
          <code value="10020772"/>
          <display value="Hypertension"/>
        </coding>
      </concept>
    </diseaseSymptomProcedure>
  </indication>
</ClinicalUseDefinition>