<?xml version="1.0" encoding="UTF-8"?>

<ClinicalUseDefinition xmlns="http://hl7.org/fhir">
  <id value="cud-d79af6e660f456c6c7091803d6bd1a92"/>
  <meta>
    <profile value="http://hl7.org/fhir/uv/emedicinal-product-info/StructureDefinition/ClinicalUseDefinition-contraindication-uv-epi"/>
  </meta>
  <text>
    <status value="generated"/><div xmlns="http://www.w3.org/1999/xhtml"><p><b>Generated Narrative: ClinicalUseDefinition</b><a name="cud-d79af6e660f456c6c7091803d6bd1a92"> </a></p><div style="display: inline-block; background-color: #d9e0e7; padding: 6px; margin: 4px; border: 1px solid #8da1b4; border-radius: 5px; line-height: 60%"><p style="margin-bottom: 0px">Resource ClinicalUseDefinition &quot;cud-d79af6e660f456c6c7091803d6bd1a92&quot; </p><p style="margin-bottom: 0px">Profile: <a href="https://build.fhir.org/ig/HL7/emedicinal-product-info//StructureDefinition-ClinicalUseDefinition-contraindication-uv-epi.html">ClinicalUseDefinition Contraindication (ePI)</a></p></div><p><b>identifier</b>: id: pregnancy (use: OFFICIAL)</p><p><b>type</b>: contraindication</p><p><b>subject</b>: <a href="MedicinalProductDefinition-mp2a9c4333cfd126f2e7b73ad3cafd6949.html">MedicinalProductDefinition/mp2a9c4333cfd126f2e7b73ad3cafd6949</a></p><blockquote><p><b>contraindication</b></p><h3>DiseaseSymptomProcedures</h3><table class="grid"><tr><td style="display: none">-</td><td><b>Concept</b></td></tr><tr><td style="display: none">*</td><td>nan <span style="background: LightGoldenRodYellow; margin: 4px; border: 1px solid khaki"> (mdr#nan)</span></td></tr></table></blockquote></div>
  </text>
  <identifier>
    <use value="official"/>
    <system value="https://spor.ema.europa.eu/rmswi/#/"/>
    <value value="pregnancy"/>
  </identifier>
  <type value="contraindication"/>
  <subject>
    <reference value="MedicinalProductDefinition/mp2a9c4333cfd126f2e7b73ad3cafd6949"/>
  </subject>
  <contraindication>
    <diseaseSymptomProcedure>
      <concept>
        <coding>
          <system value="http://terminology.hl7.org/CodeSystem/mdr"/>
          <code value="nan"/>
          <display value="nan"/>
        </coding>
      </concept>
    </diseaseSymptomProcedure>
  </contraindication>
</ClinicalUseDefinition>