<?xml version="1.0" encoding="UTF-8"?>

<Composition xmlns="http://hl7.org/fhir">
  <id value="composition-es-af8d2f6e4772c29a8ef9fbb165e80d28"/>
  <meta>
    <profile value="http://hl7.org/fhir/uv/emedicinal-product-info/StructureDefinition/Composition-uv-epi"/>
  </meta>
  <language value="es"/>
  <text>
    <status value="generated"/><div xmlns="http://www.w3.org/1999/xhtml" xml:lang="es" lang="es"><p><b>Generated Narrative: Composition</b><a name="composition-es-af8d2f6e4772c29a8ef9fbb165e80d28"> </a></p><div style="display: inline-block; background-color: #d9e0e7; padding: 6px; margin: 4px; border: 1px solid #8da1b4; border-radius: 5px; line-height: 60%"><p style="margin-bottom: 0px">Resource Composition &quot;composition-es-af8d2f6e4772c29a8ef9fbb165e80d28&quot;  (Language &quot;es&quot;) </p><p style="margin-bottom: 0px">Profile: <a href="https://build.fhir.org/ig/HL7/emedicinal-product-info//StructureDefinition-Composition-uv-epi.html">Composition (ePI)</a></p></div><p><b>identifier</b>: id: b7cf2cfd2bdde8f0293079dece00355e</p><p><b>status</b>: final</p><p><b>type</b>: Package Leaflet <span style="background: LightGoldenRodYellow; margin: 4px; border: 1px solid khaki"> (#100000155538)</span></p><p><b>category</b>: Raw <span style="background: LightGoldenRodYellow; margin: 4px; border: 1px solid khaki"> (<a href="CodeSystem-epicategory-cs.html">Category of EPI</a>#R)</span></p><p><b>date</b>: 2022-02-16 13:28:17+0000</p><p><b>author</b>: <a href="Organization-mah-e0c4304ad134de29cff6bfff6e3a9ad7.html">Organization/mah-e0c4304ad134de29cff6bfff6e3a9ad7</a> &quot;Arkopharma LABORATORIOS, S.A.U,&quot;</p><p><b>title</b>: TEST PURPOSES ONLY - HIPÉRICO ARKOPHARMA cápsulas duras</p><h3>Attesters</h3><table class="grid"><tr><td style="display: none">-</td><td><b>Mode</b></td><td><b>Time</b></td></tr><tr><td style="display: none">*</td><td>Official <span style="background: LightGoldenRodYellow; margin: 4px; border: 1px solid khaki"> (<a href="http://hl7.org/fhir/R5/codesystem-composition-attestation-mode.html">Composition Attestation Mode</a>#official)</span></td><td>2022-02-16 13:28:17+0000</td></tr></table></div>
  </text>
  <identifier>
    <system value="https://spor.ema.europa.eu/rmswi/"/>
    <value value="b7cf2cfd2bdde8f0293079dece00355e"/>
  </identifier>
  <status value="final"/>
  <type>
    <coding>
      <system value="https://spor.ema.europa.eu/rmswi/"/>
      <code value="100000155538"/>
    </coding>
    <text value="Package Leaflet"/>
  </type>
  <category>
    <coding>
      <system value="http://hl7.eu/fhir/ig/gravitate-health/CodeSystem/epicategory-cs"/>
      <code value="R"/>
      <display value="Raw"/>
    </coding>
  </category>
  <subject>
    <reference value="MedicinalProductDefinition/mpaf8d2f6e4772c29a8ef9fbb165e80d28"/>
  </subject>
  <date value="2022-02-16T13:28:17Z"/>
  <author>
    <reference value="Organization/mah-e0c4304ad134de29cff6bfff6e3a9ad7"/>
  </author>
  <title value="TEST PURPOSES ONLY - HIPÉRICO ARKOPHARMA cápsulas duras"/>
  <attester>
    <mode>
      <coding>
        <system value="http://hl7.org/fhir/composition-attestation-mode"/>
        <code value="official"/>
      </coding>
    </mode>
    <time value="2022-02-16T13:28:17Z"/>
  </attester>
  <section>
    <title value="B. Package Leaflet"/>
    <code>
      <coding>
        <system value="https://spor.ema.europa.eu/rmswi/"/>
        <code value="100000155538"/>
      </coding>
      <text value="B. PACKAGE LEAFLET"/>
    </code>
    <text>
      <status value="additional"/><div xmlns="http://www.w3.org/1999/xhtml">unavailable</div>
    </text>
    <emptyReason>
      <coding>
        <system value="http://terminology.hl7.org/CodeSystem/list-empty-reason"/>
        <code value="unavailable"/>
      </coding>
    </emptyReason>
    <section>
      <title value="Package leaflet: Information for the user"/>
      <code>
        <coding>
          <system value="https://spor.ema.europa.eu/rmswi/"/>
          <code value="100000155538"/>
        </coding>
        <text value="Package leaflet: Information for the user"/>
      </code>
      <text>
        <status value="additional"/><div xmlns="http://www.w3.org/1999/xhtml"><div><p style="margin:0pt; text-align:center; line-height:115%; font-size:11pt"><strong><span style="font-family:Times New Roman; font-size:11pt;">PROSPECTO: INFORMACIÓN PARA EL USUARIO</span></strong></p><p style="margin:0pt; text-align:center; line-height:115%; font-size:11pt"><strong><span style="font-family:Times New Roman; font-size:11pt;">HIPÉRICO ARKOPHARMA cápsulas duras</span></strong></p><p style="margin:0pt; text-align:center; line-height:115%; font-size:11pt"><strong><em><span style="font-family:Times New Roman; font-size:11pt;">Hypericum perforatum</span></em></strong> <strong><span style="font-family:Times New Roman; font-size:11pt;">L.</span></strong></p><p style="margin:0pt; text-align:center; line-height:115%; font-size:11pt"><strong><span style="font-family:Times New Roman; font-size:11pt;">&#xa0;</span></strong></p><p style="margin:0pt; text-align:justify; line-height:115%; font-size:11pt"><strong><span style="font-family:Times New Roman; font-size:11pt;">Lea todo el prospecto detenidamente antes de empezar a tomar este medicamento, porque contiene información importante para usted.</span></strong></p><p style="margin:0pt; text-align:justify; line-height:115%; font-size:11pt"><span style="font-family:Times New Roman; font-size:11pt">Siga exactamente las instrucciones de administración del medicamento contenidas en este prospecto o las indicadas por su farmacéutico, médico o enfermero.</span></p><p style="margin:0pt; text-align:justify; line-height:115%; font-size:11pt"><span style="font-family:Times New Roman; font-size:11pt">- Conserve este prospecto, ya que puede tener que volver a leerlo.</span></p><p style="margin:0pt; text-align:justify; line-height:115%; font-size:11pt"><span style="font-family:Times New Roman; font-size:11pt">- Si necesita consejo o más información, consulte a su farmacéutico.</span></p><p style="margin:0pt; text-align:justify; line-height:115%; font-size:11pt"><span style="font-family:Times New Roman; font-size:11pt">- Si experimenta efectos adversos, consulte a su médico, farmacéutico o enfermero, incluso si se trata de efectos adversos que no aparecen en este prospecto.</span></p><p style="margin:0pt; text-align:justify; line-height:115%; font-size:11pt"><span style="font-family:Times New Roman; font-size:11pt">- Debe consultar a un médico si empeora o si no mejora después de 28 días de tratamiento.</span></p><p style="margin:0pt; text-align:justify; line-height:115%; font-size:11pt"><strong><span style="font-family:Times New Roman; font-size:11pt;">&#xa0;</span></strong></p></div></div>
      </text>
    </section>
    <section>
      <title value="What is in this leaflet"/>
      <code>
        <coding>
          <system value="https://spor.ema.europa.eu/rmswi/"/>
          <code value="100000155538"/>
        </coding>
        <text value="What is in this leaflet"/>
      </code>
      <text>
        <status value="additional"/><div xmlns="http://www.w3.org/1999/xhtml"><p style="margin:0pt; text-align:justify; line-height:115%; font-size:11pt"><strong><span style="font-family:Times New Roman; font-size:11pt;">Contenido del prospecto</span></strong></p><p style="margin:0pt; text-align:justify; line-height:115%; font-size:11pt"><strong><span style="font-family:Times New Roman; font-size:11pt;">&#xa0;</span></strong></p><p style="margin:0pt; text-align:justify; line-height:115%; font-size:11pt"><span style="font-family:Times New Roman; font-size:11pt">1. Qué es</span> <strong><span style="font-family:Times New Roman; font-size:11pt;">HIPÉRICO ARKOPHARMA</span></strong> <span style="font-family:Times New Roman; font-size:11pt">y para qué se utiliza</span></p><p style="margin:0pt; text-align:justify; line-height:115%; font-size:11pt"><span style="font-family:Times New Roman; font-size:11pt">2. Qué necesita saber antes de empezar a tomar</span> <strong><span style="font-family:Times New Roman; font-size:11pt;">HIPÉRICO ARKOPHARMA</span></strong></p><p style="margin:0pt; text-align:justify; line-height:115%; font-size:11pt"><span style="font-family:Times New Roman; font-size:11pt">3. Cómo tomar</span> <strong><span style="font-family:Times New Roman; font-size:11pt;">HIPÉRICO ARKOPHARMA</span></strong></p><p style="margin:0pt; text-align:justify; line-height:115%; font-size:11pt"><span style="font-family:Times New Roman; font-size:11pt">4. Posibles efectos adversos</span></p><p style="margin:0pt; text-align:justify; line-height:115%; font-size:11pt"><span style="font-family:Times New Roman; font-size:11pt">5. Conservación de</span> <strong><span style="font-family:Times New Roman; font-size:11pt;">HIPÉRICO ARKOPHARMA</span></strong> <span style="font-family:Times New Roman; font-size:11pt">6. Contenido del envase e información adicional.</span></p></div>
      </text>
    </section>
    <section>
      <title value="1. What HIPÉRICO ARKOPHARMA cápsulas duras is and what it is used for"/>
      <code>
        <coding>
          <system value="https://spor.ema.europa.eu/rmswi/"/>
          <code value="100000155538"/>
        </coding>
        <text value="1. What HIPÉRICO ARKOPHARMA cápsulas duras is and what it is used for"/>
      </code>
      <text>
        <status value="additional"/><div xmlns="http://www.w3.org/1999/xhtml"><div><p style="margin:0pt; text-align:justify; line-height:115%; font-size:11pt"><span style="font-family:Times New Roman; font-size:11pt">Medicamento a base de plantas para el tratamiento sintomático de los estados de decaimiento que cursan con desánimo, pérdida de interés, cansancio y alteraciones del sueño.</span></p><p style="margin:0pt; text-align:justify; line-height:115%; font-size:11pt"><span style="font-family:Times New Roman; font-size:11pt">Debe consultar a un médico si empeora o si no mejora después de 28 días.</span></p></div></div>
      </text>
    </section>
    <section>
      <title value="2. What you need to know before you take HIPÉRICO ARKOPHARMA cápsulas duras"/>
      <code>
        <coding>
          <system value="https://spor.ema.europa.eu/rmswi/"/>
          <code value="100000155538"/>
        </coding>
        <text value="2. What you need to know before you take HIPÉRICO ARKOPHARMA cápsulas duras"/>
      </code>
      <text>
        <status value="additional"/><div xmlns="http://www.w3.org/1999/xhtml"><div><p style="margin:0pt; text-align:justify; line-height:115%; font-size:9pt"><strong><span style="font-family:Times New Roman; font-size:9pt;">&#xa0;</span></strong></p><p style="margin:0pt; text-align:justify; line-height:115%; font-size:11pt"><strong><span style="font-family:Times New Roman; font-size:11pt;">No tome HIPÉRICO ARKOPHARMA</span></strong></p><ul style="margin:0pt; padding-left:0pt"><li style="margin:0pt 0pt 0pt 21.3pt; text-indent:-18pt; text-align:justify; font-family:serif; font-size:11pt; list-style-position:inside"><span style="font:7.0pt Times New Roman">&#xa0;&#xa0;&#xa0;&#xa0;&#xa0;&#xa0;&#xa0;&#xa0;&#xa0;&#xa0;&#xa0;&#xa0;&#xa0;&#xa0;&#xa0;</span> <span style="font-family:Times New Roman; font-size:11pt">Si es menor de 18 años.</span></li><li style="margin:0pt 0pt 0pt 21.3pt; text-indent:-18pt; text-align:justify; font-family:serif; font-size:11pt; list-style-position:inside"><span style="font:7.0pt Times New Roman">&#xa0;&#xa0;&#xa0;&#xa0;&#xa0;&#xa0;&#xa0;&#xa0;&#xa0;&#xa0;&#xa0;&#xa0;&#xa0;&#xa0;&#xa0;</span> <span style="font-family:Times New Roman; font-size:11pt">Si usted está embarazada o en periodo de lactancia.</span></li><li style="margin:0pt 0pt 0pt 21.3pt; text-indent:-18pt; text-align:justify; font-family:serif; font-size:11pt; list-style-position:inside"><span style="font:7.0pt Times New Roman">&#xa0;&#xa0;&#xa0;&#xa0;&#xa0;&#xa0;&#xa0;&#xa0;&#xa0;&#xa0;&#xa0;&#xa0;&#xa0;&#xa0;&#xa0;</span> <span style="font-family:Times New Roman; font-size:11pt">Si es alérgico a</span> <em><span style="font-family:Times New Roman; font-size:11pt;">Hypericum perforatum</span></em> <span style="font-family:Times New Roman; font-size:11pt">L. o a cualquiera de los componentes del medicamento.</span></li><li style="margin:0pt 0pt 0pt 21.3pt; text-indent:-18pt; text-align:justify; font-family:serif; font-size:11pt; list-style-position:inside"><span style="font:7.0pt Times New Roman">&#xa0;&#xa0;&#xa0;&#xa0;&#xa0;&#xa0;&#xa0;&#xa0;&#xa0;&#xa0;&#xa0;&#xa0;&#xa0;&#xa0;&#xa0;</span> <span style="font-family:Times New Roman; font-size:11pt">Si va a someterse a alguna intervención quirúrgica que requiera tratamiento con otros medicamentos.</span></li><li style="margin:0pt 0pt 0pt 21.3pt; text-indent:-18pt; text-align:justify; font-family:serif; font-size:11pt; list-style-position:inside"><span style="font:7.0pt Times New Roman">&#xa0;&#xa0;&#xa0;&#xa0;&#xa0;&#xa0;&#xa0;&#xa0;&#xa0;&#xa0;&#xa0;&#xa0;&#xa0;&#xa0;&#xa0;</span> <span style="font-family:Times New Roman; font-size:11pt">Si usted está en tratamiento con alguno de los medicamentos indicados en este prospecto. Algunos componentes del hipérico (</span><em><span style="font-family:Times New Roman; font-size:11pt;">Hypericum perforatum</span></em> <span style="font-family:Times New Roman; font-size:11pt">L.) pueden producir interacciones farmacocinéticas con gran número de medicamentos, ocasionando un posible descenso de su efectividad (ver la información sobre la toma de otros medicamentos).</span></li></ul><p style="margin:0pt; text-align:justify; line-height:115%; font-size:11pt"><strong><span style="font-family:Times New Roman; font-size:11pt;">&#xa0;</span></strong></p><p style="margin:0pt; text-align:justify; line-height:115%; font-size:11pt"><strong><span style="font-family:Times New Roman; font-size:11pt;">Advertencias y precauciones</span></strong></p><p style="margin:0pt; text-align:justify; line-height:115%; font-size:11pt"><span style="font-family:Times New Roman; font-size:11pt">Consulte a su farmacéutico, médico o enfermero antes de empezar a tomar HIPÉRICO ARKOPHARMA.</span></p><p style="margin:0pt; text-align:justify; line-height:115%; font-size:11pt"><span style="font-family:Times New Roman; font-size:11pt">Si usted está tomando HIPÉRICO ARKOPHARMA, evite exposiciones intensas a los rayos UV (largas exposiciones al sol o baños de rayos UVA).</span></p><p style="margin:0pt; text-align:justify; line-height:115%; font-size:11pt"><span style="font-family:Times New Roman; font-size:11pt">&#xa0;</span></p><p style="margin:0pt; text-align:justify; line-height:115%; font-size:11pt"><span style="font-family:Times New Roman; font-size:11pt">Las mujeres que utilizan anticonceptivos orales no deben utilizar simultáneamente este medicamento porque puede producir sangrado entre los ciclos menstruales y falta de eficacia de los medicamentos anticonceptivos.</span><a name="OLE_LINK3" id="OLE_LINK3"></a></p><p style="margin:0pt; text-align:justify; line-height:115%; font-size:9pt"><span style="font-family:Times New Roman; font-size:9pt">&#xa0;</span></p><p style="margin:0pt; text-align:justify; line-height:115%; font-size:11pt"><span style="font-family:Times New Roman; font-size:11pt">Evite las exposiciones a radiación solar intensa o a radiación ultravioleta artificial durante la toma de este medicamento. No se recomienda el uso de este medicamento durante tratamientos de fototerapia (tratamientos con rayos UVA) o si va a ser sometido a algún estudio de fotodiagnóstico, particularmente en personas de piel clara, ya que se podrían producir reacciones similares a las quemaduras solares en la piel expuesta</span><span style="font-family:Times New Roman; font-size:11pt">.</span></p><p style="margin:0pt; text-align:justify; line-height:115%; font-size:11pt"><span style="font-family:Times New Roman; font-size:11pt">&#xa0;</span></p><p style="margin:0pt; text-align:justify; line-height:115%; font-size:11pt"><span style="font-family:Times New Roman; font-size:11pt">Si usted ha sido diagnosticado de depresión y está en tratamiento con medicamentos psicotrópicos o con antidepresivos inhibidores selectivos de la recaptación de serotonina o medicamentos del grupo de los triptanos, no debe utilizar este medicamento.</span></p><p style="margin:0pt; text-align:justify; line-height:115%; font-size:11pt"><span style="font-family:Times New Roman; font-size:11pt">&#xa0;</span></p><p style="margin:0pt; text-align:justify; line-height:115%; font-size:11pt"><span style="font-family:Times New Roman; font-size:11pt">Se deberá dejar de tomar este medicamento 10 días antes de una operación quirúrgica u otra intervención clínica programada a fin de evitar interacciones potenciales con otros medicamentos, durante el uso de anestesia general o local.</span></p><p style="margin:0pt; text-align:justify; line-height:115%; font-size:11pt"><span style="font-family:Times New Roman; font-size:11pt">&#xa0;</span></p><p style="margin:0pt; text-align:justify; line-height:115%; font-size:11pt"><strong><span style="font-family:Times New Roman; font-size:11pt;">Niños y adolescentes</span></strong></p><p style="margin:0pt; text-align:justify; line-height:115%; font-size:11pt"><span style="font-family:Times New Roman; font-size:11pt">No deben utilizar este medicamento los niños y adolescentes menores de 18 años.</span></p><p style="margin:0pt; text-align:justify; line-height:115%; font-size:11pt"><span style="font-family:Times New Roman; font-size:11pt">&#xa0;</span></p><p style="margin:0pt; text-align:justify; line-height:115%; font-size:11pt"><span style="font-family:Times New Roman; font-size:11pt">&#xa0;</span></p><p style="margin:0pt; text-align:justify; line-height:115%; font-size:11pt"><strong><span style="font-family:Times New Roman; font-size:11pt;">Uso de HIPÉRICO ARKOPHARMA con otros medicamentos</span></strong></p><p style="margin:0pt; text-align:justify; line-height:115%; font-size:11pt"><span style="font-family:Times New Roman; font-size:11pt">Algunos componentes del hipérico (</span><em><span style="font-family:Times New Roman; font-size:11pt;">Hypericum perforatum</span></em> <span style="font-family:Times New Roman; font-size:11pt">L.) pueden producir una reducción de los efectos terapéuticos de otros medicamentos, cuando se toman simultáneamente con hipérico. En los tratamientos que pueden verse afectados por este medicamento se incluyen los medicamentos recomendados por su médico y también los que usted puede adquirir sin prescripción del médico.</span></p><p style="margin:0pt; text-align:justify; line-height:115%; font-size:11pt"><span style="font-family:Times New Roman; font-size:11pt">&#xa0;</span></p><p style="margin:0pt; text-align:justify; line-height:115%; font-size:11pt"><span style="font-family:Times New Roman; font-size:11pt">No deben comenzar a utilizar preparados de hipérico sin consultar antes con su médico o farmacéutico, los pacientes que estén tomando los siguientes medicamentos:</span></p><ul style="margin:0pt; padding-left:0pt"><li style="margin:0pt 0pt 0pt 28.06pt; text-indent:0pt; text-align:justify; padding-left:7.94pt; font-family:serif; font-size:11pt"><span style="font-family:Times New Roman; font-size:11pt">para el SIDA (antirretrovirales)</span></li><li style="margin:0pt 0pt 0pt 28.06pt; text-indent:0pt; text-align:justify; padding-left:7.94pt; font-family:serif; font-size:11pt"><span style="font-family:Times New Roman; font-size:11pt">para el rechazo de trasplantes (ciclosporina)</span></li><li style="margin:0pt 0pt 0pt 28.06pt; text-indent:0pt; text-align:justify; padding-left:7.94pt; font-family:serif; font-size:11pt"><span style="font-family:Times New Roman; font-size:11pt">para la epilepsia</span></li><li style="margin:0pt 0pt 0pt 28.06pt; text-indent:0pt; text-align:justify; padding-left:7.94pt; font-family:serif; font-size:11pt"><span style="font-family:Times New Roman; font-size:11pt">para el corazón (digoxina)</span></li><li style="margin:0pt 0pt 0pt 28.06pt; text-indent:0pt; text-align:justify; padding-left:7.94pt; font-family:serif; font-size:11pt"><span style="font-family:Times New Roman; font-size:11pt">para el tratamiento del asma o bronquitis crónica (teofilina)</span></li><li style="margin:0pt 0pt 0pt 28.06pt; text-indent:0pt; text-align:justify; padding-left:7.94pt; font-family:serif; font-size:11pt"><span style="font-family:Times New Roman; font-size:11pt">para la migraña</span></li><li style="margin:0pt 0pt 0pt 28.06pt; text-indent:0pt; text-align:justify; padding-left:7.94pt; font-family:serif; font-size:11pt"><span style="font-family:Times New Roman; font-size:11pt">para la depresión</span></li><li style="margin:0pt 0pt 0pt 28.06pt; text-indent:0pt; text-align:justify; padding-left:7.94pt; font-family:serif; font-size:11pt"><span style="font-family:Times New Roman; font-size:11pt">anticoagulantes orales</span></li><li style="margin:0pt 0pt 0pt 28.06pt; text-indent:0pt; text-align:justify; padding-left:7.94pt; font-family:serif; font-size:11pt"><span style="font-family:Times New Roman; font-size:11pt">anticonceptivos orales</span></li></ul><p style="margin:0pt; text-align:justify; line-height:115%; font-size:11pt"><span style="font-family:Times New Roman; font-size:11pt">&#xa0;</span></p><p style="margin:0pt; text-align:justify; line-height:115%; font-size:11pt"><span style="font-family:Times New Roman; font-size:11pt">Para mayor información, consulte la siguiente lista:</span></p><p style="margin:0pt; text-align:justify; line-height:115%; font-size:11pt"><span style="font-family:Times New Roman; font-size:11pt">&#xa0;</span></p><p style="margin:0pt; text-align:justify; line-height:115%; font-size:11pt"><span style="font-family:Times New Roman; font-size:11pt">No tome este medicamento si usted está en tratamiento con cualquier medicamento de los indicados en este listado:</span></p><p style="margin:0pt; text-align:justify; line-height:115%; font-size:11pt"><strong><span style="font-family:Times New Roman; font-size:11pt;">•Agonistas 5HT (Triptanes):</span></strong> <span style="font-family:Times New Roman; font-size:11pt">tales como almotriptan, eleptriptan, frovatriptan, naratriptan, rizatriptan, sumatriptan, zolmitriptan;</span> <strong><span style="font-family:Times New Roman; font-size:11pt;">•Analgésicos:</span></strong> <span style="font-family:Times New Roman; font-size:11pt">tales como tramadol;</span> <strong><span style="font-family:Times New Roman; font-size:11pt;">•Anestésicos/ medicamentos para la preparación de una intervención quirúrgica</span></strong><span style="font-family:Times New Roman; font-size:11pt">: tales como fentanilo, propofol, midazolam, sevoflurano;</span> <strong><span style="font-family:Times New Roman; font-size:11pt;">•Ansiolíticos</span></strong><span style="font-family:Times New Roman; font-size:11pt">: tales como buspirona;</span> <strong><span style="font-family:Times New Roman; font-size:11pt;">•Antagonistas hormonales:</span></strong><span style="font-family:Times New Roman; font-size:11pt"> tales como exemestano;</span> <strong><span style="font-family:Times New Roman; font-size:11pt;">•Antianginosos:</span></strong> <span style="font-family:Times New Roman; font-size:11pt">tales como ivabradina;</span> <strong><span style="font-family:Times New Roman; font-size:11pt;">•Antiarrítmicos</span></strong><span style="font-family:Times New Roman; font-size:11pt">: tales como amiodarona;</span> <strong><span style="font-family:Times New Roman; font-size:11pt;">Antibacterianos</span></strong><span style="font-family:Times New Roman; font-size:11pt">: tales como eritromicina, claritromicina, telitromicina;</span> <strong><span style="font-family:Times New Roman; font-size:11pt;">•Anticoagulantes:</span></strong> <span style="font-family:Times New Roman; font-size:11pt">tales como warfarina, acenocumarol;</span> <strong><span style="font-family:Times New Roman; font-size:11pt;">•Anticonceptivos Hormonales:</span></strong> <span style="font-family:Times New Roman; font-size:11pt">anticonceptivos orales, anticonceptivos hormonales de emergencia (Píldora del día después), implantes e inyecciones hormonales, parches transdérmicos, dispositivos intrauterinos con hormonas;</span> <strong><span style="font-family:Times New Roman; font-size:11pt;">•Anticonvulsivantes (Antiepilépticos):</span></strong> <span style="font-family:Times New Roman; font-size:11pt">tales como carbamazepina, fenobarbital, fenitoína, primidona, valproato sódico;</span> <strong><span style="font-family:Times New Roman; font-size:11pt;">•Antidepresivos Tricíclicos</span></strong><span style="font-family:Times New Roman; font-size:11pt">: tales como amitriptilina, clomipramina;</span> <strong><span style="font-family:Times New Roman; font-size:11pt;">IMAO:</span></strong> <span style="font-family:Times New Roman; font-size:11pt">tales como moclobemida;</span> <strong><span style="font-family:Times New Roman; font-size:11pt;">ISRS</span></strong> <span style="font-family:Times New Roman; font-size:11pt">(inhibidores selectivos de la recaptación de serotonina) tales como citalopram, fluoxetina, fluvoxamina, paroxetina, sertralina;</span> <strong><span style="font-family:Times New Roman; font-size:11pt;">Otros antidepresivos</span></strong> <span style="font-family:Times New Roman; font-size:11pt">como duloxetina, venlafaxina;</span> <strong><span style="font-family:Times New Roman; font-size:11pt;">•Antifúngicos:</span></strong><span style="font-family:Times New Roman; font-size:11pt"> tales como itraconazol, voriconazol;</span> <strong><span style="font-family:Times New Roman; font-size:11pt;">•Antimaláricos:</span></strong> <span style="font-family:Times New Roman; font-size:11pt">tales como lumefantrina;</span> <strong><span style="font-family:Times New Roman; font-size:11pt;">•Antiparkinsonianos:</span></strong> <span style="font-family:Times New Roman; font-size:11pt">tales como rasagilina;</span> <strong><span style="font-family:Times New Roman; font-size:11pt;">•Antisicóticos:</span></strong><span style="font-family:Times New Roman; font-size:11pt"> tales como aripiprazol;</span> <strong><span style="font-family:Times New Roman; font-size:11pt;">•Todos los Antivirales:</span></strong><span style="font-family:Times New Roman; font-size:11pt"> tales como</span> <strong><span style="font-family:Times New Roman; font-size:11pt;">Inhibidores de Proteasa</span></strong> <span style="font-family:Times New Roman; font-size:11pt">(amprenavir, atazanavir, darunavir, fosamprenavir indinavir, lopinavir, nelfinavir, ritonavir, saquinavir, tipranavir);</span> <strong><span style="font-family:Times New Roman; font-size:11pt;">Inhibidores de transcriptasa inversa no nucleósidos</span></strong> <span style="font-family:Times New Roman; font-size:11pt">(efavirenz, nevirapina, delavirdina);</span> <strong><span style="font-family:Times New Roman; font-size:11pt;">•Aprepitant</span></strong> <strong><span style="font-family:Times New Roman; font-size:11pt;">(</span></strong><span style="font-family:Times New Roman; font-size:11pt">se utiliza para evitar vómitos, tras un tratamiento con quimioterapia);</span> <strong><span style="font-family:Times New Roman; font-size:11pt;">•Barbituratos</span></strong> <span style="font-family:Times New Roman; font-size:11pt">tales como butobarbital, fenobarbital;</span> <strong><span style="font-family:Times New Roman; font-size:11pt;">•Bloqueadores de los canales del Calcio:</span></strong> <span style="font-family:Times New Roman; font-size:11pt">tales como amlodipina, nifedipina, verapamilo, felodipina;</span> <strong><span style="font-family:Times New Roman; font-size:11pt;">•Citotóxicos:</span></strong> <span style="font-family:Times New Roman; font-size:11pt">como irinotecan, dasatinib, erlotinib, imatinib, sorafenib, sunitinib, etoposido, mitotano;</span> <strong><span style="font-family:Times New Roman; font-size:11pt;">•Diuréticos:</span></strong> <span style="font-family:Times New Roman; font-size:11pt">tales como eplerenona;</span> <strong><span style="font-family:Times New Roman; font-size:11pt;">•Estimulantes de SNC:</span></strong><span style="font-family:Times New Roman; font-size:11pt"> tales como metilfenidato;</span> <strong><span style="font-family:Times New Roman; font-size:11pt;">•Glucósidos cardiacos:</span></strong> <span style="font-family:Times New Roman; font-size:11pt">tales como digoxina;</span> <strong><span style="font-family:Times New Roman; font-size:11pt;">•Hipoglucemiantes orales</span></strong> <span style="font-family:Times New Roman; font-size:11pt">(antidiabéticos orales): tales como gliclazida;</span> <strong><span style="font-family:Times New Roman; font-size:11pt;">•Hipolipemiantes:</span></strong> <span style="font-family:Times New Roman; font-size:11pt">tales como simvastatina, atorvastatina;</span> <strong><span style="font-family:Times New Roman; font-size:11pt;">•Hormonas tiroideas:</span></strong> <span style="font-family:Times New Roman; font-size:11pt">todos los medicamentos de esta clase incluido Tiroxina;</span> <strong><span style="font-family:Times New Roman; font-size:11pt;">•Inhibidores de la bomba de protones:</span></strong> <span style="font-family:Times New Roman; font-size:11pt">tales como lansoprazol, omeprazol;</span> <strong><span style="font-family:Times New Roman; font-size:11pt;">•Inmunosupresores:</span></strong> <span style="font-family:Times New Roman; font-size:11pt">tales como ciclosporina, tacrolimus;</span> <strong><span style="font-family:Times New Roman; font-size:11pt;">•Litio; •Teofilina; •Terapia hormonal de remplazo:</span></strong> <span style="font-family:Times New Roman; font-size:11pt">tales como los parches, geles, anillo vaginal)</span></p><p style="margin:0pt; text-align:justify; line-height:115%; font-size:11pt"><span style="font-family:Times New Roman; font-size:11pt">&#xa0;</span></p><p style="margin:0pt; text-align:justify; line-height:115%; font-size:11pt"><span style="font-family:Times New Roman; font-size:11pt">En caso de tratamiento concomitante de HIPÉRICO ARKOPHARMA con medicamentos anticoagulantes (como fenprocumona, warfarina, clopidogrel, ácido acetilsalicílico y otros antireumáticos no esteroideos) no puede excluirse que el efecto de estas preparaciones se vea aumentado</span><span style="font-family:Times New Roman; font-size:9pt">.</span></p><p style="margin:0pt; text-align:justify; line-height:115%; font-size:9pt"><span style="font-family:Times New Roman; font-size:9pt">&#xa0;</span></p><p style="margin:0pt; text-align:justify; line-height:115%; font-size:11pt"><span style="font-family:Times New Roman; font-size:11pt">No puede excluirse que HIPÉRICO ARKOPHARMA actúe sobre la metabolización de otros medicamentos lo que puede afectar a la potencia y/o duración del efecto de los medicamentos a los que se refiere. Por esta razón, consulte con su médico o farmacéutico antes de tomar HIPÉRICO ARKOPHARMA con otros tratamientos.</span></p><p style="margin:0pt; text-align:justify; line-height:115%; font-size:11pt"><span style="font-family:Times New Roman; font-size:11pt">&#xa0;</span></p><p style="margin:0pt; text-align:justify; line-height:115%; font-size:11pt"><span style="font-family:Times New Roman; font-size:11pt">Informe a su médico o farmacéutico si está tomando o ha tomado recientemente cualquier otro medicamento, incluso los adquiridos sin receta médica.</span></p><p style="margin:0pt; text-align:justify; line-height:115%; font-size:11pt"><span style="font-family:Times New Roman; font-size:11pt">&#xa0;</span></p><p style="margin:0pt; text-align:justify; line-height:115%; font-size:11pt"><span style="font-family:Times New Roman; font-size:11pt">Informe también a su médico o farmacéutico sobre cualquier sospecha de cambio en los efectos de los medicamentos que está tomando a la vez que HIPÉRICO ARKOPHARMA.</span></p><p style="margin:0pt; text-align:justify; line-height:115%; font-size:11pt"><span style="font-family:Times New Roman; font-size:11pt">&#xa0;</span></p><p style="margin:0pt; text-align:justify; line-height:115%; font-size:11pt"><strong><span style="font-family:Times New Roman; font-size:11pt;">Toma de HIPÉRICO ARKOPHARMA con los alimentos y bebidas</span></strong></p><p style="margin:0pt; text-align:justify; line-height:115%; font-size:11pt"><span style="font-family:Times New Roman; font-size:11pt">Los alimentos y las bebidas no tienen influencia sobre el efecto del medicamento.</span></p><p style="margin:0pt; text-align:justify; line-height:115%; font-size:11pt"><span style="font-family:Times New Roman; font-size:11pt">&#xa0;</span></p><p style="margin:0pt; text-align:justify; line-height:115%; font-size:11pt"><strong><span style="font-family:Times New Roman; font-size:11pt;">Embarazo, lactancia y fertilidad</span></strong></p><p style="margin:0pt; text-align:justify; line-height:115%; font-size:11pt"><span style="font-family:Times New Roman; font-size:11pt">Si está embarazada o en periodo de lactancia, cree que pudiera estar embarazada o tiene intención de quedarse embarazada, consulte a su farmacéutico o médico antes de utilizar este medicamento. No se recomienda su administración en estas circunstancias.</span></p><p style="margin:0pt; text-align:justify; line-height:115%; font-size:11pt"><span style="font-family:Times New Roman; font-size:11pt">&#xa0;</span></p><p style="margin:0pt; text-align:justify; line-height:115%; font-size:11pt"><strong><span style="font-family:Times New Roman; font-size:11pt;">Conducción y uso de máquinas</span></strong></p><p style="margin:0pt; line-height:115%; font-size:11pt"><span style="font-family:Times New Roman; font-size:11pt">No se han realizado estudios sobre la capacidad de conducir y el uso de máquinas</span><span style="font-family:Times New Roman; font-size:9pt">.</span></p></div></div>
      </text>
    </section>
    <section>
      <title value="3. How to take HIPÉRICO ARKOPHARMA cápsulas duras"/>
      <code>
        <coding>
          <system value="https://spor.ema.europa.eu/rmswi/"/>
          <code value="100000155538"/>
        </coding>
        <text value="3. How to take HIPÉRICO ARKOPHARMA cápsulas duras"/>
      </code>
      <text>
        <status value="additional"/><div xmlns="http://www.w3.org/1999/xhtml"><div><p style="margin:0pt; text-align:justify; line-height:115%; font-size:11pt"><span style="font-family:Times New Roman; font-size:11pt">Siga exactamente las instrucciones de administración del medicamento contenidas en este prospecto o las indicadas por su farmacéutico, médico o enfermero. En caso de duda, pregunte a su farmacéutico, médico o enfermero.</span></p><p style="margin:0pt; text-align:justify; line-height:115%; font-size:11pt"><span style="font-family:Times New Roman; font-size:11pt">La dosis recomendada es:</span></p><p style="margin:0pt; text-align:justify; line-height:115%; font-size:11pt"><span style="font-family:Times New Roman; font-size:11pt">Adultos: tomar 2 cápsulas, 2 ó 3 veces al día con un vaso de agua.</span></p><p style="margin:0pt; text-align:justify; line-height:115%; font-size:11pt"><span style="font-family:Times New Roman; font-size:11pt">Es aconsejable que las tomas se realicen siempre a las mismas horas.</span></p><p style="margin:0pt; text-align:justify; line-height:115%; font-size:11pt"><span style="font-family:Times New Roman; font-size:11pt">Este medicamento se utiliza vía oral.</span></p><p style="margin:0pt; text-align:justify; line-height:115%; font-size:11pt"><span style="font-family:Times New Roman; font-size:11pt">La duración de tratamiento es de 6 semanas.</span></p><p style="margin:0pt; text-align:justify; line-height:115%; font-size:11pt"><span style="font-family:Times New Roman; font-size:11pt">El efecto del medicamento aparece generalmente a las 4 semanas. Si los síntomas persisten, debería consultar con un profesional sanitario.</span></p><p style="margin:0pt; text-align:justify; line-height:115%; font-size:11pt"><span style="font-family:Times New Roman; font-size:11pt">Una vez abierto el envase, se retirará la bolsita absorbente que no es apta para consumo humano y no debe ser ingerida.</span></p><p style="margin:0pt; text-align:justify; line-height:115%; font-size:11pt"><span style="font-family:Times New Roman; font-size:11pt">&#xa0;</span></p><p style="margin:0pt; text-align:justify; line-height:115%; font-size:11pt"><strong><span style="font-family:Times New Roman; font-size:11pt;">Uso en niños y adolescentes</span></strong></p><p style="margin:0pt; text-align:justify; line-height:115%; font-size:11pt"><span style="font-family:Times New Roman; font-size:11pt">No utilizar en niños y adolescentes menores de 18 años</span></p><p style="margin:0pt; text-align:justify; line-height:115%; font-size:11pt"><span style="font-family:Times New Roman; font-size:11pt">&#xa0;</span></p><p style="margin:0pt; text-align:justify; line-height:115%; font-size:11pt"><strong><span style="font-family:Times New Roman; font-size:11pt;">Si toma más HIPÉRICO ARKOPHARMA del que debe</span></strong></p><p style="margin:0pt; text-align:justify; line-height:115%; font-size:11pt"><span style="font-family:Times New Roman; font-size:11pt">Si se ha tomado una dosis excesiva de HIPÉRICO ARKOPHARMA pueden aparecer convulsiones o estado de confusión.</span></p><p style="margin:0pt; text-align:justify; line-height:115%; font-size:11pt"><span style="font-family:Times New Roman; font-size:11pt">En caso de la toma de una dosis excesiva de hipérico, se debe proteger de las radiaciones solares o de cualquier otra fuente de rayos UV durante 1-2 semanas.</span></p><p style="margin:0pt; text-align:justify; line-height:115%; font-size:11pt"><span style="font-family:Times New Roman; font-size:11pt">En caso de sobredosis o ingestión accidental, consulte inmediatamente a su farmacéutico o médico o llame al Servicio de Información Toxicológica, teléfono 91 562 04 20, indicando el producto y la cantidad ingerida.</span></p><p style="margin:0pt; text-align:justify; line-height:115%; font-size:11pt"><span style="font-family:Times New Roman; font-size:11pt">&#xa0;</span></p><p style="margin:0pt; text-align:justify; line-height:115%; font-size:11pt"><strong><span style="font-family:Times New Roman; font-size:11pt;">Si olvidó tomar HIPÉRICO ARKOPHARMA</span></strong></p><p style="margin:0pt; text-align:justify; line-height:115%; font-size:11pt"><span style="font-family:Times New Roman; font-size:11pt">En caso de olvido de una dosis, tome el medicamento lo antes posible continuando el tratamiento de la forma prescrita. Sin embargo, si está próxima la siguiente dosis, es mejor que no tome la dosis olvidada y espere a la siguiente. En ningún caso tome una dosis doble para compensar la dosis olvidada</span><span style="font-family:Times New Roman; font-size:9pt">.</span></p></div></div>
      </text>
    </section>
    <section>
      <title value="4. Possible side effects"/>
      <code>
        <coding>
          <system value="https://spor.ema.europa.eu/rmswi/"/>
          <code value="100000155538"/>
        </coding>
        <text value="4. Possible side effects"/>
      </code>
      <text>
        <status value="additional"/><div xmlns="http://www.w3.org/1999/xhtml"><div><p style="margin:0pt; text-align:justify; line-height:115%; font-size:11pt"><span style="font-family:Times New Roman; font-size:11pt">Al igual que todos los medicamentos, este medicamento puede producir efectos adversos, aunque no todas las personas los sufran.</span></p><p style="margin:0pt; text-align:justify; line-height:115%; font-size:11pt"><span style="font-family:Times New Roman; font-size:11pt">En casos raros, con una frecuencia que afecta a menos de un caso por cada 1000 pacientes, se han descrito problemas digestivos tales como náusea, dolor abdominal, diarrea, pérdida de apetito; o reacciones en la piel como picor, irritación, enrojecimiento (urticaria) y muy raramente podrían ocurrir reacciones similares a las quemaduras solares, en la piel expuesta a radiación solar o artificial intensa.</span></p><p style="margin:0pt; text-align:justify; line-height:115%; font-size:11pt"><span style="font-family:Times New Roman; font-size:11pt">También se ha descrito dolor de cabeza, neuropatía, ansiedad, mareo, fatiga, manía o alergias, para los que se desconoce la frecuencia de aparición.</span></p><p style="margin:0pt; text-align:justify; line-height:115%; font-size:11pt"><span style="font-family:Times New Roman; font-size:11pt">&#xa0;</span></p><p style="margin:0pt; text-align:justify; line-height:115%; font-size:11pt"><strong><span style="font-family:Times New Roman; font-size:11pt;">Comunicación de reacciones adversas</span></strong><span style="font-family:Times New Roman; font-size:11pt">:</span></p><p style="margin:0pt; text-align:justify; line-height:115%; font-size:11pt"><span style="font-family:Times New Roman; font-size:11pt">Si experimenta cualquier tipo de efecto adverso, consulte a su médico o farmacéutico, incluso si se trata de posibles efectos adversos que no aparecen en este prospecto. También puede comunicarlos directamente a través del Sistema Español de Farmacovigilancia de medicamentos de Uso Humano:</span> <a href="https://www.notificaram.es"><span style="font-family:Times New Roman; font-size:11pt; color:#0000ff">https://www.notificaram.es</span></a><span style="font-family:Times New Roman; font-size:11pt">. Mediante la comunicación de efectos adversos usted puede contribuir a proporcionar más información sobre la seguridad de este medicamento.</span></p><p style="margin:0pt; text-align:justify; line-height:115%; font-size:9pt"><span style="font-family:Times New Roman; font-size:9pt">&#xa0;</span></p></div></div>
      </text>
    </section>
    <section>
      <title value="5. How to store HIPÉRICO ARKOPHARMA cápsulas duras"/>
      <code>
        <coding>
          <system value="https://spor.ema.europa.eu/rmswi/"/>
          <code value="100000155538"/>
        </coding>
        <text value="5. How to store HIPÉRICO ARKOPHARMA cápsulas duras"/>
      </code>
      <text>
        <status value="additional"/><div xmlns="http://www.w3.org/1999/xhtml"><div><p style="margin:0pt; text-align:justify; line-height:115%; font-size:11pt"><span style="font-family:Times New Roman; font-size:11pt">Mantener este medicamento fuera de la vista y del alcance de los niños.</span></p><p style="margin:0pt; text-align:justify; line-height:115%; font-size:11pt"><span style="font-family:Times New Roman; font-size:11pt">&#xa0;</span></p><p style="margin:0pt; text-align:justify; line-height:115%; font-size:11pt"><span style="font-family:Times New Roman; font-size:11pt">No conservar a temperatura superior a 25ºC.</span></p><p style="margin:0pt; text-align:justify; line-height:115%; font-size:11pt"><span style="font-family:Times New Roman; font-size:11pt">&#xa0;</span></p><p style="margin:0pt; text-align:justify; line-height:115%; font-size:11pt"><span style="font-family:Times New Roman; font-size:11pt">Una vez abierto, desechar después de 21 días.</span></p><p style="margin:0pt; text-align:justify; line-height:115%; font-size:11pt"><span style="font-family:Times New Roman; font-size:11pt">&#xa0;</span></p><p style="margin:0pt; text-align:justify; line-height:115%; font-size:11pt"><span style="font-family:Times New Roman; font-size:11pt">No utilice HIPÉRICO ARKOPHARMA después de la fecha de caducidad que aparece en el envase, después de la abreviatura “CAD”. La fecha de caducidad es el último día del mes que se indica.</span></p><p style="margin:0pt; text-align:justify; line-height:115%; font-size:11pt"><span style="font-family:Times New Roman; font-size:11pt">&#xa0;</span></p><p style="margin:0pt; text-align:justify; line-height:115%; font-size:11pt"><span style="font-family:Times New Roman; font-size:11pt">Los medicamentos no se deben tirar por los desagües ni a la basura. Deposite los envases y los medicamentos que no necesite en el Punto SIGRE</span> <span style="font-family:Times New Roman; font-size:11pt">de la farmacia. En caso de duda pregunte a su farmacéutico cómo deshacerse de los envases y de los medicamentos que no necesita. De esta forma, ayudará a proteger el medio ambiente</span><span style="font-family:Times New Roman; font-size:9pt">.</span></p></div></div>
      </text>
    </section>
    <section>
      <title value="6. Contents of the pack and other information"/>
      <code>
        <coding>
          <system value="https://spor.ema.europa.eu/rmswi/"/>
          <code value="100000155538"/>
        </coding>
        <text value="6. Contents of the pack and other information"/>
      </code>
      <text>
        <status value="additional"/><div xmlns="http://www.w3.org/1999/xhtml"><div><p style="margin:0pt; text-align:justify; line-height:115%; font-size:11pt"><strong><span style="font-family:Times New Roman; font-size:11pt;">Composici&#243;n de HIP&#201;RICO ARKOPHARMA</span></strong></p><p style="margin:0pt; text-align:justify; line-height:115%; font-size:11pt"><span style="font-family:Times New Roman; font-size:11pt">Cada c&#225;psula contiene como principio activo:</span></p><p style="margin:0pt; text-align:justify; line-height:115%; font-size:11pt"><span style="font-family:Times New Roman; font-size:11pt">175 mg de extracto seco hidroalcoh&#243;lico de</span> <em><span style="font-family:Times New Roman; font-size:11pt;">Hypericum perforatum</span></em> <span style="font-family:Times New Roman; font-size:11pt">L. herba (sumidades floridas de hip&#233;rico) (3.5-6:1) que corresponden a: 0,27 mg a 0,46mg de hipericinas totales, &#8805; 10,5 mg de flavonoides y 2,71 mg a 4,63 mg de hiperforina.</span></p><p style="margin:0pt; text-align:justify; line-height:115%; font-size:11pt"><span style="font-family:Times New Roman; font-size:11pt">Disolvente de extracci&#243;n: etanol 60% m/m</span></p><p style="margin:0pt; text-align:justify; line-height:115%; font-size:11pt"><span style="font-family:Times New Roman; font-size:11pt">Los dem&#225;s componentes son los excipientes: celulosa microcristalina, estearato de magnesio, s&#237;lice coloidalhidr&#243;foba y maltodextrina.</span></p><p style="margin:0pt; text-align:justify; line-height:115%; font-size:11pt"><span style="font-family:Times New Roman; font-size:11pt">Composici&#243;n de la</span> <span style="font-family:Times New Roman; font-size:11pt">c&#225;psula: hipromelosa, di&#243;xido de titanio y &#243;xido de hierro amarillo.</span></p><p style="margin:0pt; text-align:justify; line-height:115%; font-size:11pt"><span style="font-family:Times New Roman; font-size:11pt">&#xa0;</span></p><p style="margin:0pt; text-align:justify; line-height:115%; font-size:11pt"><strong><span style="font-family:Times New Roman; font-size:11pt;">Aspecto del producto y contenido del envase</span></strong></p><p style="margin:0pt; text-align:justify; line-height:115%; font-size:11pt"><span style="font-family:Times New Roman; font-size:11pt">Existe 1 presentaci&#243;n en frascos que contienen 42 c&#225;psulas, con una bolsita absorbente en su interior.</span></p><p style="margin:0pt; text-align:justify; line-height:115%; font-size:11pt"><span style="font-family:Times New Roman; font-size:11pt">Una vez abierto el envase, se retirar&#225; la bolsita absorbente que no es apta para consumo humano y no debe ser ingerida.</span></p><p style="margin:0pt; text-align:justify; line-height:115%; font-size:11pt"><span style="font-family:Times New Roman; font-size:11pt">&#xa0;</span></p><p style="margin:0pt; line-height:115%; font-size:11pt"><strong><span style="font-family:Times New Roman; font-size:11pt;">&#xa0;</span></strong></p><p style="margin:0pt; text-align:justify; line-height:115%; font-size:11pt"><strong><span style="font-family:Times New Roman; font-size:11pt;">Titular de la autorizaci&#243;n de comercializaci&#243;n y responsable de la fabricaci&#243;n:</span></strong></p><p style="margin:0pt; text-align:justify; line-height:115%; font-size:11pt"><strong><span style="font-family:Times New Roman; font-size:11pt;">&#xa0;</span></strong></p><p style="margin:0pt; text-align:justify; line-height:115%; font-size:11pt"><strong><span style="font-family:Times New Roman; font-size:11pt;">Titular</span></strong></p><p style="margin:0pt; line-height:115%; font-size:11pt"><strong><span style="font-family:Times New Roman; font-size:11pt;">Arkopharma LABORATORIOS, S.A.U,</span></strong></p><p style="margin:0pt; line-height:115%; font-size:11pt"><span style="font-family:Times New Roman; font-size:11pt">C/ Amaltea, 9</span></p><p style="margin:0pt; line-height:115%; font-size:11pt"><span style="font-family:Times New Roman; font-size:11pt">28045 MADRID</span></p><p style="margin:0pt; line-height:115%; font-size:11pt"><strong><span style="font-family:Times New Roman; font-size:11pt;">&#xa0;</span></strong></p><p style="margin:0pt; line-height:115%; font-size:11pt"><strong><span style="font-family:Times New Roman; font-size:11pt;">Responsable de la fabricaci&#243;n</span></strong></p><p style="margin:0pt; line-height:115%; font-size:11pt"><strong><span style="font-family:Times New Roman; font-size:11pt;">ARKOPHARMA</span></strong></p><p style="margin:0pt; line-height:115%; font-size:11pt"><span style="font-family:Times New Roman; font-size:11pt">LABORATOIRES PHARMACEUTIQUES</span></p><p style="margin:0pt; line-height:115%; font-size:11pt"><span style="font-family:Times New Roman; font-size:11pt">BP 28 &#8211; 06511 CARROS Cedex - FRANCE</span></p><p style="margin:0pt; line-height:115%; font-size:11pt"><strong><span style="font-family:Times New Roman; font-size:11pt;">&#xa0;</span></strong></p><p style="margin:0pt; line-height:115%; font-size:11pt"><strong><span style="font-family:Times New Roman; font-size:11pt;">Fecha de la &#250;ltima revisi&#243;n de este prospecto: septiembre 2016</span></strong></p><p style="margin:0pt; line-height:115%; font-size:11pt"><strong><span style="font-family:Times New Roman; font-size:11pt;">&#xa0;</span></strong></p><p style="margin:0pt; text-align:justify; line-height:115%; font-size:11pt"><span style="font-family:Times New Roman; font-size:11pt">La informaci&#243;n detallada y actualizada de este medicamento est&#225; disponible en la p&#225;gina web de la Agencia Espa&#241;ola de Medicamentos y Productos Sanitarios (AEMPS)</span> <a href="http://www.aemps.gob.es/"><span style="font-family:Times New Roman; font-size:11pt; color:#0000ff">http://www.aemps.gob.es/</span></a></p></div></div>
      </text>
    </section>
  </section>
</Composition>