<?xml version="1.0" encoding="UTF-8"?>

<Ingredient xmlns="http://hl7.org/fhir">
  <id value="ingredient-for-humira-sodiumphosphatedibasicdihydrate"/>
  <meta>
    <profile value="http://hl7.org/fhir/uv/emedicinal-product-info/StructureDefinition/Ingredient-uv-epi"/>
  </meta>
  <text>
    <status value="generated"/><div xmlns="http://www.w3.org/1999/xhtml"><p><b>Generated Narrative: Ingredient</b><a name="ingredient-for-humira-sodiumphosphatedibasicdihydrate"> </a></p><div style="display: inline-block; background-color: #d9e0e7; padding: 6px; margin: 4px; border: 1px solid #8da1b4; border-radius: 5px; line-height: 60%"><p style="margin-bottom: 0px">Resource Ingredient &quot;ingredient-for-humira-sodiumphosphatedibasicdihydrate&quot; </p><p style="margin-bottom: 0px">Profile: <a href="https://build.fhir.org/ig/HL7/emedicinal-product-info//StructureDefinition-Ingredient-uv-epi.html">Ingredient (ePI)</a></p></div><p><b>identifier</b>: id: 94255I6E2T (use: OFFICIAL)</p><p><b>status</b>: active</p><p><b>for</b>: </p><ul><li><a href="ManufacturedItemDefinition-mid-9b5b17469311c2ea4d1d08419748b4fb.html">ManufacturedItemDefinition/mid-9b5b17469311c2ea4d1d08419748b4fb</a></li><li><a href="MedicinalProductDefinition-mpf97db27e6330f77484eb8425ad2913cd.html">MedicinalProductDefinition/mpf97db27e6330f77484eb8425ad2913cd</a></li><li><a href="AdministrableProductDefinition-ap-9b5b17469311c2ea4d1d08419748b4fb.html">AdministrableProductDefinition/ap-9b5b17469311c2ea4d1d08419748b4fb</a></li></ul><p><b>role</b>: Excipient <span style="background: LightGoldenRodYellow; margin: 4px; border: 1px solid khaki"> (rmswi#100000072082)</span></p><blockquote><p><b>substance</b></p><h3>Codes</h3><table class="grid"><tr><td style="display: none">-</td><td><b>Concept</b></td></tr><tr><td style="display: none">*</td><td>SODIUM PHOSPHATE, DIBASIC, DIHYDRATE <span style="background: LightGoldenRodYellow; margin: 4px; border: 1px solid khaki"> (beta#94255I6E2T)</span></td></tr></table></blockquote></div>
  </text>
  <identifier>
    <use value="official"/>
    <system value="https://gsrs.ncats.nih.gov/ginas/app/beta"/>
    <value value="94255I6E2T"/>
  </identifier>
  <status value="active"/>
  <for>
    <reference value="ManufacturedItemDefinition/mid-9b5b17469311c2ea4d1d08419748b4fb"/>
  </for>
  <for>
    <reference value="MedicinalProductDefinition/mpf97db27e6330f77484eb8425ad2913cd"/>
  </for>
  <for>
    <reference value="AdministrableProductDefinition/ap-9b5b17469311c2ea4d1d08419748b4fb"/>
  </for>
  <role>
    <coding>
      <system value="https://spor.ema.europa.eu/rmswi"/>
      <code value="100000072082"/>
      <display value="Excipient"/>
    </coding>
  </role>
  <substance>
    <code>
      <concept>
        <coding>
          <system value="https://gsrs.ncats.nih.gov/ginas/app/beta"/>
          <code value="94255I6E2T"/>
          <display value="SODIUM PHOSPHATE, DIBASIC, DIHYDRATE"/>
        </coding>
      </concept>
    </code>
  </substance>
</Ingredient>