<?xml version="1.0" encoding="UTF-8"?>

<Ingredient xmlns="http://hl7.org/fhir">
  <id value="ingredient-for-enbrel-mannitol"/>
  <meta>
    <profile value="http://hl7.org/fhir/uv/emedicinal-product-info/StructureDefinition/Ingredient-uv-epi"/>
  </meta>
  <text>
    <status value="generated"/><div xmlns="http://www.w3.org/1999/xhtml"><p><b>Generated Narrative: Ingredient</b><a name="ingredient-for-enbrel-mannitol"> </a></p><div style="display: inline-block; background-color: #d9e0e7; padding: 6px; margin: 4px; border: 1px solid #8da1b4; border-radius: 5px; line-height: 60%"><p style="margin-bottom: 0px">Resource Ingredient &quot;ingredient-for-enbrel-mannitol&quot; </p><p style="margin-bottom: 0px">Profile: <a href="https://build.fhir.org/ig/HL7/emedicinal-product-info//StructureDefinition-Ingredient-uv-epi.html">Ingredient (ePI)</a></p></div><p><b>identifier</b>: id: 3OWL53L36A (use: OFFICIAL)</p><p><b>status</b>: active</p><p><b>for</b>: </p><ul><li><a href="ManufacturedItemDefinition-mid-7f657b63823319aa7da7d2c5939e39e5.html">ManufacturedItemDefinition/mid-7f657b63823319aa7da7d2c5939e39e5</a></li><li><a href="MedicinalProductDefinition-mp25bbfa948f4a0b224f9baa1fe481efa8.html">MedicinalProductDefinition/mp25bbfa948f4a0b224f9baa1fe481efa8</a></li><li><a href="AdministrableProductDefinition-ap-7f657b63823319aa7da7d2c5939e39e5.html">AdministrableProductDefinition/ap-7f657b63823319aa7da7d2c5939e39e5</a></li></ul><p><b>role</b>: Excipient <span style="background: LightGoldenRodYellow; margin: 4px; border: 1px solid khaki"> (rmswi#100000072082)</span></p><blockquote><p><b>substance</b></p><h3>Codes</h3><table class="grid"><tr><td style="display: none">-</td><td><b>Concept</b></td></tr><tr><td style="display: none">*</td><td>MANNITOL <span style="background: LightGoldenRodYellow; margin: 4px; border: 1px solid khaki"> (beta#3OWL53L36A)</span></td></tr></table></blockquote></div>
  </text>
  <identifier>
    <use value="official"/>
    <system value="https://gsrs.ncats.nih.gov/ginas/app/beta"/>
    <value value="3OWL53L36A"/>
  </identifier>
  <status value="active"/>
  <for>
    <reference value="ManufacturedItemDefinition/mid-7f657b63823319aa7da7d2c5939e39e5"/>
  </for>
  <for>
    <reference value="MedicinalProductDefinition/mp25bbfa948f4a0b224f9baa1fe481efa8"/>
  </for>
  <for>
    <reference value="AdministrableProductDefinition/ap-7f657b63823319aa7da7d2c5939e39e5"/>
  </for>
  <role>
    <coding>
      <system value="https://spor.ema.europa.eu/rmswi"/>
      <code value="100000072082"/>
      <display value="Excipient"/>
    </coding>
  </role>
  <substance>
    <code>
      <concept>
        <coding>
          <system value="https://gsrs.ncats.nih.gov/ginas/app/beta"/>
          <code value="3OWL53L36A"/>
          <display value="MANNITOL"/>
        </coding>
      </concept>
    </code>
  </substance>
</Ingredient>