<?xml version="1.0" encoding="UTF-8"?>

<Ingredient xmlns="http://hl7.org/fhir">
  <id value="ingredient-for-tegretol-carboxymethylcellulose"/>
  <meta>
    <profile value="http://hl7.org/fhir/uv/emedicinal-product-info/StructureDefinition/Ingredient-uv-epi"/>
  </meta>
  <text>
    <status value="generated"/><div xmlns="http://www.w3.org/1999/xhtml"><p><b>Generated Narrative: Ingredient</b><a name="ingredient-for-tegretol-carboxymethylcellulose"> </a></p><div style="display: inline-block; background-color: #d9e0e7; padding: 6px; margin: 4px; border: 1px solid #8da1b4; border-radius: 5px; line-height: 60%"><p style="margin-bottom: 0px">Resource Ingredient &quot;ingredient-for-tegretol-carboxymethylcellulose&quot; </p><p style="margin-bottom: 0px">Profile: <a href="https://build.fhir.org/ig/HL7/emedicinal-product-info//StructureDefinition-Ingredient-uv-epi.html">Ingredient (ePI)</a></p></div><p><b>identifier</b>: id: 05JZI7B19X (use: OFFICIAL)</p><p><b>status</b>: active</p><p><b>for</b>: </p><ul><li><a href="ManufacturedItemDefinition-mid-2f37d696067eeb6daf1111cfc3272672.html">ManufacturedItemDefinition/mid-2f37d696067eeb6daf1111cfc3272672</a></li><li><a href="MedicinalProductDefinition-mpac2bb08bb4cc3f51f8c4e3513034c019.html">MedicinalProductDefinition/mpac2bb08bb4cc3f51f8c4e3513034c019</a></li><li><a href="AdministrableProductDefinition-ap-2f37d696067eeb6daf1111cfc3272672.html">AdministrableProductDefinition/ap-2f37d696067eeb6daf1111cfc3272672</a></li></ul><p><b>role</b>: Excipient <span style="background: LightGoldenRodYellow; margin: 4px; border: 1px solid khaki"> (rmswi#100000072082)</span></p><blockquote><p><b>substance</b></p><h3>Codes</h3><table class="grid"><tr><td style="display: none">-</td><td><b>Concept</b></td></tr><tr><td style="display: none">*</td><td>CARBOXYMETHYLCELLULOSE <span style="background: LightGoldenRodYellow; margin: 4px; border: 1px solid khaki"> (beta#05JZI7B19X)</span></td></tr></table></blockquote></div>
  </text>
  <identifier>
    <use value="official"/>
    <system value="https://gsrs.ncats.nih.gov/ginas/app/beta"/>
    <value value="05JZI7B19X"/>
  </identifier>
  <status value="active"/>
  <for>
    <reference value="ManufacturedItemDefinition/mid-2f37d696067eeb6daf1111cfc3272672"/>
  </for>
  <for>
    <reference value="MedicinalProductDefinition/mpac2bb08bb4cc3f51f8c4e3513034c019"/>
  </for>
  <for>
    <reference value="AdministrableProductDefinition/ap-2f37d696067eeb6daf1111cfc3272672"/>
  </for>
  <role>
    <coding>
      <system value="https://spor.ema.europa.eu/rmswi"/>
      <code value="100000072082"/>
      <display value="Excipient"/>
    </coding>
  </role>
  <substance>
    <code>
      <concept>
        <coding>
          <system value="https://gsrs.ncats.nih.gov/ginas/app/beta"/>
          <code value="05JZI7B19X"/>
          <display value="CARBOXYMETHYLCELLULOSE"/>
        </coding>
      </concept>
    </code>
  </substance>
</Ingredient>