<?xml version="1.0" encoding="UTF-8"?>

<Ingredient xmlns="http://hl7.org/fhir">
  <id value="ingredient-for-calciovitaminad-sodiumbicarbonate"/>
  <meta>
    <profile value="http://hl7.org/fhir/uv/emedicinal-product-info/StructureDefinition/Ingredient-uv-epi"/>
  </meta>
  <text>
    <status value="generated"/><div xmlns="http://www.w3.org/1999/xhtml"><p><b>Generated Narrative: Ingredient</b><a name="ingredient-for-calciovitaminad-sodiumbicarbonate"> </a></p><div style="display: inline-block; background-color: #d9e0e7; padding: 6px; margin: 4px; border: 1px solid #8da1b4; border-radius: 5px; line-height: 60%"><p style="margin-bottom: 0px">Resource Ingredient &quot;ingredient-for-calciovitaminad-sodiumbicarbonate&quot; </p><p style="margin-bottom: 0px">Profile: <a href="https://build.fhir.org/ig/HL7/emedicinal-product-info//StructureDefinition-Ingredient-uv-epi.html">Ingredient (ePI)</a></p></div><p><b>identifier</b>: id: 8MDF5V39QO (use: OFFICIAL)</p><p><b>status</b>: active</p><p><b>for</b>: </p><ul><li><a href="ManufacturedItemDefinition-mid-925dad38f0afbba36223a82b3a766438.html">ManufacturedItemDefinition/mid-925dad38f0afbba36223a82b3a766438</a></li><li><a href="MedicinalProductDefinition-mpd4bcbbaec04bf6aceb2f71162205967e.html">MedicinalProductDefinition/mpd4bcbbaec04bf6aceb2f71162205967e</a></li><li><a href="AdministrableProductDefinition-ap-925dad38f0afbba36223a82b3a766438.html">AdministrableProductDefinition/ap-925dad38f0afbba36223a82b3a766438</a></li></ul><p><b>role</b>: excipient <span style="background: LightGoldenRodYellow; margin: 4px; border: 1px solid khaki"> (rmswi#100000072082)</span></p><blockquote><p><b>substance</b></p><h3>Codes</h3><table class="grid"><tr><td style="display: none">-</td><td><b>Concept</b></td></tr><tr><td style="display: none">*</td><td>sodium bicarbonate <span style="background: LightGoldenRodYellow; margin: 4px; border: 1px solid khaki"> (beta#8MDF5V39QO)</span></td></tr></table></blockquote></div>
  </text>
  <identifier>
    <use value="official"/>
    <system value="https://gsrs.ncats.nih.gov/ginas/app/beta"/>
    <value value="8MDF5V39QO"/>
  </identifier>
  <status value="active"/>
  <for>
    <reference value="ManufacturedItemDefinition/mid-925dad38f0afbba36223a82b3a766438"/>
  </for>
  <for>
    <reference value="MedicinalProductDefinition/mpd4bcbbaec04bf6aceb2f71162205967e"/>
  </for>
  <for>
    <reference value="AdministrableProductDefinition/ap-925dad38f0afbba36223a82b3a766438"/>
  </for>
  <role>
    <coding>
      <system value="https://spor.ema.europa.eu/rmswi"/>
      <code value="100000072082"/>
      <display value="excipient"/>
    </coding>
  </role>
  <substance>
    <code>
      <concept>
        <coding>
          <system value="https://gsrs.ncats.nih.gov/ginas/app/beta"/>
          <code value="8MDF5V39QO"/>
          <display value="sodium bicarbonate"/>
        </coding>
      </concept>
    </code>
  </substance>
</Ingredient>