<?xml version="1.0" encoding="UTF-8"?>

<Ingredient xmlns="http://hl7.org/fhir">
  <id value="ingredient-for-cinitrapide-magnesiumstearate"/>
  <meta>
    <profile value="http://hl7.org/fhir/uv/emedicinal-product-info/StructureDefinition/Ingredient-uv-epi"/>
  </meta>
  <text>
    <status value="generated"/><div xmlns="http://www.w3.org/1999/xhtml"><p><b>Generated Narrative: Ingredient</b><a name="ingredient-for-cinitrapide-magnesiumstearate"> </a></p><div style="display: inline-block; background-color: #d9e0e7; padding: 6px; margin: 4px; border: 1px solid #8da1b4; border-radius: 5px; line-height: 60%"><p style="margin-bottom: 0px">Resource Ingredient &quot;ingredient-for-cinitrapide-magnesiumstearate&quot; </p><p style="margin-bottom: 0px">Profile: <a href="https://build.fhir.org/ig/HL7/emedicinal-product-info//StructureDefinition-Ingredient-uv-epi.html">Ingredient (ePI)</a></p></div><p><b>identifier</b>: id: 70097M6I30 (use: OFFICIAL)</p><p><b>status</b>: active</p><p><b>for</b>: </p><ul><li><a href="ManufacturedItemDefinition-mid-af8224f8c853d17daf5ea6782cb5a097.html">ManufacturedItemDefinition/mid-af8224f8c853d17daf5ea6782cb5a097</a></li><li><a href="MedicinalProductDefinition-mp1453e0f16ff6c1d3106ed737a7857578.html">MedicinalProductDefinition/mp1453e0f16ff6c1d3106ed737a7857578</a></li><li><a href="AdministrableProductDefinition-ap-da0fc2395ce219262dfd4f0c9a9f72e1.html">AdministrableProductDefinition/ap-da0fc2395ce219262dfd4f0c9a9f72e1</a></li></ul><p><b>role</b>: Excipient <span style="background: LightGoldenRodYellow; margin: 4px; border: 1px solid khaki"> (rmswi#100000072082)</span></p><blockquote><p><b>substance</b></p><h3>Codes</h3><table class="grid"><tr><td style="display: none">-</td><td><b>Concept</b></td></tr><tr><td style="display: none">*</td><td>Magnesium stearate <span style="background: LightGoldenRodYellow; margin: 4px; border: 1px solid khaki"> (beta#70097M6I30)</span></td></tr></table></blockquote></div>
  </text>
  <identifier>
    <use value="official"/>
    <system value="https://gsrs.ncats.nih.gov/ginas/app/beta"/>
    <value value="70097M6I30"/>
  </identifier>
  <status value="active"/>
  <for>
    <reference value="ManufacturedItemDefinition/mid-af8224f8c853d17daf5ea6782cb5a097"/>
  </for>
  <for>
    <reference value="MedicinalProductDefinition/mp1453e0f16ff6c1d3106ed737a7857578"/>
  </for>
  <for>
    <reference value="AdministrableProductDefinition/ap-da0fc2395ce219262dfd4f0c9a9f72e1"/>
  </for>
  <role>
    <coding>
      <system value="https://spor.ema.europa.eu/rmswi"/>
      <code value="100000072082"/>
      <display value="Excipient"/>
    </coding>
  </role>
  <substance>
    <code>
      <concept>
        <coding>
          <system value="https://gsrs.ncats.nih.gov/ginas/app/beta"/>
          <code value="70097M6I30"/>
          <display value="Magnesium stearate"/>
        </coding>
      </concept>
    </code>
  </substance>
</Ingredient>