<?xml version="1.0" encoding="UTF-8"?>

<Ingredient xmlns="http://hl7.org/fhir">
  <id value="ingredient-for-vaxigriptetra-dipotassiumphosphate"/>
  <meta>
    <profile value="http://hl7.org/fhir/uv/emedicinal-product-info/StructureDefinition/Ingredient-uv-epi"/>
  </meta>
  <text>
    <status value="generated"/><div xmlns="http://www.w3.org/1999/xhtml"><p><b>Generated Narrative: Ingredient</b><a name="ingredient-for-vaxigriptetra-dipotassiumphosphate"> </a></p><div style="display: inline-block; background-color: #d9e0e7; padding: 6px; margin: 4px; border: 1px solid #8da1b4; border-radius: 5px; line-height: 60%"><p style="margin-bottom: 0px">Resource Ingredient &quot;ingredient-for-vaxigriptetra-dipotassiumphosphate&quot; </p><p style="margin-bottom: 0px">Profile: <a href="https://build.fhir.org/ig/HL7/emedicinal-product-info//StructureDefinition-Ingredient-uv-epi.html">Ingredient (ePI)</a></p></div><p><b>identifier</b>: id: nan (use: OFFICIAL)</p><p><b>status</b>: active</p><p><b>for</b>: </p><ul><li><a href="ManufacturedItemDefinition-mid-635d47ee543a5a9e15fcd321ee5fe6bb.html">ManufacturedItemDefinition/mid-635d47ee543a5a9e15fcd321ee5fe6bb</a></li><li><a href="MedicinalProductDefinition-mp822aeee7cf35efce0583ec39919328fb.html">MedicinalProductDefinition/mp822aeee7cf35efce0583ec39919328fb</a></li><li><a href="AdministrableProductDefinition-ap-635d47ee543a5a9e15fcd321ee5fe6bb.html">AdministrableProductDefinition/ap-635d47ee543a5a9e15fcd321ee5fe6bb</a></li></ul><p><b>role</b>: Excipient <span style="background: LightGoldenRodYellow; margin: 4px; border: 1px solid khaki"> (rmswi#100000072082)</span></p><blockquote><p><b>substance</b></p><h3>Codes</h3><table class="grid"><tr><td style="display: none">-</td><td><b>Concept</b></td></tr><tr><td style="display: none">*</td><td>Dipotassium phosphate <span style="background: LightGoldenRodYellow; margin: 4px; border: 1px solid khaki"> (beta#nan)</span></td></tr></table></blockquote></div>
  </text>
  <identifier>
    <use value="official"/>
    <system value="https://gsrs.ncats.nih.gov/ginas/app/beta"/>
    <value value="nan"/>
  </identifier>
  <status value="active"/>
  <for>
    <reference value="ManufacturedItemDefinition/mid-635d47ee543a5a9e15fcd321ee5fe6bb"/>
  </for>
  <for>
    <reference value="MedicinalProductDefinition/mp822aeee7cf35efce0583ec39919328fb"/>
  </for>
  <for>
    <reference value="AdministrableProductDefinition/ap-635d47ee543a5a9e15fcd321ee5fe6bb"/>
  </for>
  <role>
    <coding>
      <system value="https://spor.ema.europa.eu/rmswi"/>
      <code value="100000072082"/>
      <display value="Excipient"/>
    </coding>
  </role>
  <substance>
    <code>
      <concept>
        <coding>
          <system value="https://gsrs.ncats.nih.gov/ginas/app/beta"/>
          <code value="nan"/>
          <display value="Dipotassium phosphate"/>
        </coding>
      </concept>
    </code>
  </substance>
</Ingredient>