<?xml version="1.0" encoding="UTF-8"?>

<List xmlns="http://hl7.org/fhir">
  <id value="listDovato"/>
  <text>
    <status value="generated"/><div xmlns="http://www.w3.org/1999/xhtml"><h2>List of all processed ePIs associated with Dovato</h2><table class="clstu"><tr><td>Date: Feb 7, 2015, 1:28:17 PMMode: workingStatus: currentCode: ePI Master List</td></tr><tr><td>Subject: <a href="MedicinalProductDefinition-mp16598f252d07b4784b82ba43cf9e847e.html">MedicinalProductDefinition/mp16598f252d07b4784b82ba43cf9e847e</a></td></tr></table><table class="grid"><tr style="backgound-color: #eeeeee"><td><b>Items</b></td><td>Date</td><td>Flag</td></tr><tr><td><a href="Bundle-processedbundledovato-en.html">Bundle/processedbundledovato-en</a></td><td>Feb 7, 2015, 1:28:17 PM</td><td>Unchanged</td></tr><tr><td><a href="Bundle-processedbundledovato-es.html">Bundle/processedbundledovato-es</a></td><td>Feb 7, 2016, 1:28:17 PM</td><td>Unchanged</td></tr></table></div>
  </text>
  <identifier>
    <system value="http://spor.ema.europa.eu/v2/medicine-name"/>
    <value value="Dovato"/>
  </identifier>
  <identifier>
    <system value="http://spor.ema.europa.eu/v2/marketing-authorisation-numbers"/>
    <value value="EU/1/19/1370"/>
  </identifier>
  <identifier>
    <system value="https://www.gravitatehealth.eu/sid/doc"/>
    <value value="EU/1/19/1370/001"/>
  </identifier>
  <status value="current"/>
  <mode value="working"/>
  <title value="List of all processed ePIs associated with Dovato"/>
  <code>
    <coding>
      <system value="http://spor.ema.europa.eu/v1/example-pi-list-types"/>
      <code value="00000021213"/>
      <display value="ePI Master List"/>
    </coding>
  </code>
  <subject>
    <extension url="http://ema.europa.eu/fhir/extension/medicine-name">
      <valueCoding>
        <system value="http://spor.ema.europa.eu/v1/100000000005"/>
        <code value="Dovato"/>
        <display value="Dovato"/>
      </valueCoding>
    </extension>
    <extension url="http://ema.europa.eu/fhir/extension/marketing-authorization-holder">
      <valueCoding>
        <system value="http://spor.ema.europa.eu/v1/100000000005"/>
        <code value="mah-code"/>
        <display value="None"/>
      </valueCoding>
    </extension>
    <extension url="http://ema.europa.eu/fhir/extension/active-substance">
      <valueCoding>
        <system value="http://spor.ema.europa.eu/v1/100000000005"/>
        <code value="acive-substance-code"/>
        <display value="None"/>
      </valueCoding>
    </extension>
    <extension url="http://ema.europa.eu/fhir/extension/domain">
      <valueCoding>
        <system value="http://spor.ema.europa.eu/v1/100000000004"/>
        <code value="100000000012"/>
        <display value="H"/>
      </valueCoding>
    </extension>
    <reference value="MedicinalProductDefinition/mp16598f252d07b4784b82ba43cf9e847e"/>
  </subject>
  <date value="2015-02-07T13:28:17Z"/>
  <entry>
    <flag>
      <coding>
        <system value="urn:oid:1.2.36.1.2001.1001.101.104.16592"/>
        <code value="01"/>
      </coding>
      <text value="Unchanged"/>
    </flag>
    <date value="2015-02-07T13:28:17Z"/>
    <item>
      <extension url="http://ema.europa.eu/fhir/extension/documentType">
        <valueCoding>
          <system value="http://spor.ema.europa.eu/v1/100000155531"/>
          <code value="100000155538"/>
          <display value="B. PACKAGE LEAFLET"/>
        </valueCoding>
      </extension>
      <extension url="http://ema.europa.eu/fhir/extension/language">
        <valueCoding>
          <system value="http://spor.ema.europa.eu/v1/100000072057"/>
          <code value="100000072147"/>
          <display value="en"/>
        </valueCoding>
      </extension>
      <reference value="Bundle/processedbundledovato-en"/>
    </item>
  </entry>
  <entry>
    <flag>
      <coding>
        <system value="urn:oid:1.2.36.1.2001.1001.101.104.16592"/>
        <code value="01"/>
      </coding>
      <text value="Unchanged"/>
    </flag>
    <date value="2016-02-07T13:28:17Z"/>
    <item>
      <extension url="http://ema.europa.eu/fhir/extension/documentType">
        <valueCoding>
          <system value="http://spor.ema.europa.eu/v1/100000155531"/>
          <code value="100000155538"/>
          <display value="B. PROSPECTO"/>
        </valueCoding>
      </extension>
      <extension url="http://ema.europa.eu/fhir/extension/language">
        <valueCoding>
          <system value="http://spor.ema.europa.eu/v1/100000072057"/>
          <code value="100000072168"/>
          <display value="es"/>
        </valueCoding>
      </extension>
      <reference value="Bundle/processedbundledovato-es"/>
    </item>
  </entry>
</List>