<?xml version="1.0" encoding="UTF-8"?>

<ManufacturedItemDefinition xmlns="http://hl7.org/fhir">
  <id value="manitemsimvastatin20"/>
  <meta>
    <profile value="http://hl7.org/fhir/uv/emedicinal-product-info/StructureDefinition/ManufacturedItemDefinition-uv-epi"/>
  </meta>
  <text>
    <status value="generated"/><div xmlns="http://www.w3.org/1999/xhtml"><p><b>Generated Narrative: ManufacturedItemDefinition</b><a name="manitemsimvastatin20"> </a></p><div style="display: inline-block; background-color: #d9e0e7; padding: 6px; margin: 4px; border: 1px solid #8da1b4; border-radius: 5px; line-height: 60%"><p style="margin-bottom: 0px">Resource ManufacturedItemDefinition &quot;manitemsimvastatin20&quot; </p><p style="margin-bottom: 0px">Profile: <a href="https://build.fhir.org/ig/HL7/emedicinal-product-info//StructureDefinition-ManufacturedItemDefinition-uv-epi.html">ManufacturedItemDefinition (ePI)</a></p></div><p><b>identifier</b>: id: sim874291 (use: OFFICIAL)</p><p><b>status</b>: active</p><p><b>manufacturedDoseForm</b>: Tablet <span style="background: LightGoldenRodYellow; margin: 4px; border: 1px solid khaki"> (#10219000)</span></p><p><b>unitOfPresentation</b>: 15054000 <span style="background: LightGoldenRodYellow; margin: 4px; border: 1px solid khaki"> (#15054000)</span></p><p><b>manufacturer</b>: <a href="Organization-orgohara.html">Organization/orgohara</a> &quot;Ohara Pharmaceutical Co., Ltd.&quot;</p></div>
  </text>
  <identifier>
    <use value="official"/>
    <system value="https://pmda-sccj"/>
    <value value="sim874291"/>
  </identifier>
  <status value="active"/>
  <manufacturedDoseForm>
    <coding>
      <system value="https://standardterms.edqm.eu/browse/get_concepts_by/SOM/SOM/"/>
      <code value="10219000"/>
    </coding>
    <text value="Tablet"/>
  </manufacturedDoseForm>
  <unitOfPresentation>
    <coding>
      <system value="https://standardterms.edqm.eu/browse/get_concepts/UOP/"/>
      <code value="15054000"/>
    </coding>
  </unitOfPresentation>
  <manufacturer>
    <reference value="Organization/orgohara"/>
  </manufacturer>
</ManufacturedItemDefinition>