<?xml version="1.0" encoding="UTF-8"?>

<ManufacturedItemDefinition xmlns="http://hl7.org/fhir">
  <id value="mid-29436a85dac3ea374adb3fa64cfd2578"/>
  <meta>
    <profile value="http://hl7.org/fhir/uv/emedicinal-product-info/StructureDefinition/ManufacturedItemDefinition-uv-epi"/>
  </meta>
  <text>
    <status value="generated"/><div xmlns="http://www.w3.org/1999/xhtml"><p><b>Generated Narrative: ManufacturedItemDefinition</b><a name="mid-29436a85dac3ea374adb3fa64cfd2578"> </a></p><div style="display: inline-block; background-color: #d9e0e7; padding: 6px; margin: 4px; border: 1px solid #8da1b4; border-radius: 5px; line-height: 60%"><p style="margin-bottom: 0px">Resource ManufacturedItemDefinition &quot;mid-29436a85dac3ea374adb3fa64cfd2578&quot; </p><p style="margin-bottom: 0px">Profile: <a href="https://build.fhir.org/ig/HL7/emedicinal-product-info//StructureDefinition-ManufacturedItemDefinition-uv-epi.html">ManufacturedItemDefinition (ePI)</a></p></div><p><b>identifier</b>: id: 79963 (use: OFFICIAL)</p><p><b>status</b>: active</p><p><b>manufacturedDoseForm</b>: hard capsules <span style="background: LightGoldenRodYellow; margin: 4px; border: 1px solid khaki"> (#100000073681)</span></p><p><b>unitOfPresentation</b>: hard capsules <span style="background: LightGoldenRodYellow; margin: 4px; border: 1px solid khaki"> (rmswi#200000002152)</span></p></div>
  </text>
  <identifier>
    <use value="official"/>
    <system value="https://spor.ema.europa.eu/pmswi"/>
    <value value="79963"/>
  </identifier>
  <status value="active"/>
  <manufacturedDoseForm>
    <coding>
      <system value="https://spor.ema.europa.eu/rmswi/"/>
      <code value="100000073681"/>
      <display value="hard capsules"/>
    </coding>
  </manufacturedDoseForm>
  <unitOfPresentation>
    <coding>
      <system value="https://spor.ema.europa.eu/rmswi"/>
      <code value="200000002152"/>
      <display value="hard capsules"/>
    </coding>
  </unitOfPresentation>
</ManufacturedItemDefinition>