<?xml version="1.0" encoding="UTF-8"?>

<Organization xmlns="http://hl7.org/fhir">
  <id value="orgfujinaga"/>
  <meta>
    <profile value="http://hl7.org/fhir/uv/emedicinal-product-info/StructureDefinition/Organization-uv-epi"/>
  </meta>
  <text>
    <status value="generated"/><div xmlns="http://www.w3.org/1999/xhtml"><p><b>Generated Narrative: Organization</b><a name="orgfujinaga"> </a></p><div style="display: inline-block; background-color: #d9e0e7; padding: 6px; margin: 4px; border: 1px solid #8da1b4; border-radius: 5px; line-height: 60%"><p style="margin-bottom: 0px">Resource Organization &quot;orgfujinaga&quot; </p><p style="margin-bottom: 0px">Profile: <a href="https://build.fhir.org/ig/HL7/emedicinal-product-info//StructureDefinition-Organization-uv-epi.html">Organization (ePI)</a></p></div><p><b>identifier</b>: id: fujinaga (use: OFFICIAL)</p><p><b>active</b>: true</p><p><b>type</b>: Marketing authorisation holder <span style="background: LightGoldenRodYellow; margin: 4px; border: 1px solid khaki"> (#tbd)</span></p><p><b>name</b>: Fujinaga Pharmaceutical Co., Ltd.</p><h3>Contacts</h3><table class="grid"><tr><td style="display: none">-</td><td><b>Address</b></td></tr><tr><td style="display: none">*</td><td>Medicine Consultation Office Front Place Nihonbashi 2-14-1 Nihonbashi, Chuo-ku,(WORK)</td></tr></table></div>
  </text>
  <identifier>
    <use value="official"/>
    <system value="https://pmda-org-id"/>
    <value value="fujinaga"/>
  </identifier>
  <active value="true"/>
  <type>
    <coding>
      <system value="https://PMDA-org-type.jp/"/>
      <code value="tbd"/>
      <display value="Marketing authorisation holder"/>
    </coding>
    <text value="Marketing authorisation holder"/>
  </type>
  <name value="Fujinaga Pharmaceutical Co., Ltd."/>
  <contact>
    <address>
      <use value="work"/>
      <type value="physical"/>
      <text value="Medicine Consultation Office Front Place Nihonbashi 2-14-1 Nihonbashi, Chuo-ku,"/>
      <line value="2-14-1 Nihonbashi"/>
      <city value="Chuo-ku"/>
      <postalCode value="103-8324"/>
      <country value="Tokyo"/>
    </address>
  </contact>
</Organization>