<?xml version="1.0" encoding="UTF-8"?>

<RegulatedAuthorization xmlns="http://hl7.org/fhir">
  <id value="authorization7f657b63823319aa7da7d2c5939e39e5"/>
  <meta>
    <profile value="http://hl7.org/fhir/uv/emedicinal-product-info/StructureDefinition/RegulatedAuthorization-uv-epi"/>
  </meta>
  <text>
    <status value="generated"/><div xmlns="http://www.w3.org/1999/xhtml"><p><b>Generated Narrative: RegulatedAuthorization</b><a name="authorization7f657b63823319aa7da7d2c5939e39e5"> </a></p><div style="display: inline-block; background-color: #d9e0e7; padding: 6px; margin: 4px; border: 1px solid #8da1b4; border-radius: 5px; line-height: 60%"><p style="margin-bottom: 0px">Resource RegulatedAuthorization &quot;authorization7f657b63823319aa7da7d2c5939e39e5&quot; </p><p style="margin-bottom: 0px">Profile: <a href="https://build.fhir.org/ig/HL7/emedicinal-product-info//StructureDefinition-RegulatedAuthorization-uv-epi.html">RegulatedAuthorization (ePI)</a></p></div><p><b>identifier</b>: id: EU/1/99/126/003 (use: OFFICIAL)</p><p><b>subject</b>: <a href="MedicinalProductDefinition-mp25bbfa948f4a0b224f9baa1fe481efa8.html">MedicinalProductDefinition/mp25bbfa948f4a0b224f9baa1fe481efa8</a></p><p><b>type</b>: Marketing Authorisation <span style="background: LightGoldenRodYellow; margin: 4px; border: 1px solid khaki"> (rmswi#220000000061)</span></p><p><b>status</b>: Active <span style="background: LightGoldenRodYellow; margin: 4px; border: 1px solid khaki"> (<a href="http://hl7.org/fhir/R5/codesystem-publication-status.html">PublicationStatus</a>#active)</span></p><p><b>statusDate</b>: 2009-11-26 13:28:17+0000</p><p><b>holder</b>: <a href="Organization-mah-9800de324c3962f6f767647a95e0c17e.html">Organization/mah-9800de324c3962f6f767647a95e0c17e</a> &quot;Pfizer Europe MA EEIG&quot;</p></div>
  </text>
  <identifier>
    <use value="official"/>
    <system value="https://spor.ema.europa.eu/pmswi"/>
    <value value="EU/1/99/126/003"/>
  </identifier>
  <subject>
    <reference value="MedicinalProductDefinition/mp25bbfa948f4a0b224f9baa1fe481efa8"/>
  </subject>
  <type>
    <coding>
      <system value="https://spor.ema.europa.eu/rmswi"/>
      <code value="220000000061"/>
      <display value="Marketing Authorisation"/>
    </coding>
  </type>
  <status>
    <coding>
      <system value="http://hl7.org/fhir/publication-status"/>
      <code value="active"/>
      <display value="Active"/>
    </coding>
  </status>
  <statusDate value="2009-11-26T13:28:17Z"/>
  <holder>
    <reference value="Organization/mah-9800de324c3962f6f767647a95e0c17e"/>
  </holder>
</RegulatedAuthorization>