<?xml version="1.0" encoding="UTF-8"?>

<RegulatedAuthorization xmlns="http://hl7.org/fhir">
  <id value="authorization925dad38f0afbba36223a82b3a7664380"/>
  <meta>
    <profile value="http://hl7.org/fhir/uv/emedicinal-product-info/StructureDefinition/RegulatedAuthorization-uv-epi"/>
  </meta>
  <text>
    <status value="generated"/><div xmlns="http://www.w3.org/1999/xhtml"><p><b>Generated Narrative: RegulatedAuthorization</b><a name="authorization925dad38f0afbba36223a82b3a7664380"> </a></p><div style="display: inline-block; background-color: #d9e0e7; padding: 6px; margin: 4px; border: 1px solid #8da1b4; border-radius: 5px; line-height: 60%"><p style="margin-bottom: 0px">Resource RegulatedAuthorization &quot;authorization925dad38f0afbba36223a82b3a7664380&quot; </p><p style="margin-bottom: 0px">Profile: <a href="https://build.fhir.org/ig/HL7/emedicinal-product-info//StructureDefinition-RegulatedAuthorization-uv-epi.html">RegulatedAuthorization (ePI)</a></p></div><p><b>identifier</b>: id: 68290 (use: OFFICIAL)</p><p><b>subject</b>: <a href="MedicinalProductDefinition-mpd4bcbbaec04bf6aceb2f71162205967e.html">MedicinalProductDefinition/mpd4bcbbaec04bf6aceb2f71162205967e</a></p><p><b>type</b>: Marketing Authorisation <span style="background: LightGoldenRodYellow; margin: 4px; border: 1px solid khaki"> (rmswi#100000072062)</span></p><p><b>status</b>: Active <span style="background: LightGoldenRodYellow; margin: 4px; border: 1px solid khaki"> (<a href="http://hl7.org/fhir/R5/codesystem-publication-status.html">PublicationStatus</a>#active)</span></p><p><b>statusDate</b>: 2012-01-01</p><p><b>holder</b>: <a href="Organization-mah-b7afabe350ac415f70e662ba6c703030.html">Organization/mah-b7afabe350ac415f70e662ba6c703030</a> &quot;Laboratorios Farmacéuticos ROVI, S.A.&quot;</p></div>
  </text>
  <identifier>
    <use value="official"/>
    <system value="https://spor.ema.europa.eu/pmswi"/>
    <value value="68290"/>
  </identifier>
  <subject>
    <reference value="MedicinalProductDefinition/mpd4bcbbaec04bf6aceb2f71162205967e"/>
  </subject>
  <type>
    <coding>
      <system value="https://spor.ema.europa.eu/rmswi"/>
      <code value="100000072062"/>
      <display value="Marketing Authorisation"/>
    </coding>
  </type>
  <status>
    <coding>
      <system value="http://hl7.org/fhir/publication-status"/>
      <code value="active"/>
      <display value="Active"/>
    </coding>
  </status>
  <statusDate value="2012-01-01"/>
  <holder>
    <reference value="Organization/mah-b7afabe350ac415f70e662ba6c703030"/>
  </holder>
</RegulatedAuthorization>