<?xml version="1.0" encoding="UTF-8"?>

<SubstanceDefinition xmlns="http://hl7.org/fhir">
  <id value="substance-acmesub"/>
  <meta>
    <profile value="http://hl7.org/fhir/uv/emedicinal-product-info/StructureDefinition/SubstanceDefinition-uv-epi"/>
  </meta>
  <text>
    <status value="generated"/><div xmlns="http://www.w3.org/1999/xhtml"><p><b>Generated Narrative: SubstanceDefinition</b><a name="substance-acmesub"> </a></p><div style="display: inline-block; background-color: #d9e0e7; padding: 6px; margin: 4px; border: 1px solid #8da1b4; border-radius: 5px; line-height: 60%"><p style="margin-bottom: 0px">Resource SubstanceDefinition &quot;substance-acmesub&quot; </p><p style="margin-bottom: 0px">Profile: <a href="https://build.fhir.org/ig/HL7/emedicinal-product-info//StructureDefinition-SubstanceDefinition-uv-epi.html">SubstanceDefinition (ePI)</a></p></div><p><b>identifier</b>: id: J0E2756Z7N (use: OFFICIAL)</p><p><b>version</b>: 1</p><p><b>status</b>: Active <span style="background: LightGoldenRodYellow; margin: 4px; border: 1px solid khaki"> (<a href="http://hl7.org/fhir/R5/codesystem-publication-status.html">PublicationStatus</a>#active)</span></p><p><b>description</b>: White to off-white, biconvex, and oval-shaped with a heart debossed on one side and the number 2771 engraved on the other side.</p><p><b>manufacturer</b>: <a href="Organization-mah-2aff7154a8d952c895e8a03849a25108.html">Organization/mah-2aff7154a8d952c895e8a03849a25108</a> &quot;ACME industry&quot;</p><h3>MolecularWeights</h3><table class="grid"><tr><td style="display: none">-</td><td><b>Type</b></td><td><b>Amount</b></td></tr><tr><td style="display: none">*</td><td>exact <span style="background: LightGoldenRodYellow; margin: 4px; border: 1px solid khaki"> ()</span></td><td>428.53</td></tr></table><h3>Structures</h3><table class="grid"><tr><td style="display: none">-</td><td><b>MolecularFormula</b></td></tr><tr><td style="display: none">*</td><td>C25H28N6O</td></tr></table><h3>Names</h3><table class="grid"><tr><td style="display: none">-</td><td><b>Name</b></td><td><b>Type</b></td></tr><tr><td style="display: none">*</td><td>(+)-6-methyleneandrosta-1,4-diene-3,17-dione</td><td>Chemical Name <span style="background: LightGoldenRodYellow; margin: 4px; border: 1px solid khaki"> (#x)</span></td></tr></table></div>
  </text>
  <identifier>
    <use value="official"/>
    <system value="https://gsrs.ncats.nih.gov/ginas/app/beta/"/>
    <value value="J0E2756Z7N"/>
  </identifier>
  <version value="1"/>
  <status>
    <coding>
      <system value="http://hl7.org/fhir/publication-status"/>
      <code value="active"/>
    </coding>
  </status>
  <description value="White to off-white, biconvex, and oval-shaped with a heart debossed on one side and the number 2771 engraved on the other side."/>
  <manufacturer>
    <reference value="Organization/mah-2aff7154a8d952c895e8a03849a25108"/>
  </manufacturer>
  <molecularWeight>
    <type>
      <text value="exact"/>
    </type>
    <amount>
      <value value="428.53"/>
    </amount>
  </molecularWeight>
  <structure>
    <molecularFormula value="C25H28N6O"/>
  </structure>
  <name>
    <name value="(+)-6-methyleneandrosta-1,4-diene-3,17-dione"/>
    <type>
      <coding>
        <system value="https://gsrs.ncats.nih.gov/ginas/app/beta/"/>
        <code value="x"/>
        <display value="Chemical Name"/>
      </coding>
    </type>
  </name>
</SubstanceDefinition>