<?xml version="1.0" encoding="UTF-8"?><CodeSystem xmlns="http://hl7.org/fhir"><id value="epicategory-cs"/><text><status value="generated"/><div xmlns="http://www.w3.org/1999/xhtml"><p>This case-sensitive code system <code>http://hl7.eu/fhir/ig/gravitate-health/CodeSystem/epicategory-cs</code> defines the following codes:</p><table class="codes"><tr><td style="white-space:nowrap"><b>Code</b></td><td><b>Display</b></td><td><b>Definition</b></td></tr><tr><td style="white-space:nowrap">R<a name="epicategory-cs-R"> </a></td><td>Raw</td><td>Raw</td></tr><tr><td style="white-space:nowrap">F<a name="epicategory-cs-F"> </a></td><td>Focused</td><td>Focused</td></tr><tr><td style="white-space:nowrap">P<a name="epicategory-cs-P"> </a></td><td>Processed</td><td>Processed</td></tr></table></div></text><url value="http://hl7.eu/fhir/ig/gravitate-health/CodeSystem/epicategory-cs"/><version value="0.1.0"/><name value="EpicategoryCS"/><title value="Category of EPI"/><status value="active"/><experimental value="true"/><date value="2024-03-14T09:41:47+00:00"/><publisher value="Gravitate Health Project"/><contact><name value="Gravitate Health Project"/><telecom><system value="url"/><value value="https://www.gravitatehealth.eu/"/></telecom></contact><contact><name value="Gravitate Health Project"/><telecom><system value="url"/><value value="https://www.gravitatehealth.eu/"/></telecom></contact><description value="Category of EPI"/><caseSensitive value="true"/><content value="complete"/><count value="3"/><concept><code value="R"/><display value="Raw"/><definition value="Raw"/></concept><concept><code value="F"/><display value="Focused"/><definition value="Focused"/></concept><concept><code value="P"/><display value="Processed"/><definition value="Processed"/></concept></CodeSystem>