<?xml version="1.0" encoding="UTF-8"?><CodeSystem xmlns="http://hl7.org/fhir"><id value="icpc-2-cs"/><text><status value="generated"/><div xmlns="http://www.w3.org/1999/xhtml"><p>This case-sensitive code system <code>http://hl7.eu/fhir/ig/gravitate-health/CodeSystem/icpc-2-cs</code> defines the following codes:</p><table class="codes"><tr><td style="white-space:nowrap"><b>Code</b></td><td><b>Display</b></td><td><b>Definition</b></td></tr><tr><td style="white-space:nowrap">B90<a name="icpc-2-cs-B90"> </a></td><td>HIV-infection/AIDS</td><td>HIV-infection/AIDS</td></tr><tr><td style="white-space:nowrap">R80<a name="icpc-2-cs-R80"> </a></td><td>Influenza</td><td>Influenza</td></tr><tr><td style="white-space:nowrap">R81<a name="icpc-2-cs-R81"> </a></td><td>Pneumonia</td><td>Pneumonia</td></tr><tr><td style="white-space:nowrap">P74<a name="icpc-2-cs-P74"> </a></td><td>Anxiety disorder/anxiety state</td><td>Anxiety disorder/anxiety state</td></tr><tr><td style="white-space:nowrap">W78<a name="icpc-2-cs-W78"> </a></td><td>Pregnancy</td><td>Pregnancy</td></tr><tr><td style="white-space:nowrap">W27<a name="icpc-2-cs-W27"> </a></td><td>Fear of complications of pregnancy</td><td>Fear of complications of pregnancy</td></tr><tr><td style="white-space:nowrap">D07<a name="icpc-2-cs-D07"> </a></td><td>Dyspepsia/indigestion</td><td>Dyspepsia/indigestion</td></tr><tr><td style="white-space:nowrap">A84<a name="icpc-2-cs-A84"> </a></td><td>Poisoning by medical agent</td><td>Poisoning by medical agent</td></tr><tr><td style="white-space:nowrap">P19<a name="icpc-2-cs-P19"> </a></td><td>Drug abuse</td><td>Drug abuse</td></tr><tr><td style="white-space:nowrap">P18<a name="icpc-2-cs-P18"> </a></td><td>Medication abuse</td><td>Medication abuse</td></tr><tr><td style="white-space:nowrap">B99<a name="icpc-2-cs-B99"> </a></td><td>Blood/lymph/spleen disease other</td><td>Blood/lymph/spleen disease other</td></tr><tr><td style="white-space:nowrap">D97<a name="icpc-2-cs-D97"> </a></td><td>Liver disease NOS</td><td>Liver disease NOS</td></tr><tr><td style="white-space:nowrap">A13<a name="icpc-2-cs-A13"> </a></td><td>Concern/fear medical treatment</td><td>Concern/fear medical treatment</td></tr><tr><td style="white-space:nowrap">A78<a name="icpc-2-cs-A78"> </a></td><td>Infectious disease other/NOS </td><td>Infectious disease other/NOS </td></tr><tr><td style="white-space:nowrap">P03<a name="icpc-2-cs-P03"> </a></td><td>Feeling depressed</td><td>Feeling depressed</td></tr><tr><td style="white-space:nowrap">U72<a name="icpc-2-cs-U72"> </a></td><td>Urethritis</td><td>Urethritis</td></tr><tr><td style="white-space:nowrap">K86<a name="icpc-2-cs-K86"> </a></td><td>Hypertension uncomplicated</td><td>Hypertension uncomplicated</td></tr><tr><td style="white-space:nowrap">T89<a name="icpc-2-cs-T89"> </a></td><td>Diabetes insulin dependent</td><td>Diabetes insulin dependent</td></tr><tr><td style="white-space:nowrap">T90<a name="icpc-2-cs-T90"> </a></td><td>Diabetes non-insulin dependent</td><td>Diabetes non-insulin dependent</td></tr><tr><td style="white-space:nowrap">K22<a name="icpc-2-cs-K22"> </a></td><td>Risk factor cardiovascular disease</td><td>Risk factor cardiovascular disease</td></tr><tr><td style="white-space:nowrap">D93<a name="icpc-2-cs-D93"> </a></td><td>Irritable bowel syndrome</td><td>Irritable bowel syndrome</td></tr></table></div></text><url value="http://hl7.eu/fhir/ig/gravitate-health/CodeSystem/icpc-2-cs"/><version value="0.1.0"/><name value="ICPC2CS"/><title value="Example ICPC2 CS"/><status value="active"/><experimental value="true"/><date value="2024-03-14T09:41:47+00:00"/><publisher value="Gravitate Health Project"/><contact><name value="Gravitate Health Project"/><telecom><system value="url"/><value value="https://www.gravitatehealth.eu/"/></telecom></contact><contact><name value="Gravitate Health Project"/><telecom><system value="url"/><value value="https://www.gravitatehealth.eu/"/></telecom></contact><description value="Example ICPC2 CS"/><caseSensitive value="true"/><content value="complete"/><count value="21"/><concept><code value="B90"/><display value="HIV-infection/AIDS"/><definition value="HIV-infection/AIDS"/></concept><concept><code value="R80"/><display value="Influenza"/><definition value="Influenza"/></concept><concept><code value="R81"/><display value="Pneumonia"/><definition value="Pneumonia"/></concept><concept><code value="P74"/><display value="Anxiety disorder/anxiety state"/><definition value="Anxiety disorder/anxiety state"/></concept><concept><code value="W78"/><display value="Pregnancy"/><definition value="Pregnancy"/></concept><concept><code value="W27"/><display value="Fear of complications of pregnancy"/><definition value="Fear of complications of pregnancy"/></concept><concept><code value="D07"/><display value="Dyspepsia/indigestion"/><definition value="Dyspepsia/indigestion"/></concept><concept><code value="A84"/><display value="Poisoning by medical agent"/><definition value="Poisoning by medical agent"/></concept><concept><code value="P19"/><display value="Drug abuse"/><definition value="Drug abuse"/></concept><concept><code value="P18"/><display value="Medication abuse"/><definition value="Medication abuse"/></concept><concept><code value="B99"/><display value="Blood/lymph/spleen disease other"/><definition value="Blood/lymph/spleen disease other"/></concept><concept><code value="D97"/><display value="Liver disease NOS"/><definition value="Liver disease NOS"/></concept><concept><code value="A13"/><display value="Concern/fear medical treatment"/><definition value="Concern/fear medical treatment"/></concept><concept><code value="A78"/><display value="Infectious disease other/NOS "/><definition value="Infectious disease other/NOS "/></concept><concept><code value="P03"/><display value="Feeling depressed"/><definition value="Feeling depressed"/></concept><concept><code value="U72"/><display value="Urethritis"/><definition value="Urethritis"/></concept><concept><code value="K86"/><display value="Hypertension uncomplicated"/><definition value="Hypertension uncomplicated"/></concept><concept><code value="T89"/><display value="Diabetes insulin dependent"/><definition value="Diabetes insulin dependent"/></concept><concept><code value="T90"/><display value="Diabetes non-insulin dependent"/><definition value="Diabetes non-insulin dependent"/></concept><concept><code value="K22"/><display value="Risk factor cardiovascular disease"/><definition value="Risk factor cardiovascular disease"/></concept><concept><code value="D93"/><display value="Irritable bowel syndrome"/><definition value="Irritable bowel syndrome"/></concept></CodeSystem>