{"resourceType":"CodeSystem","id":"pd-category-cs","text":{"status":"generated","div":"<div xmlns=\"http://www.w3.org/1999/xhtml\"><p>This case-sensitive code system <code>http://hl7.eu/fhir/ig/gravitate-health/CodeSystem/pd-category-cs</code> defines the following codes:</p><table class=\"codes\"><tr><td style=\"white-space:nowrap\"><b>Code</b></td></tr></table></div>"},"url":"http://hl7.eu/fhir/ig/gravitate-health/CodeSystem/pd-category-cs","version":"0.1.0","name":"PDcategoryCS","title":"Persona Vector Dimensions categories","status":"active","experimental":true,"date":"2024-01-21T22:55:49+00:00","publisher":"Gravitate Health Project","contact":[{"name":"Gravitate Health Project","telecom":[{"system":"url","value":"https://www.gravitatehealth.eu/"}]},{"name":"Gravitate Health Project","telecom":[{"system":"url","value":"https://www.gravitatehealth.eu/"}]}],"description":"Persona Vector Dimensions categories","caseSensitive":true,"content":"complete"}