{"resourceType":"CodeSystem","id":"questi-dimens-cs","text":{"status":"generated","div":"<div xmlns=\"http://www.w3.org/1999/xhtml\"><p>This case-sensitive code system <code>http://hl7.eu/fhir/ig/gravitate-health/CodeSystem/questi-dimens-cs</code> defines the following codes:</p><table class=\"codes\"><tr><td style=\"white-space:nowrap\"><b>Code</b></td><td><b>Display</b></td><td><b>Definition</b></td></tr><tr><td style=\"white-space:nowrap\">None<a name=\"questi-dimens-cs-None\"> </a></td><td>None</td><td>None</td></tr><tr><td style=\"white-space:nowrap\">F<a name=\"questi-dimens-cs-F\"> </a></td><td>Female</td><td>Female</td></tr><tr><td style=\"white-space:nowrap\">M<a name=\"questi-dimens-cs-M\"> </a></td><td>Male</td><td>Male</td></tr><tr><td style=\"white-space:nowrap\">O<a name=\"questi-dimens-cs-O\"> </a></td><td>Other Gender</td><td>Other Gender</td></tr><tr><td style=\"white-space:nowrap\">ND<a name=\"questi-dimens-cs-ND\"> </a></td><td>Non-disclosed Gender</td><td>Non-disclosed Gender</td></tr><tr><td style=\"white-space:nowrap\">0<a name=\"questi-dimens-cs-0\"> </a></td><td>Non Smoker</td><td/></tr><tr><td style=\"white-space:nowrap\">1<a name=\"questi-dimens-cs-1\"> </a></td><td>1-5</td><td/></tr><tr><td style=\"white-space:nowrap\">2<a name=\"questi-dimens-cs-2\"> </a></td><td>6-20</td><td/></tr><tr><td style=\"white-space:nowrap\">3<a name=\"questi-dimens-cs-3\"> </a></td><td>&gt;20</td><td/></tr><tr><td style=\"white-space:nowrap\">SINGLE<a name=\"questi-dimens-cs-SINGLE\"> </a></td><td>single</td><td/></tr><tr><td style=\"white-space:nowrap\">SOME<a name=\"questi-dimens-cs-SOME\"> </a></td><td>Some</td><td/></tr><tr><td style=\"white-space:nowrap\">SOME23<a name=\"questi-dimens-cs-SOME23\"> </a></td><td>Some (2-3)</td><td/></tr><tr><td style=\"white-space:nowrap\">MANY<a name=\"questi-dimens-cs-MANY\"> </a></td><td>Many</td><td/></tr><tr><td style=\"white-space:nowrap\">Low<a name=\"questi-dimens-cs-Low\"> </a></td><td>Low</td><td>Low</td></tr><tr><td style=\"white-space:nowrap\">Medium<a name=\"questi-dimens-cs-Medium\"> </a></td><td>Medium</td><td>Medium</td></tr><tr><td style=\"white-space:nowrap\">High<a name=\"questi-dimens-cs-High\"> </a></td><td>High</td><td>High</td></tr><tr><td style=\"white-space:nowrap\">U<a name=\"questi-dimens-cs-U\"> </a></td><td>Unemployed/Retired</td><td/></tr><tr><td style=\"white-space:nowrap\">EM<a name=\"questi-dimens-cs-EM\"> </a></td><td>Employed Manual</td><td/></tr><tr><td style=\"white-space:nowrap\">ENM<a name=\"questi-dimens-cs-ENM\"> </a></td><td>Employed non Manual</td><td/></tr></table></div>"},"url":"http://hl7.eu/fhir/ig/gravitate-health/CodeSystem/questi-dimens-cs","version":"0.1.0","name":"QuestionnaireDimensionCS","title":"Questionnaire example Dimensions","status":"active","experimental":true,"date":"2024-01-21T22:55:49+00:00","publisher":"Gravitate Health Project","contact":[{"name":"Gravitate Health Project","telecom":[{"system":"url","value":"https://www.gravitatehealth.eu/"}]},{"name":"Gravitate Health Project","telecom":[{"system":"url","value":"https://www.gravitatehealth.eu/"}]}],"description":"Questionnaire example Dimensions","caseSensitive":true,"content":"complete","count":19,"concept":[{"code":"None","display":"None","definition":"None"},{"code":"F","display":"Female","definition":"Female"},{"code":"M","display":"Male","definition":"Male"},{"code":"O","display":"Other Gender","definition":"Other Gender"},{"code":"ND","display":"Non-disclosed Gender","definition":"Non-disclosed Gender"},{"code":"0","display":"Non Smoker"},{"code":"1","display":"1-5"},{"code":"2","display":"6-20"},{"code":"3","display":">20"},{"code":"SINGLE","display":"single"},{"code":"SOME","display":"Some"},{"code":"SOME23","display":"Some (2-3)"},{"code":"MANY","display":"Many"},{"code":"Low","display":"Low","definition":"Low"},{"code":"Medium","display":"Medium","definition":"Medium"},{"code":"High","display":"High","definition":"High"},{"code":"U","display":"Unemployed/Retired"},{"code":"EM","display":"Employed Manual"},{"code":"ENM","display":"Employed non Manual"}]}